m_phi,mA,alpha,beta,lambda6,lambda7,m12,positivty,unitarity,perturbativity,w_h2_bb,w_h2_tautau,w_h2_WW,w_h2_ZZ,w_h2_gaga,w_h2_Zga,w_h2_gg,w_h2_hh,w_total_h2,branching_ratio_h2_gaga
125.0,300.0,0.001,1.55,-20.0,-20.0,0.0,0,0,0,0.0,0.0,,,1.523570619513608,0.1457274512094689,0.0,0.0,1.669298521907357,0.9127011133831003
125.0,300.0,0.001,1.55,-20.0,-20.0,10.0,0,0,0,0.0,0.0,,,1.523620951696946,0.1457322650161076,0.0,0.0,1.669353667897334,0.9127011136088689
125.0,300.0,0.001,1.55,-20.0,-20.0,20.0,0,0,0,0.0,0.0,,,1.523671284707764,0.1457370789008217,0.0,0.0,1.669408814792865,0.9127011138352088
125.0,300.0,0.001,1.55,-20.0,0.0,0.0,1,0,0,0.0,0.0,,,1.244536153825292e-06,9.821308407170987e-08,0.0,0.0,1.793933517617285e-06,0.6937470879513384
125.0,300.0,0.001,1.55,-20.0,0.0,10.0,1,0,0,0.0,0.0,,,1.19946197300299e-06,9.430100029967457e-08,0.0,0.0,1.744947253022964e-06,0.6873915362914436
125.0,300.0,0.001,1.55,-20.0,0.0,20.0,1,0,0,0.0,0.0,,,1.155219157207365e-06,9.046842229347395e-08,0.0,0.0,1.696871859220316e-06,0.6807933969381571
125.0,300.0,0.001,1.55,-20.0,20.0,0.0,0,0,0,0.0,0.0,,,1.529083611773649,0.1462063808717485,0.0,0.0,1.675290443829678,0.9127274720663943
125.0,300.0,0.001,1.55,-20.0,20.0,10.0,0,0,0,0.0,0.0,,,1.529033189443385,0.1462015592415448,0.0,0.0,1.67523519986921,0.9127274722753922
125.0,300.0,0.001,1.55,-20.0,20.0,20.0,0,0,0,0.0,0.0,,,1.528982767945083,0.1461967376909433,0.0,0.0,1.675179956820306,0.9127274724843755
125.0,300.0,0.001,1.55,0.0,-20.0,0.0,0,0,0,0.0,0.0,,,1.524890326257236,0.1458536689080012,0.0,0.0,1.670744446349517,0.9127011193058495
125.0,300.0,0.001,1.55,0.0,-20.0,10.0,0,0,0,0.0,0.0,,,1.524940680231387,0.145858484797672,0.0,0.0,1.670799616213339,0.9127011195319024
125.0,300.0,0.001,1.55,0.0,-20.0,20.0,0,0,0,0.0,0.0,,,1.524991035037456,0.1458633007671786,0.0,0.0,1.670854786988914,0.9127011197577961
125.0,300.0,0.001,1.55,0.0,0.0,0.0,1,0,0,0.0,0.0,,,3.376996258102382e-07,2.193588045759112e-08,0.0,0.0,8.108197859872678e-07,0.4164915948604405
125.0,300.0,0.001,1.55,0.0,0.0,10.0,1,0,0,0.0,0.0,,,3.144192471094202e-07,2.010799902024567e-08,0.0,0.0,7.857115258491252e-07,0.4001713564906976
125.0,300.0,0.001,1.55,0.0,0.0,20.0,1,0,0,0.0,0.0,,,2.919702334356021e-07,1.835962334882708e-08,0.0,0.0,7.615141365039034e-07,0.3834075028154196
125.0,300.0,0.001,1.55,0.0,20.0,0.0,0,0,0,0.0,0.0,,,1.527762091358186,0.1460800106193047,0.0,0.0,1.67384255316177,0.9127274775470078
125.0,300.0,0.001,1.55,0.0,20.0,10.0,0,0,0,0.0,0.0,,,1.527711690822001,0.1460751910733732,0.0,0.0,1.673787333079654,0.9127274777561593
125.0,300.0,0.001,1.55,0.0,20.0,20.0,0,0,0,0.0,0.0,,,1.527661291117361,0.1460703716069977,0.0,0.0,1.673732113908638,0.9127274779652995
125.0,300.0,0.001,1.55,20.0,-20.0,0.0,0,0,0,0.0,0.0,,,1.526210604311495,0.14597994124182,0.0,0.0,1.672190996737595,0.9127011252237909
125.0,300.0,0.001,1.55,20.0,-20.0,10.0,0,0,0,0.0,0.0,,,1.52626098008,0.1459847592159811,0.0,0.0,1.672246190480261,0.9127011254495162
125.0,300.0,0.001,1.55,20.0,-20.0,20.0,0,0,0,0.0,0.0,,,1.526311356681379,0.1459895772701285,0.0,0.0,1.672301385135787,0.9127011256750504
125.0,300.0,0.001,1.55,20.0,0.0,0.0,0,0,0,0.0,0.0,,,2.176294130086271e-09,2.949578831663416e-10,0.0,0.0,4.536555317326883e-07,0.004797239266044329
125.0,300.0,0.001,1.55,20.0,0.0,10.0,0,0,0,0.0,0.0,,,6.897175506938683e-10,5.512787804820763e-10,0.0,0.0,4.524252760506323e-07,0.001524489428872404
125.0,300.0,0.001,1.55,20.0,0.0,20.0,0,0,0,0.0,0.0,,,3.45059983233614e-11,8.87105443731331e-10,0.0,0.0,4.521058911610716e-07,7.632282391796562e-05
125.0,300.0,0.001,1.55,20.0,20.0,0.0,0,0,0,0.0,0.0,,,1.526441142256332,0.145953695003328,0.0,0.0,1.67239528844394,0.9127274830321909
125.0,300.0,0.001,1.55,20.0,20.0,10.0,0,0,0,0.0,0.0,,,1.526390763513535,0.1459488775415071,0.0,0.0,1.672340092239322,0.9127274832415484
125.0,300.0,0.001,1.55,20.0,20.0,20.0,0,0,0,0.0,0.0,,,1.526340385602974,0.1459440601592572,0.0,0.0,1.672284896946511,0.9127274834509224
125.0,300.0,0.001,1.57,-20.0,-20.0,0.0,0,0,0,0.0,0.0,,,710051.7707716615,67904.2409180116,0.0,0.0,777956.0116896762,0.9127145495404932
125.0,300.0,0.001,1.57,-20.0,-20.0,10.0,0,0,0,0.0,0.0,,,710075.1959371071,67906.48109612863,0.0,0.0,777981.6770332387,0.9127145495828556
125.0,300.0,0.001,1.57,-20.0,-20.0,20.0,0,0,0,0.0,0.0,,,710098.62179982,67908.72142583194,0.0,0.0,778007.3432256549,0.9127145495256096
125.0,300.0,0.001,1.57,-20.0,0.0,0.0,1,0,0,0.0,0.0,,,0.0003176435220433502,3.034843608689261e-05,0.0,0.0,0.0003479950231010624,0.9127817955922383
125.0,300.0,0.001,1.57,-20.0,0.0,10.0,1,0,0,0.0,0.0,,,1.538853441892909e-05,1.465336152392563e-06,0.0,0.0,1.685693554213785e-05,0.9128903874883927
125.0,300.0,0.001,1.57,-20.0,0.0,20.0,0,0,0,0.0,0.0,,,9.953877401001584e-05,9.535250349013604e-06,0.0,0.0,0.00010907708932985,0.9125543651885482
125.0,300.0,0.001,1.57,-20.0,20.0,0.0,1,0,0,0.0,0.0,,,710111.8442969193,67909.98316177014,0.0,0.0,778021.8274586925,0.9127145527734198
125.0,300.0,0.001,1.57,-20.0,20.0,10.0,1,0,0,0.0,0.0,,,710088.4184216836,67907.74288613163,0.0,0.0,777996.1613078183,0.9127145527659402
125.0,300.0,0.001,1.57,-20.0,20.0,20.0,1,0,0,0.0,0.0,,,710064.9929250969,67905.5026450052,0.0,0.0,777970.4955701052,0.9127145527604534
125.0,300.0,0.001,1.57,0.0,-20.0,0.0,0,0,0,0.0,0.0,,,710052.6711848002,67904.32698623186,0.0,0.0,777956.9981710351,0.9127145495883746
125.0,300.0,0.001,1.57,0.0,-20.0,10.0,0,0,0,0.0,0.0,,,710076.0963555528,67906.56716321385,0.0,0.0,777982.6635187697,0.9127145496326622
125.0,300.0,0.001,1.57,0.0,-20.0,20.0,0,0,0,0.0,0.0,,,710099.5222253179,67908.80749194257,0.0,0.0,778008.3297172635,0.9127145495773492
125.0,300.0,0.001,1.57,0.0,0.0,0.0,1,0,0,0.0,0.0,,,0.0002988816083330002,2.855504251936127e-05,0.0,0.0,0.0003274397158231772,0.912783617532826
125.0,300.0,0.001,1.57,0.0,0.0,10.0,1,0,0,0.0,0.0,,,1.148165063283061e-05,1.092570720074599e-06,0.0,0.0,1.257728632371752e-05,0.9128877515636402
125.0,300.0,0.001,1.57,0.0,0.0,20.0,0,0,0,0.0,0.0,,,0.0001104869200626854,1.058311302037723e-05,0.0,0.0,0.0001210730980538793,0.9125637473447412
125.0,300.0,0.001,1.57,0.0,20.0,0.0,1,0,0,0.0,0.0,,,710110.9437021953,67909.89703538237,0.0,0.0,778020.8407375807,0.9127145527734125
125.0,300.0,0.001,1.57,0.0,20.0,10.0,1,0,0,0.0,0.0,,,710087.5178322492,67907.65675857793,0.0,0.0,777995.1745908301,0.912714552767894
125.0,300.0,0.001,1.57,0.0,20.0,20.0,1,0,0,0.0,0.0,,,710064.092350496,67905.41651888787,0.0,0.0,777969.5088693869,0.9127145527623866
125.0,300.0,0.001,1.57,20.0,-20.0,0.0,0,0,0,0.0,0.0,,,710053.571589369,67904.41305207013,0.0,0.0,777957.9846414421,0.9127145496380887
125.0,300.0,0.001,1.57,20.0,-20.0,10.0,0,0,0,0.0,0.0,,,710076.9969299885,67906.65328767027,0.0,0.0,777983.6502176618,0.9127145496326632
125.0,300.0,0.001,1.57,20.0,-20.0,20.0,0,0,0,0.0,0.0,,,710100.422661026,67908.89355136178,0.0,0.0,778009.3162123908,0.9127145496380841
125.0,300.0,0.001,1.57,20.0,0.0,0.0,1,0,0,0.0,0.0,,,0.0002806907839860964,2.681626382935301e-05,0.0,0.0,0.0003075101127862612,0.9127855388001306
125.0,300.0,0.001,1.57,20.0,0.0,10.0,1,0,0,0.0,0.0,,,8.145856205345392e-06,7.744201634857467e-07,0.0,0.0,8.923341339643451e-06,0.912870627189397
125.0,300.0,0.001,1.57,20.0,0.0,20.0,0,0,0,0.0,0.0,,,0.0001220061554658226,1.168559056447742e-05,0.0,0.0,0.0001336948110011128,0.9125721077148393
125.0,300.0,0.001,1.57,20.0,20.0,0.0,1,0,0,0.0,0.0,,,710110.0431062328,67909.81090886897,0.0,0.0,778019.8540151047,0.9127145527734135
125.0,300.0,0.001,1.57,20.0,20.0,10.0,1,0,0,0.0,0.0,,,710086.6172588974,67907.5706358915,0.0,0.0,777994.187894792,0.9127145527659422
125.0,300.0,0.001,1.57,20.0,20.0,20.0,1,0,0,0.0,0.0,,,710063.1917920206,67905.3303976062,0.0,0.0,777968.5221896298,0.9127145527604555
125.0,300.0,0.001,1.59,-20.0,-20.0,0.0,0,0,0,,,,,,,,,,
125.0,300.0,0.001,1.59,-20.0,-20.0,10.0,0,0,0,,,,,,,,,,
125.0,300.0,0.001,1.59,-20.0,-20.0,20.0,0,0,0,,,,,,,,,,
125.0,300.0,0.001,1.59,-20.0,0.0,0.0,0,0,0,,,,,,,,,,
125.0,300.0,0.001,1.59,-20.0,0.0,10.0,0,0,0,,,,,,,,,,
125.0,300.0,0.001,1.59,-20.0,0.0,20.0,0,0,0,,,,,,,,,,
125.0,300.0,0.001,1.59,-20.0,20.0,0.0,0,0,0,,,,,,,,,,
125.0,300.0,0.001,1.59,-20.0,20.0,10.0,0,0,0,,,,,,,,,,
125.0,300.0,0.001,1.59,-20.0,20.0,20.0,0,0,0,,,,,,,,,,
125.0,300.0,0.001,1.59,0.0,-20.0,0.0,0,0,0,,,,,,,,,,
125.0,300.0,0.001,1.59,0.0,-20.0,10.0,0,0,0,,,,,,,,,,
125.0,300.0,0.001,1.59,0.0,-20.0,20.0,0,0,0,,,,,,,,,,
125.0,300.0,0.001,1.59,0.0,0.0,0.0,0,0,0,,,,,,,,,,
125.0,300.0,0.001,1.59,0.0,0.0,10.0,0,0,0,,,,,,,,,,
125.0,300.0,0.001,1.59,0.0,0.0,20.0,0,0,0,,,,,,,,,,
125.0,300.0,0.001,1.59,0.0,20.0,0.0,0,0,0,,,,,,,,,,
125.0,300.0,0.001,1.59,0.0,20.0,10.0,0,0,0,,,,,,,,,,
125.0,300.0,0.001,1.59,0.0,20.0,20.0,0,0,0,,,,,,,,,,
125.0,300.0,0.001,1.59,20.0,-20.0,0.0,0,0,0,,,,,,,,,,
125.0,300.0,0.001,1.59,20.0,-20.0,10.0,0,0,0,,,,,,,,,,
125.0,300.0,0.001,1.59,20.0,-20.0,20.0,0,0,0,,,,,,,,,,
125.0,300.0,0.001,1.59,20.0,0.0,0.0,0,0,0,,,,,,,,,,
125.0,300.0,0.001,1.59,20.0,0.0,10.0,0,0,0,,,,,,,,,,
125.0,300.0,0.001,1.59,20.0,0.0,20.0,0,0,0,,,,,,,,,,
125.0,300.0,0.001,1.59,20.0,20.0,0.0,0,0,0,,,,,,,,,,
125.0,300.0,0.001,1.59,20.0,20.0,10.0,0,0,0,,,,,,,,,,
125.0,300.0,0.001,1.59,20.0,20.0,20.0,0,0,0,,,,,,,,,,
125.0,300.0,0.0055000000000000005,1.55,-20.0,-20.0,0.0,0,0,0,0.0,0.0,,,1.523281948704648,0.145704822190263,0.0,0.0,1.66898742756341,0.9126982765403564
125.0,300.0,0.0055000000000000005,1.55,-20.0,-20.0,10.0,0,0,0,0.0,0.0,,,1.523332280093826,0.1457096360032227,0.0,0.0,1.669042572765548,0.9126982768149016
125.0,300.0,0.0055000000000000005,1.55,-20.0,-20.0,20.0,0,0,0,0.0,0.0,,,1.52338261231075,0.1457144498942638,0.0,0.0,1.669097718873513,0.9126982770900269
125.0,300.0,0.0055000000000000005,1.55,-20.0,0.0,0.0,1,0,0,0.0,0.0,,,1.207412227521143e-06,9.101228205506535e-08,0.0,0.0,1.955093009298521e-06,0.6175727813350208
125.0,300.0,0.0055000000000000005,1.55,-20.0,0.0,10.0,1,0,0,0.0,0.0,,,1.163018181106855e-06,8.724753228901641e-08,0.0,0.0,1.906934213118215e-06,0.6098889899327412
125.0,300.0,0.0055000000000000005,1.55,-20.0,0.0,20.0,1,0,0,0.0,0.0,,,1.119455631030061e-06,8.356230084644734e-08,0.0,0.0,1.859686431597652e-06,0.6019593475596524
125.0,300.0,0.0055000000000000005,1.55,-20.0,20.0,0.0,0,0,0,0.0,0.0,,,1.528711505812997,0.1461658106566715,0.0,0.0,1.674877973138168,0.9127300796419792
125.0,300.0,0.0055000000000000005,1.55,-20.0,20.0,10.0,0,0,0,0.0,0.0,,,1.528661085637025,0.1461609893148128,0.0,0.0,1.674822731620338,0.9127300798921532
125.0,300.0,0.0055000000000000005,1.55,-20.0,20.0,20.0,0,0,0,0.0,0.0,,,1.528610666293146,0.1461561680525251,0.0,0.0,1.674767491014171,0.9127300801423377
125.0,300.0,0.0055000000000000005,1.55,0.0,-20.0,0.0,0,0,0,0.0,0.0,,,1.524601387606083,0.1458310164291275,0.0,0.0,1.670433060703711,0.9126982837395519
125.0,300.0,0.0055000000000000005,1.55,0.0,-20.0,10.0,0,0,0,0.0,0.0,,,1.524651740785618,0.1458358323251419,0.0,0.0,1.670488229779259,0.9126982840143012
125.0,300.0,0.0055000000000000005,1.55,0.0,-20.0,20.0,0,0,0,0.0,0.0,,,1.524702094797109,0.1458406483008574,0.0,0.0,1.670543399766467,0.9126982842889655
125.0,300.0,0.0055000000000000005,1.55,0.0,0.0,0.0,1,0,0,0.0,0.0,,,3.185613945268308e-07,1.860995356024857e-08,0.0,0.0,9.938398478081655e-07,0.3205359447293168
125.0,300.0,0.0055000000000000005,1.55,0.0,0.0,10.0,1,0,0,0.0,0.0,,,2.959605124955783e-07,1.692934514019202e-08,0.0,0.0,9.69558357356889e-07,0.3052529125759852
125.0,300.0,0.0055000000000000005,1.55,0.0,0.0,20.0,1,0,0,0.0,0.0,,,2.74191126802014e-07,1.532825504366117e-08,0.0,0.0,9.461878815668151e-07,0.2897850756109605
125.0,300.0,0.0055000000000000005,1.55,0.0,20.0,0.0,0,0,0,0.0,0.0,,,1.527390289211071,0.146039471613677,0.0,0.0,1.673430417493248,0.9127300862016474
125.0,300.0,0.0055000000000000005,1.55,0.0,20.0,10.0,0,0,0,0.0,0.0,,,1.52733989082854,0.146034652356015,0.0,0.0,1.673375199853055,0.912730086452017
125.0,300.0,0.0055000000000000005,1.55,0.0,20.0,20.0,0,0,0,0.0,0.0,,,1.527289493277549,0.1460298331778107,0.0,0.0,1.67331998312386,0.91273008670243
125.0,300.0,0.0055000000000000005,1.55,20.0,-20.0,0.0,0,0,0,0.0,0.0,,,1.525921397694634,0.1459572652914752,0.0,0.0,1.671879319654609,0.9126982909327881
125.0,300.0,0.0055000000000000005,1.55,20.0,-20.0,10.0,0,0,0,0.0,0.0,,,1.525971772667839,0.1459620832718657,0.0,0.0,1.671934512608205,0.9126982912071928
125.0,300.0,0.0055000000000000005,1.55,20.0,-20.0,20.0,0,0,0,0.0,0.0,,,1.526022148473957,0.1459669013322575,0.0,0.0,1.671989706474715,0.9126982914813987
125.0,300.0,0.0055000000000000005,1.55,20.0,0.0,0.0,0,0,0,0.0,0.0,,,9.001053509752948e-10,8.32080868660893e-10,0.0,0.0,6.584006859407225e-07,0.001367108768559718
125.0,300.0,0.0055000000000000005,1.55,20.0,0.0,10.0,0,0,0,0.0,0.0,,,9.238770266259779e-11,1.235613794544241e-09,0.0,0.0,6.579965012183219e-07,0.0001404075895411847
125.0,300.0,0.0055000000000000005,1.55,20.0,0.0,20.0,0,0,0,0.0,0.0,,,1.161663920591352e-10,1.718665043969323e-09,0.0,0.0,6.585033311571134e-07,0.00017640972575645
125.0,300.0,0.0055000000000000005,1.55,20.0,20.0,0.0,0,0,0,0.0,0.0,,,1.526069643798793,0.1459131871952092,0.0,0.0,1.671983487662502,0.9127300927668237
125.0,300.0,0.0055000000000000005,1.55,20.0,20.0,10.0,0,0,0,0.0,0.0,,,1.526019267209231,0.1459083700215759,0.0,0.0,1.671928293899307,0.9127300930174561
125.0,300.0,0.0055000000000000005,1.55,20.0,20.0,20.0,0,0,0,0.0,0.0,,,1.525968891451863,0.1459035529275937,0.0,0.0,1.671873101047956,0.9127300932680606
125.0,300.0,0.0055000000000000005,1.57,-20.0,-20.0,0.0,0,0,0,0.0,0.0,,,710025.9410315753,67901.77410556233,0.0,0.0,777927.7151371754,0.9127145456006454
125.0,300.0,0.0055000000000000005,1.57,-20.0,-20.0,10.0,0,0,0,0.0,0.0,,,710049.365512301,67904.01421823431,0.0,0.0,777953.379730573,0.9127145456430961
125.0,300.0,0.0055000000000000005,1.57,-20.0,-20.0,20.0,0,0,0,0.0,0.0,,,710072.790690253,67906.25448250414,0.0,0.0,777979.0451727948,0.912714545585917
125.0,300.0,0.0055000000000000005,1.57,-20.0,0.0,0.0,1,0,0,0.0,0.0,,,0.0003170391062000054,3.021888434926734e-05,0.0,0.0,0.0003472956457439524,0.9128795885732068
125.0,300.0,0.0055000000000000005,1.57,-20.0,0.0,10.0,1,0,0,0.0,0.0,,,1.525692324377878e-05,1.437090922720103e-06,0.0,0.0,1.673166936113646e-05,0.9118589971193699
125.0,300.0,0.0055000000000000005,1.57,-20.0,0.0,20.0,0,0,0,0.0,0.0,,,9.987143447176615e-05,9.607495566478383e-06,0.0,0.0,0.0001095165852329358,0.9119297708136629
125.0,300.0,0.0055000000000000005,1.57,-20.0,20.0,0.0,1,0,0,0.0,0.0,,,710085.9562827669,67907.50397560044,0.0,0.0,777993.4602584051,0.9127145568124915
125.0,300.0,0.0055000000000000005,1.57,-20.0,20.0,10.0,1,0,0,0.0,0.0,,,710062.5310927773,67905.26376539387,0.0,0.0,777967.7948582089,0.9127145568052623
125.0,300.0,0.0055000000000000005,1.57,-20.0,20.0,20.0,1,0,0,0.0,0.0,,,710039.1062818514,67903.023589959,0.0,0.0,777942.1298718482,0.912714556799768
125.0,300.0,0.0055000000000000005,1.57,0.0,-20.0,0.0,0,0,0,0.0,0.0,,,710026.8414123439,67901.86017075833,0.0,0.0,777928.70158314,0.9127145456484496
125.0,300.0,0.0055000000000000005,1.57,0.0,-20.0,10.0,0,0,0,0.0,0.0,,,710050.2660776722,67904.10033722752,0.0,0.0,777954.3664149374,0.9127145456484947
125.0,300.0,0.0055000000000000005,1.57,0.0,-20.0,20.0,0,0,0,0.0,0.0,,,710073.6910829988,67906.34054549398,0.0,0.0,777980.0316285305,0.91271454563765
125.0,300.0,0.0055000000000000005,1.57,0.0,0.0,0.0,1,0,0,0.0,0.0,,,0.0002982956590806831,2.84294131397711e-05,0.0,0.0,0.0003267627274150859,0.9128815316251135
125.0,300.0,0.0055000000000000005,1.57,0.0,0.0,10.0,1,0,0,0.0,0.0,,,1.136807154233295e-05,1.068206294975552e-06,0.0,0.0,1.247393303194021e-05,0.9113462059820561
125.0,300.0,0.0055000000000000005,1.57,0.0,0.0,20.0,0,0,0,0.0,0.0,,,0.000110837178097067,1.065919748727244e-05,0.0,0.0,0.0001215340307789829,0.9119847123200516
125.0,300.0,0.0055000000000000005,1.57,0.0,20.0,0.0,1,0,0,0.0,0.0,,,710085.0557208359,67907.41785233482,0.0,0.0,777992.4735732084,0.9127145568125056
125.0,300.0,0.0055000000000000005,1.57,0.0,20.0,10.0,1,0,0,0.0,0.0,,,710061.6305361786,67905.17764104223,0.0,0.0,777966.8081772586,0.9127145568071486
125.0,300.0,0.0055000000000000005,1.57,0.0,20.0,20.0,1,0,0,0.0,0.0,,,710038.2057400858,67902.937466988,0.0,0.0,777941.1432071115,0.912714556801699
125.0,300.0,0.0055000000000000005,1.57,20.0,-20.0,0.0,0,0,0,0.0,0.0,,,710027.7419855124,67901.94629513178,0.0,0.0,777929.688280682,0.9127145456484107
125.0,300.0,0.0055000000000000005,1.57,20.0,-20.0,10.0,0,0,0,0.0,0.0,,,710051.1666193303,67904.1864585514,0.0,0.0,777955.3530779195,0.9127145456484983
125.0,300.0,0.0055000000000000005,1.57,20.0,-20.0,20.0,0,0,0,0.0,0.0,,,710074.5916876999,67906.42666354039,0.0,0.0,777981.018351278,0.9127145456485718
125.0,300.0,0.0055000000000000005,1.57,20.0,0.0,0.0,1,0,0,0.0,0.0,,,0.0002801232806071355,2.66945548431362e-05,0.0,0.0,0.0003068554906449034,0.9128833902186788
125.0,300.0,0.0055000000000000005,1.57,20.0,0.0,10.0,1,0,0,0.0,0.0,,,8.050288398585292e-06,7.539345529022554e-07,0.0,0.0,8.841878146119249e-06,0.9104726694428164
125.0,300.0,0.0055000000000000005,1.57,20.0,0.0,20.0,0,0,0,0.0,0.0,,,0.0001223739903018629,1.176551229993911e-05,0.0,0.0,0.0001341771577964338,0.9120329593470899
125.0,300.0,0.0055000000000000005,1.57,20.0,20.0,0.0,1,0,0,0.0,0.0,,,710084.155157688,67907.33172896181,0.0,0.0,777991.4868866875,0.9127145568125091
125.0,300.0,0.0055000000000000005,1.57,20.0,20.0,10.0,1,0,0,0.0,0.0,,,710060.7299956195,67905.0915214344,0.0,0.0,777965.8215170916,0.9127145568052694
125.0,300.0,0.0055000000000000005,1.57,20.0,20.0,20.0,1,0,0,0.0,0.0,,,710037.3052144027,67902.85134884068,0.0,0.0,777940.1565632811,0.9127145567997751
125.0,300.0,0.0055000000000000005,1.59,-20.0,-20.0,0.0,0,0,0,,,,,,,,,,
125.0,300.0,0.0055000000000000005,1.59,-20.0,-20.0,10.0,0,0,0,,,,,,,,,,
125.0,300.0,0.0055000000000000005,1.59,-20.0,-20.0,20.0,0,0,0,,,,,,,,,,
125.0,300.0,0.0055000000000000005,1.59,-20.0,0.0,0.0,0,0,0,,,,,,,,,,
125.0,300.0,0.0055000000000000005,1.59,-20.0,0.0,10.0,0,0,0,,,,,,,,,,
125.0,300.0,0.0055000000000000005,1.59,-20.0,0.0,20.0,0,0,0,,,,,,,,,,
125.0,300.0,0.0055000000000000005,1.59,-20.0,20.0,0.0,0,0,0,,,,,,,,,,
125.0,300.0,0.0055000000000000005,1.59,-20.0,20.0,10.0,0,0,0,,,,,,,,,,
125.0,300.0,0.0055000000000000005,1.59,-20.0,20.0,20.0,0,0,0,,,,,,,,,,
125.0,300.0,0.0055000000000000005,1.59,0.0,-20.0,0.0,0,0,0,,,,,,,,,,
125.0,300.0,0.0055000000000000005,1.59,0.0,-20.0,10.0,0,0,0,,,,,,,,,,
125.0,300.0,0.0055000000000000005,1.59,0.0,-20.0,20.0,0,0,0,,,,,,,,,,
125.0,300.0,0.0055000000000000005,1.59,0.0,0.0,0.0,0,0,0,,,,,,,,,,
125.0,300.0,0.0055000000000000005,1.59,0.0,0.0,10.0,0,0,0,,,,,,,,,,
125.0,300.0,0.0055000000000000005,1.59,0.0,0.0,20.0,0,0,0,,,,,,,,,,
125.0,300.0,0.0055000000000000005,1.59,0.0,20.0,0.0,0,0,0,,,,,,,,,,
125.0,300.0,0.0055000000000000005,1.59,0.0,20.0,10.0,0,0,0,,,,,,,,,,
125.0,300.0,0.0055000000000000005,1.59,0.0,20.0,20.0,0,0,0,,,,,,,,,,
125.0,300.0,0.0055000000000000005,1.59,20.0,-20.0,0.0,0,0,0,,,,,,,,,,
125.0,300.0,0.0055000000000000005,1.59,20.0,-20.0,10.0,0,0,0,,,,,,,,,,
125.0,300.0,0.0055000000000000005,1.59,20.0,-20.0,20.0,0,0,0,,,,,,,,,,
125.0,300.0,0.0055000000000000005,1.59,20.0,0.0,0.0,0,0,0,,,,,,,,,,
125.0,300.0,0.0055000000000000005,1.59,20.0,0.0,10.0,0,0,0,,,,,,,,,,
125.0,300.0,0.0055000000000000005,1.59,20.0,0.0,20.0,0,0,0,,,,,,,,,,
125.0,300.0,0.0055000000000000005,1.59,20.0,20.0,0.0,0,0,0,,,,,,,,,,
125.0,300.0,0.0055000000000000005,1.59,20.0,20.0,10.0,0,0,0,,,,,,,,,,
125.0,300.0,0.0055000000000000005,1.59,20.0,20.0,20.0,0,0,0,,,,,,,,,,
125.0,300.0,0.01,1.55,-20.0,-20.0,0.0,0,0,0,0.0,0.0,,,1.52293161890096,0.1456762944108898,0.0,0.0,1.668608813880141,0.9126954180228575
125.0,300.0,0.01,1.55,-20.0,-20.0,10.0,0,0,0,0.0,0.0,,,1.522981947457116,0.1456811080352243,0.0,0.0,1.668663956060632,0.9126954183468787
125.0,300.0,0.01,1.55,-20.0,-20.0,20.0,0,0,0,0.0,0.0,,,1.52303227684098,0.1456859217376564,0.0,0.0,1.668719099146928,0.9126954186714678
125.0,300.0,0.01,1.55,-20.0,0.0,0.0,1,0,0,0.0,0.0,,,1.170802257744371e-06,8.408205647860385e-08,0.0,0.0,2.155452605767667e-06,0.5431816290515876
125.0,300.0,0.01,1.55,-20.0,0.0,10.0,1,0,0,0.0,0.0,,,1.127090237875953e-06,8.046481352223448e-08,0.0,0.0,2.108123342942909e-06,0.5346415055119838
125.0,300.0,0.01,1.55,-20.0,0.0,20.0,1,0,0,0.0,0.0,,,1.084209811988232e-06,7.692709822724446e-08,0.0,0.0,2.06170520175932e-06,0.5258801360461431
125.0,300.0,0.01,1.55,-20.0,20.0,0.0,0,0,0,0.0,0.0,,,1.528277540584164,0.1461193272473796,0.0,0.0,1.674397768399835,0.9127326668887564
125.0,300.0,0.01,1.55,-20.0,20.0,10.0,0,0,0,0.0,0.0,,,1.52822712460568,0.146114506389183,0.0,0.0,1.674342531563154,0.9127326671794795
125.0,300.0,0.01,1.55,-20.0,20.0,20.0,0,0,0,0.0,0.0,,,1.528176709458881,0.1461096856105792,0.0,0.0,1.674287295637751,0.9127326674701812
125.0,300.0,0.01,1.55,0.0,-20.0,0.0,0,0,0,0.0,0.0,,,1.524250736554261,0.1458024600812297,0.0,0.0,1.670054097203782,0.9126954265172345
125.0,300.0,0.01,1.55,0.0,-20.0,10.0,0,0,0,0.0,0.0,,,1.524301086901038,0.1458072757890976,0.0,0.0,1.670109263258427,0.9126954268411676
125.0,300.0,0.01,1.55,0.0,-20.0,20.0,0,0,0,0.0,0.0,,,1.524351438077995,0.1458120915761156,0.0,0.0,1.670164430222402,0.912695427165222
125.0,300.0,0.01,1.55,0.0,0.0,0.0,1,0,0,0.0,0.0,,,2.999688815018421e-07,1.555661989505367e-08,0.0,0.0,1.216093792940741e-06,0.2466659095236903
125.0,300.0,0.01,1.55,0.0,0.0,10.0,1,0,0,0.0,0.0,,,2.780485053054918e-07,1.402337285480091e-08,0.0,0.0,1.192640169704136e-06,0.2331369614814069
125.0,300.0,0.01,1.55,0.0,0.0,20.0,1,0,0,0.0,0.0,,,2.569597230900654e-07,1.256965347599417e-08,0.0,0.0,1.170097668109903e-06,0.2196053629481553
125.0,300.0,0.01,1.55,0.0,20.0,0.0,0,0,0,0.0,0.0,,,1.526956681263503,0.1459930245260282,0.0,0.0,1.672950606357823,0.9127326745096421
125.0,300.0,0.01,1.55,0.0,20.0,10.0,0,0,0,0.0,0.0,,,1.526906287076571,0.1459882057518302,0.0,0.0,1.672895393396693,0.9127326748006034
125.0,300.0,0.01,1.55,0.0,20.0,20.0,0,0,0,0.0,0.0,,,1.526855893721461,0.1459833870572105,0.0,0.0,1.672840181346963,0.9127326750915583
125.0,300.0,0.01,1.55,20.0,-20.0,0.0,0,0,0,0.0,0.0,,,1.525570425251704,0.1459286803624096,0.0,0.0,1.671500006182405,0.9126954350039193
125.0,300.0,0.01,1.55,20.0,-20.0,10.0,0,0,0,0.0,0.0,,,1.525620797388709,0.1459334981538539,0.0,0.0,1.671555196110854,0.9126954353277202
125.0,300.0,0.01,1.55,20.0,-20.0,20.0,0,0,0,0.0,0.0,,,1.525671170358817,0.1459383160253062,0.0,0.0,1.671610386952415,0.9126954356513267
125.0,300.0,0.01,1.55,20.0,0.0,0.0,0,0,0,0.0,0.0,,,1.782795445433117e-10,1.64160313316414e-09,0.0,0.0,9.023881742215522e-07,0.0001975641410605864
125.0,300.0,0.01,1.55,20.0,0.0,10.0,0,0,0,0.0,0.0,,,4.954702034875812e-11,2.192352009034525e-09,0.0,0.0,9.02810190573228e-07,5.488088289887252e-05
125.0,300.0,0.01,1.55,20.0,0.0,20.0,0,0,0,0.0,0.0,,,7.524084770571034e-10,2.822628546338901e-09,0.0,0.0,9.041433285672393e-07,0.0008321783209410125
125.0,300.0,0.01,1.55,20.0,20.0,0.0,0,0,0,0.0,0.0,,,1.5256363929858,0.1458667764151476,0.0,0.0,1.671504069969239,0.912732682136919
125.0,300.0,0.01,1.55,20.0,20.0,10.0,0,0,0,0.0,0.0,,,1.525586020590464,0.1458619597248892,0.0,0.0,1.671448880883645,0.9127326824281534
125.0,300.0,0.01,1.55,20.0,20.0,20.0,0,0,0,0.0,0.0,,,1.525535649027045,0.1458571431142445,0.0,0.0,1.671393692709581,0.912732682719367
125.0,300.0,0.01,1.57,-20.0,-20.0,0.0,0,0,0,0.0,0.0,,,709971.3567288257,67896.55745579858,0.0,0.0,777867.914184735,0.9127145416107436
125.0,300.0,0.01,1.57,-20.0,-20.0,10.0,0,0,0,0.0,0.0,,,709994.7795761791,67898.79741232545,0.0,0.0,777893.5769886153,0.9127145416532602
125.0,300.0,0.01,1.57,-20.0,-20.0,20.0,0,0,0,0.0,0.0,,,710018.2031207109,67901.03752043906,0.0,0.0,777919.2406412606,0.912714541596147
125.0,300.0,0.01,1.57,-20.0,0.0,0.0,1,0,0,0.0,0.0,,,0.0003164224383200319,3.008838851511926e-05,0.0,0.0,0.0003466215379653034,0.91287587083439
125.0,300.0,0.01,1.57,-20.0,0.0,10.0,1,0,0,0.0,0.0,,,1.512526205835207e-05,1.409062939442823e-06,0.0,0.0,1.664503612782373e-05,0.9086950573251554
125.0,300.0,0.01,1.57,-20.0,0.0,20.0,0,0,0,0.0,0.0,,,0.0001002005984199178,9.679622883645768e-06,0.0,0.0,0.0001099909324337503,0.9109896261700532
125.0,300.0,0.01,1.57,-20.0,20.0,0.0,1,0,0,0.0,0.0,,,710031.3112782348,67902.27472065756,0.0,0.0,777933.5859990031,0.9127145608020383
125.0,300.0,0.01,1.57,-20.0,20.0,10.0,1,0,0,0.0,0.0,,,710007.887722596,67900.03466681326,0.0,0.0,777907.9223895199,0.9127145607948642
125.0,300.0,0.01,1.57,-20.0,20.0,20.0,1,0,0,0.0,0.0,,,709984.4645459966,67897.7946477073,0.0,0.0,777882.2591938146,0.9127145607894617
125.0,300.0,0.01,1.57,0.0,-20.0,0.0,0,0,0,0.0,0.0,,,709972.2570403588,67896.64351437268,0.0,0.0,777868.9005548422,0.9127145416585575
125.0,300.0,0.01,1.57,0.0,-20.0,10.0,0,0,0,0.0,0.0,,,709995.6800723218,67898.88352470858,0.0,0.0,777894.5635971411,0.9127145416586521
125.0,300.0,0.01,1.57,0.0,-20.0,20.0,0,0,0,0.0,0.0,,,710019.1034442199,67901.12357681316,0.0,0.0,777920.2270211438,0.9127145416478825
125.0,300.0,0.01,1.57,0.0,0.0,0.0,1,0,0,0.0,0.0,,,0.0002976982158542648,2.830291191378471e-05,0.0,0.0,0.0003261118388980611,0.9128715377527952
125.0,300.0,0.01,1.57,0.0,0.0,10.0,1,0,0,0.0,0.0,,,1.125459891524164e-05,1.044073835070496e-06,0.0,0.0,1.240938388032372e-05,0.90694260277393
125.0,300.0,0.01,1.57,0.0,0.0,20.0,0,0,0,0.0,0.0,,,0.0001111834945084123,1.073512124307175e-05,0.0,0.0,0.0001220293268815302,0.911121099736563
125.0,300.0,0.01,1.57,0.0,20.0,0.0,1,0,0,0.0,0.0,,,710030.4107855893,67902.18860400717,0.0,0.0,777932.5993897071,0.9127145608020701
125.0,300.0,0.01,1.57,0.0,20.0,10.0,1,0,0,0.0,0.0,,,710006.9872352816,67899.94854906783,0.0,0.0,777906.9357844602,0.9127145607967788
125.0,300.0,0.01,1.57,0.0,20.0,20.0,1,0,0,0.0,0.0,,,709983.5640735151,67897.7085313644,0.0,0.0,777881.2726049903,0.912714560791395
125.0,300.0,0.01,1.57,20.0,-20.0,0.0,0,0,0,0.0,0.0,,,709973.1575442764,67896.72963213579,0.0,0.0,777869.887176523,0.9127145416585092
125.0,300.0,0.01,1.57,20.0,-20.0,10.0,0,0,0,0.0,0.0,,,709996.5805447316,67898.96963941226,0.0,0.0,777895.5501842545,0.9127145416586582
125.0,300.0,0.01,1.57,20.0,-20.0,20.0,0,0,0,0.0,0.0,,,710020.0039333259,67901.2096837791,0.0,0.0,777921.2136172156,0.9127145416588405
125.0,300.0,0.01,1.57,20.0,0.0,0.0,1,0,0,0.0,0.0,,,0.0002795450181097635,2.657204402457117e-05,0.0,0.0,0.0003062277732643463,0.9128663123199171
125.0,300.0,0.01,1.57,20.0,0.0,10.0,1,0,0,0.0,0.0,,,7.954960405527362e-06,7.33693415762967e-07,0.0,0.0,8.799364951301906e-06,0.9040380129193744
125.0,300.0,0.01,1.57,20.0,0.0,20.0,0,0,0,0.0,0.0,,,0.00012273741525218,1.184522829381413e-05,0.0,0.0,0.0001346933546760057,0.9112358627299412
125.0,300.0,0.01,1.57,20.0,20.0,0.0,1,0,0,0.0,0.0,,,710029.5102917269,67902.10248726224,0.0,0.0,777931.6127790998,0.9127145608020761
125.0,300.0,0.01,1.57,20.0,20.0,10.0,1,0,0,0.0,0.0,,,710006.0867640068,67899.86243610979,0.0,0.0,777905.9492002273,0.9127145607948762
125.0,300.0,0.01,1.57,20.0,20.0,20.0,1,0,0,0.0,0.0,,,709982.6636171149,67897.62241983472,0.0,0.0,777880.2860370603,0.9127145607894855
125.0,300.0,0.01,1.59,-20.0,-20.0,0.0,0,0,0,,,,,,,,,,
125.0,300.0,0.01,1.59,-20.0,-20.0,10.0,0,0,0,,,,,,,,,,
125.0,300.0,0.01,1.59,-20.0,-20.0,20.0,0,0,0,,,,,,,,,,
125.0,300.0,0.01,1.59,-20.0,0.0,0.0,0,0,0,,,,,,,,,,
125.0,300.0,0.01,1.59,-20.0,0.0,10.0,0,0,0,,,,,,,,,,
125.0,300.0,0.01,1.59,-20.0,0.0,20.0,0,0,0,,,,,,,,,,
125.0,300.0,0.01,1.59,-20.0,20.0,0.0,0,0,0,,,,,,,,,,
125.0,300.0,0.01,1.59,-20.0,20.0,10.0,0,0,0,,,,,,,,,,
125.0,300.0,0.01,1.59,-20.0,20.0,20.0,0,0,0,,,,,,,,,,
125.0,300.0,0.01,1.59,0.0,-20.0,0.0,0,0,0,,,,,,,,,,
125.0,300.0,0.01,1.59,0.0,-20.0,10.0,0,0,0,,,,,,,,,,
125.0,300.0,0.01,1.59,0.0,-20.0,20.0,0,0,0,,,,,,,,,,
125.0,300.0,0.01,1.59,0.0,0.0,0.0,0,0,0,,,,,,,,,,
125.0,300.0,0.01,1.59,0.0,0.0,10.0,0,0,0,,,,,,,,,,
125.0,300.0,0.01,1.59,0.0,0.0,20.0,0,0,0,,,,,,,,,,
125.0,300.0,0.01,1.59,0.0,20.0,0.0,0,0,0,,,,,,,,,,
125.0,300.0,0.01,1.59,0.0,20.0,10.0,0,0,0,,,,,,,,,,
125.0,300.0,0.01,1.59,0.0,20.0,20.0,0,0,0,,,,,,,,,,
125.0,300.0,0.01,1.59,20.0,-20.0,0.0,0,0,0,,,,,,,,,,
125.0,300.0,0.01,1.59,20.0,-20.0,10.0,0,0,0,,,,,,,,,,
125.0,300.0,0.01,1.59,20.0,-20.0,20.0,0,0,0,,,,,,,,,,
125.0,300.0,0.01,1.59,20.0,0.0,0.0,0,0,0,,,,,,,,,,
125.0,300.0,0.01,1.59,20.0,0.0,10.0,0,0,0,,,,,,,,,,
125.0,300.0,0.01,1.59,20.0,0.0,20.0,0,0,0,,,,,,,,,,
125.0,300.0,0.01,1.59,20.0,20.0,0.0,0,0,0,,,,,,,,,,
125.0,300.0,0.01,1.59,20.0,20.0,10.0,0,0,0,,,,,,,,,,
125.0,300.0,0.01,1.59,20.0,20.0,20.0,0,0,0,,,,,,,,,,
125.0,310.0,0.001,1.55,-20.0,-20.0,0.0,0,0,0,0.0,0.0,,,1.33225301246377,0.1273259582127101,0.0,0.0,1.45957942186076,0.9127650010064774
125.0,310.0,0.001,1.55,-20.0,-20.0,10.0,0,0,0,0.0,0.0,,,1.332297024140127,0.1273301641202057,0.0,0.0,1.459627639444612,0.9127650012485823
125.0,310.0,0.001,1.55,-20.0,-20.0,20.0,0,0,0,0.0,0.0,,,1.332341036540784,0.1273343700961223,0.0,0.0,1.459675857821186,0.912765001491173
125.0,310.0,0.001,1.55,-20.0,0.0,0.0,1,0,0,0.0,0.0,,,1.077311638456789e-06,8.365689390849513e-08,0.0,0.0,1.612152812085566e-06,0.6682441207686272
125.0,310.0,0.001,1.55,-20.0,0.0,10.0,1,0,0,0.0,0.0,,,1.038098232446936e-06,8.02824578180637e-08,0.0,0.0,1.569564969985303e-06,0.6613923299120626
125.0,310.0,0.001,1.55,-20.0,0.0,20.0,1,0,0,0.0,0.0,,,9.996117887860785e-07,7.697748659459528e-08,0.0,0.0,1.527773555100147e-06,0.6542931610833864
125.0,310.0,0.001,1.55,-20.0,20.0,0.0,0,0,0,0.0,0.0,,,1.33704940130105,0.1277391210208169,0.0,0.0,1.464788973506147,0.912793191022365
125.0,310.0,0.001,1.55,-20.0,20.0,10.0,0,0,0,0.0,0.0,,,1.337005311198949,0.1277349083649856,0.0,0.0,1.464740670748214,0.9127931912452352
125.0,310.0,0.001,1.55,-20.0,20.0,20.0,0,0,0,0.0,0.0,,,1.336961221823938,0.1277306957785489,0.0,0.0,1.464692368786767,0.9127931914681642
125.0,310.0,0.001,1.55,0.0,-20.0,0.0,0,0,0,0.0,0.0,,,1.333406995913028,0.1274362368369743,0.0,0.0,1.460843683934282,0.9127650073565386
125.0,310.0,0.001,1.55,0.0,-20.0,10.0,0,0,0,0.0,0.0,,,1.333451026643619,0.1274404445644069,0.0,0.0,1.460891922392306,0.9127650075989237
125.0,310.0,0.001,1.55,0.0,-20.0,20.0,0,0,0,0.0,0.0,,,1.333495058102655,0.127444652361858,0.0,0.0,1.460940161648793,0.9127650078410431
125.0,310.0,0.001,1.55,0.0,0.0,0.0,1,0,0,0.0,0.0,,,2.896080005807919e-07,1.815540559871183e-08,0.0,0.0,7.589476858989423e-07,0.381591519365084
125.0,310.0,0.001,1.55,0.0,0.0,10.0,1,0,0,0.0,0.0,,,2.694515347538596e-07,1.660195489672685e-08,0.0,0.0,7.372377693700456e-07,0.3654879686699995
125.0,310.0,0.001,1.55,0.0,0.0,20.0,1,0,0,0.0,0.0,,,2.50022031276173e-07,1.511796906176671e-08,0.0,0.0,7.163242800574133e-07,0.3490347015127475
125.0,310.0,0.001,1.55,0.0,20.0,0.0,0,0,0,0.0,0.0,,,1.335893842445657,0.1276287113940972,0.0,0.0,1.463523005024034,0.9127931968679365
125.0,310.0,0.001,1.55,0.0,20.0,10.0,0,0,0,0.0,0.0,,,1.335849771400496,0.1276245005592019,0.0,0.0,1.463474723143978,0.9127931970910265
125.0,310.0,0.001,1.55,0.0,20.0,20.0,0,0,0,0.0,0.0,,,1.335805701082597,0.1276202897938235,0.0,0.0,1.4634264420607,0.9127931973141089
125.0,310.0,0.001,1.55,20.0,-20.0,0.0,0,0,0,0.0,0.0,,,1.334561478927813,0.1275465631965328,0.0,0.0,1.462108493308625,0.9127650137014219
125.0,310.0,0.001,1.55,20.0,-20.0,10.0,0,0,0,0.0,0.0,,,1.334605528716289,0.1275507727453178,0.0,0.0,1.462156752645886,0.9127650139434205
125.0,310.0,0.001,1.55,20.0,-20.0,20.0,0,0,0,0.0,0.0,,,1.334649579232716,0.1275549823638863,0.0,0.0,1.462205012780882,0.9127650141852709
125.0,310.0,0.001,1.55,20.0,0.0,0.0,0,0,0,0.0,0.0,,,1.472145671509171e-09,3.901028769541565e-10,0.0,0.0,4.530465282679019e-07,0.003249435940139555
125.0,310.0,0.001,1.55,20.0,0.0,10.0,0,0,0,0.0,0.0,,,3.726200274044097e-10,6.576375633810713e-10,0.0,0.0,4.522145373102418e-07,0.0008239894931745055
125.0,310.0,0.001,1.55,20.0,0.0,20.0,0,0,0,0.0,0.0,,,5.673258524586949e-14,9.946371168461233e-10,0.0,0.0,4.521789735684483e-07,1.254648901477097e-07
125.0,310.0,0.001,1.55,20.0,20.0,0.0,0,0,0,0.0,0.0,,,1.33473878315818,0.1275183495036549,0.0,0.0,1.462257583846115,0.9127932027184108
125.0,310.0,0.001,1.55,20.0,20.0,10.0,0,0,0,0.0,0.0,,,1.334694731169803,0.1275141404896915,0.0,0.0,1.462209322843774,0.9127932029417136
125.0,310.0,0.001,1.55,20.0,20.0,20.0,0,0,0,0.0,0.0,,,1.334650679909124,0.127509931545311,0.0,0.0,1.462161062638715,0.9127932031649941
125.0,310.0,0.001,1.57,-20.0,-20.0,0.0,0,0,0,0.0,0.0,,,620883.5916709848,59328.51565197072,0.0,0.0,680212.1073229585,0.912779388938743
125.0,310.0,0.001,1.57,-20.0,-20.0,10.0,0,0,0,0.0,0.0,,,620904.0750993928,59330.47291244241,0.0,0.0,680234.5480118382,0.9127793889830292
125.0,310.0,0.001,1.57,-20.0,-20.0,20.0,0,0,0,0.0,0.0,,,620924.5591540856,59332.43030983864,0.0,0.0,680256.9894639272,0.9127793889238857
125.0,310.0,0.001,1.57,-20.0,0.0,0.0,1,0,0,0.0,0.0,,,0.0002777394669785365,2.651254926915592e-05,0.0,0.0,0.000304255081218512,0.912850710220572
125.0,310.0,0.001,1.57,-20.0,0.0,10.0,1,0,0,0.0,0.0,,,1.345286763044098e-05,1.279587115276269e-06,0.0,0.0,1.473551971653345e-05,0.9129550833111557
125.0,310.0,0.001,1.57,-20.0,0.0,20.0,0,0,0,0.0,0.0,,,8.704679323198104e-05,8.332789155697437e-06,0.0,0.0,9.538264735849906e-05,0.9126061777758442
125.0,310.0,0.001,1.57,-20.0,20.0,0.0,1,0,0,0.0,0.0,,,620936.119805852,59333.53240223981,0.0,0.0,680269.6522080948,0.912779392392926
125.0,310.0,0.001,1.57,-20.0,20.0,10.0,1,0,0,0.0,0.0,,,620915.6357415027,59331.57505218833,0.0,0.0,680247.2107936941,0.9127793923874162
125.0,310.0,0.001,1.57,-20.0,20.0,20.0,1,0,0,0.0,0.0,,,620895.1520203277,59329.61773634594,0.0,0.0,680224.7697566767,0.9127793923800044
125.0,310.0,0.001,1.57,0.0,-20.0,0.0,0,0,0,0.0,0.0,,,620884.3790065598,59328.59085013136,0.0,0.0,680212.9698566942,0.9127793889866087
125.0,310.0,0.001,1.57,0.0,-20.0,10.0,0,0,0,0.0,0.0,,,620904.8624479336,59330.54811186925,0.0,0.0,680235.4105598059,0.9127793890308568
125.0,310.0,0.001,1.57,0.0,-20.0,20.0,0,0,0,0.0,0.0,,,620925.3463638715,59332.50545601904,0.0,0.0,680257.8518198936,0.9127793890253676
125.0,310.0,0.001,1.57,0.0,0.0,0.0,1,0,0,0.0,0.0,,,0.0002613341040091806,2.494574013714491e-05,0.0,0.0,0.0002862829091171412,0.912852621258812
125.0,310.0,0.001,1.57,0.0,0.0,10.0,1,0,0,0.0,0.0,,,1.003704247214129e-05,9.53992923747181e-07,0.0,0.0,1.099410036670078e-05,0.9129480482588411
125.0,310.0,0.001,1.57,0.0,0.0,20.0,0,0,0,0.0,0.0,,,9.66205058087328e-05,9.248409876991692e-06,0.0,0.0,0.0001058719806565412,0.912616399632486
125.0,310.0,0.001,1.57,0.0,20.0,0.0,1,0,0,0.0,0.0,,,620935.332306077,59333.45715272155,0.0,0.0,680268.7894588016,0.9127793923929272
125.0,310.0,0.001,1.57,0.0,20.0,10.0,1,0,0,0.0,0.0,,,620914.8482547173,59331.49980391123,0.0,0.0,680246.3480586315,0.9127793923874173
125.0,310.0,0.001,1.57,0.0,20.0,20.0,1,0,0,0.0,0.0,,,620894.3645397644,59329.54248724507,0.0,0.0,680223.9070270124,0.9127793923819086
125.0,310.0,0.001,1.57,20.0,-20.0,0.0,0,0,0,0.0,0.0,,,620885.1663354979,59328.66604615947,0.0,0.0,680213.8323816604,0.9127793890364849
125.0,310.0,0.001,1.57,20.0,-20.0,10.0,0,0,0,0.0,0.0,,,620905.6499283868,59330.6233595428,0.0,0.0,680236.2732879326,0.9127793890308579
125.0,310.0,0.001,1.57,20.0,-20.0,20.0,0,0,0,0.0,0.0,,,620926.1338571317,59332.58069661017,0.0,0.0,680258.7145537449,0.9127793890365141
125.0,310.0,0.001,1.57,20.0,0.0,0.0,1,0,0,0.0,0.0,,,0.0002454281130989262,2.342664849028452e-05,0.0,0.0,0.0002688578265600226,0.9128546348794286
125.0,310.0,0.001,1.57,20.0,0.0,10.0,1,0,0,0.0,0.0,,,7.120589368637692e-06,6.761162158074404e-07,0.0,0.0,7.799770555257447e-06,0.912922927436378
125.0,310.0,0.001,1.57,20.0,0.0,20.0,0,0,0,0.0,0.0,,,0.000106693590433039,1.02117480792403e-05,0.0,0.0,0.0001169084034830921,0.9126255021391135
125.0,310.0,0.001,1.57,20.0,20.0,0.0,1,0,0,0.0,0.0,,,620934.5448068018,59333.38190325099,0.0,0.0,680267.9267100558,0.9127793923929284
125.0,310.0,0.001,1.57,20.0,20.0,10.0,1,0,0,0.0,0.0,,,620914.0607751795,59331.42455774196,0.0,0.0,680245.4853329245,0.9127793923855193
125.0,310.0,0.001,1.57,20.0,20.0,20.0,1,0,0,0.0,0.0,,,620893.5770747086,59329.46724247684,0.0,0.0,680223.0443171886,0.9127793923799875
125.0,310.0,0.001,1.59,-20.0,-20.0,0.0,0,0,0,,,,,,,,,,
125.0,310.0,0.001,1.59,-20.0,-20.0,10.0,0,0,0,,,,,,,,,,
125.0,310.0,0.001,1.59,-20.0,-20.0,20.0,0,0,0,,,,,,,,,,
125.0,310.0,0.001,1.59,-20.0,0.0,0.0,0,0,0,,,,,,,,,,
125.0,310.0,0.001,1.59,-20.0,0.0,10.0,0,0,0,,,,,,,,,,
125.0,310.0,0.001,1.59,-20.0,0.0,20.0,0,0,0,,,,,,,,,,
125.0,310.0,0.001,1.59,-20.0,20.0,0.0,0,0,0,,,,,,,,,,
125.0,310.0,0.001,1.59,-20.0,20.0,10.0,0,0,0,,,,,,,,,,
125.0,310.0,0.001,1.59,-20.0,20.0,20.0,0,0,0,,,,,,,,,,
125.0,310.0,0.001,1.59,0.0,-20.0,0.0,0,0,0,,,,,,,,,,
125.0,310.0,0.001,1.59,0.0,-20.0,10.0,0,0,0,,,,,,,,,,
125.0,310.0,0.001,1.59,0.0,-20.0,20.0,0,0,0,,,,,,,,,,
125.0,310.0,0.001,1.59,0.0,0.0,0.0,0,0,0,,,,,,,,,,
125.0,310.0,0.001,1.59,0.0,0.0,10.0,0,0,0,,,,,,,,,,
125.0,310.0,0.001,1.59,0.0,0.0,20.0,0,0,0,,,,,,,,,,
125.0,310.0,0.001,1.59,0.0,20.0,0.0,0,0,0,,,,,,,,,,
125.0,310.0,0.001,1.59,0.0,20.0,10.0,0,0,0,,,,,,,,,,
125.0,310.0,0.001,1.59,0.0,20.0,20.0,0,0,0,,,,,,,,,,
125.0,310.0,0.001,1.59,20.0,-20.0,0.0,0,0,0,,,,,,,,,,
125.0,310.0,0.001,1.59,20.0,-20.0,10.0,0,0,0,,,,,,,,,,
125.0,310.0,0.001,1.59,20.0,-20.0,20.0,0,0,0,,,,,,,,,,
125.0,310.0,0.001,1.59,20.0,0.0,0.0,0,0,0,,,,,,,,,,
125.0,310.0,0.001,1.59,20.0,0.0,10.0,0,0,0,,,,,,,,,,
125.0,310.0,0.001,1.59,20.0,0.0,20.0,0,0,0,,,,,,,,,,
125.0,310.0,0.001,1.59,20.0,20.0,0.0,0,0,0,,,,,,,,,,
125.0,310.0,0.001,1.59,20.0,20.0,10.0,0,0,0,,,,,,,,,,
125.0,310.0,0.001,1.59,20.0,20.0,20.0,0,0,0,,,,,,,,,,
125.0,310.0,0.0055000000000000005,1.55,-20.0,-20.0,0.0,0,0,0,0.0,0.0,,,1.332003095394816,0.1273067315080904,0.0,0.0,1.459310483571406,0.9127619587402485
125.0,310.0,0.0055000000000000005,1.55,-20.0,-20.0,10.0,0,0,0,0.0,0.0,,,1.332047106418195,0.1273109374300758,0.0,0.0,1.459358700516771,0.9127619590348188
125.0,310.0,0.0055000000000000005,1.55,-20.0,-20.0,20.0,0,0,0,0.0,0.0,,,1.332091118166035,0.1273151434205667,0.0,0.0,1.459406918255102,0.9127619593298296
125.0,310.0,0.0055000000000000005,1.55,-20.0,0.0,0.0,1,0,0,0.0,0.0,,,1.042798057616853e-06,7.702218167994664e-08,0.0,0.0,1.776488739019112e-06,0.5869995315549448
125.0,310.0,0.0055000000000000005,1.55,-20.0,0.0,10.0,1,0,0,0.0,0.0,,,1.004220752332895e-06,7.378547323017616e-08,0.0,0.0,1.734674725285419e-06,0.5789101193987034
125.0,310.0,0.0055000000000000005,1.55,-20.0,0.0,20.0,1,0,0,0.0,0.0,,,9.663705242186927e-07,7.061824061904913e-08,0.0,0.0,1.693657264558882e-06,0.5705821032630157
125.0,310.0,0.0055000000000000005,1.55,-20.0,20.0,0.0,0,0,0,0.0,0.0,,,1.336721517730662,0.1277031293279341,0.0,0.0,1.464425303727096,0.9127959714494034
125.0,310.0,0.0055000000000000005,1.55,-20.0,20.0,10.0,0,0,0,0.0,0.0,,,1.336677429553653,0.1276989169329365,0.0,0.0,1.464377003155089,0.9127959717160951
125.0,310.0,0.0055000000000000005,1.55,-20.0,20.0,20.0,0,0,0,0.0,0.0,,,1.336633342103934,0.1276947046074626,0.0,0.0,1.464328703379896,0.9127959719827783
125.0,310.0,0.0055000000000000005,1.55,0.0,-20.0,0.0,0,0,0,0.0,0.0,,,1.333156845720995,0.1274169898711185,0.0,0.0,1.460574492260613,0.9127619664626576
125.0,310.0,0.0055000000000000005,1.55,0.0,-20.0,10.0,0,0,0,0.0,0.0,,,1.33320087579814,0.1274211976130622,0.0,0.0,1.460622730079702,0.9127619667574194
125.0,310.0,0.0055000000000000005,1.55,0.0,-20.0,20.0,0,0,0,0.0,0.0,,,1.333244906603714,0.1274254054249784,0.0,0.0,1.460670968697192,0.9127619670519415
125.0,310.0,0.0055000000000000005,1.55,0.0,0.0,0.0,1,0,0,0.0,0.0,,,2.719049772134637e-07,1.514189448741119e-08,0.0,0.0,9.4371537142196e-07,0.2881218060523546
125.0,310.0,0.0055000000000000005,1.55,0.0,0.0,10.0,1,0,0,0.0,0.0,,,2.523840544609705e-07,1.372611813972471e-08,0.0,0.0,9.22778672321814e-07,0.2735044296439406
125.0,310.0,0.0055000000000000005,1.55,0.0,0.0,20.0,1,0,0,0.0,0.0,,,2.33590208878487e-07,1.237981763075795e-08,0.0,0.0,9.026385262303849e-07,0.2587859947148617
125.0,310.0,0.0055000000000000005,1.55,0.0,20.0,0.0,0,0,0,0.0,0.0,,,1.335566225619417,0.1275927472048236,0.0,0.0,1.46315962949274,0.9127959784418339
125.0,310.0,0.0055000000000000005,1.55,0.0,20.0,10.0,0,0,0,0.0,0.0,,,1.335522156498876,0.1275885366307647,0.0,0.0,1.463111349798141,0.9127959787087514
125.0,310.0,0.0055000000000000005,1.55,0.0,20.0,20.0,0,0,0,0.0,0.0,,,1.335478088105668,0.127584326126231,0.0,0.0,1.463063070900398,0.912795978975662
125.0,310.0,0.0055000000000000005,1.55,20.0,-20.0,0.0,0,0,0,0.0,0.0,,,1.334311095504666,0.127527295959185,0.0,0.0,1.461839048132351,0.912761974178611
125.0,310.0,0.0055000000000000005,1.55,20.0,-20.0,10.0,0,0,0,0.0,0.0,,,1.334355144639136,0.1275315055223727,0.0,0.0,1.461887306830008,0.9127619744729734
125.0,310.0,0.0055000000000000005,1.55,20.0,-20.0,20.0,0,0,0,0.0,0.0,,,1.334399194501501,0.1275357151553565,0.0,0.0,1.461935566325357,0.9127619747671747
125.0,310.0,0.0055000000000000005,1.55,20.0,0.0,0.0,0,0,0,0.0,0.0,,,4.715555221022534e-10,9.874610727527037e-10,0.0,0.0,6.581275163159411e-07,0.0007165108742784706
125.0,310.0,0.0055000000000000005,1.55,20.0,0.0,10.0,0,0,0,0.0,0.0,,,7.01530106028193e-12,1.392616827115164e-09,0.0,0.0,6.580681318492905e-07,1.066044793958897e-05
125.0,310.0,0.0055000000000000005,1.55,20.0,0.0,20.0,0,0,0,0.0,0.0,,,2.695522500175449e-10,1.86724842020708e-09,0.0,0.0,6.588053003913084e-07,0.00040915312894028
125.0,310.0,0.0055000000000000005,1.55,20.0,20.0,0.0,0,0,0,0.0,0.0,,,1.334411432967616,0.1274824128075243,0.0,0.0,1.46189450244364,0.9127959854401745
125.0,310.0,0.0055000000000000005,1.55,20.0,20.0,10.0,0,0,0,0.0,0.0,,,1.334367382903544,0.1274782040543853,0.0,0.0,1.461846243626429,0.91279598570733
125.0,310.0,0.0055000000000000005,1.55,20.0,20.0,20.0,0,0,0,0.0,0.0,,,1.334323333566975,0.1274739953708061,0.0,0.0,1.461797985606281,0.912795985974467
125.0,310.0,0.0055000000000000005,1.57,-20.0,-20.0,0.0,0,0,0,0.0,0.0,,,620861.0073327314,59326.3607485217,0.0,0.0,680187.3680812909,0.9127793847217268
125.0,310.0,0.0055000000000000005,1.57,-20.0,-20.0,10.0,0,0,0,0.0,0.0,,,620881.490162435,59328.31795188755,0.0,0.0,680209.8081143602,0.9127793847660153
125.0,310.0,0.0055000000000000005,1.57,-20.0,-20.0,20.0,0,0,0,0.0,0.0,,,620901.9736184047,59330.27529206964,0.0,0.0,680232.2489105121,0.9127793847070127
125.0,310.0,0.0055000000000000005,1.57,-20.0,0.0,0.0,1,0,0,0.0,0.0,,,0.0002771748399933593,2.639152051677879e-05,0.0,0.0,0.0003036040157048176,0.9129485305057545
125.0,310.0,0.0055000000000000005,1.57,-20.0,0.0,10.0,1,0,0,0.0,0.0,,,1.332987418642412e-05,1.253205729540338e-06,0.0,0.0,1.462073511060203e-05,0.9117102584505575
125.0,310.0,0.0055000000000000005,1.57,-20.0,0.0,20.0,0,0,0,0.0,0.0,,,8.735797187319512e-05,8.400342137184018e-06,0.0,0.0,9.579596920507043e-05,0.9119169898076599
125.0,310.0,0.0055000000000000005,1.57,-20.0,20.0,0.0,1,0,0,0.0,0.0,,,620913.4810916076,59331.36594383282,0.0,0.0,680244.8470354781,0.9127793967092321
125.0,310.0,0.0055000000000000005,1.57,-20.0,20.0,10.0,1,0,0,0.0,0.0,,,620892.9976268504,59329.40865113438,0.0,0.0,680222.4062780224,0.9127793967037852
125.0,310.0,0.0055000000000000005,1.57,-20.0,20.0,20.0,1,0,0,0.0,0.0,,,620872.5145052592,59327.45139263668,0.0,0.0,680199.9658979336,0.9127793966964464
125.0,310.0,0.0055000000000000005,1.57,0.0,-20.0,0.0,0,0,0,0.0,0.0,,,620861.7946396517,59326.43594397172,0.0,0.0,680188.2305836611,0.9127793847695628
125.0,310.0,0.0055000000000000005,1.57,0.0,-20.0,10.0,0,0,0,0.0,0.0,,,620882.2776384538,59328.39319636254,0.0,0.0,680210.670834854,0.9127793847697453
125.0,310.0,0.0055000000000000005,1.57,0.0,-20.0,20.0,0,0,0,0.0,0.0,,,620902.7609360848,59330.35047736747,0.0,0.0,680233.11141349,0.9127793847698479
125.0,310.0,0.0055000000000000005,1.57,0.0,0.0,0.0,1,0,0,0.0,0.0,,,0.0002607867088370498,2.482837423532648e-05,0.0,0.0,0.000285652738267008,0.9129501450578947
125.0,310.0,0.0055000000000000005,1.57,0.0,0.0,10.0,1,0,0,0.0,0.0,,,9.930900899966725e-06,9.312380829596488e-07,0.0,0.0,1.089979417755807e-05,0.9111090299680856
125.0,310.0,0.0055000000000000005,1.57,0.0,0.0,20.0,0,0,0,0.0,0.0,,,9.694815637566809e-05,9.319553096331249e-06,0.0,0.0,0.0001063053646666428,0.9119780236837769
125.0,310.0,0.0055000000000000005,1.57,0.0,20.0,0.0,1,0,0,0.0,0.0,,,620912.6936205274,59331.29069705852,0.0,0.0,680243.9843176237,0.9127793967092358
125.0,310.0,0.0055000000000000005,1.57,0.0,20.0,10.0,1,0,0,0.0,0.0,,,620892.2101687592,59329.33340560122,0.0,0.0,680221.5435743982,0.9127793967037889
125.0,310.0,0.0055000000000000005,1.57,0.0,20.0,20.0,1,0,0,0.0,0.0,,,620871.7270533703,59327.3761462654,0.0,0.0,680199.1031996735,0.91277939669837
125.0,310.0,0.0055000000000000005,1.57,20.0,-20.0,0.0,0,0,0,0.0,0.0,,,620862.5821160058,59326.51119120593,0.0,0.0,680189.0933072495,0.9127793847696333
125.0,310.0,0.0055000000000000005,1.57,20.0,-20.0,10.0,0,0,0,0.0,0.0,,,620883.065090246,59328.46844129945,0.0,0.0,680211.5335315831,0.9127793847697491
125.0,310.0,0.0055000000000000005,1.57,20.0,-20.0,20.0,0,0,0,0.0,0.0,,,620903.5484402231,59330.42572732845,0.0,0.0,680233.9741675892,0.912779384769822
125.0,310.0,0.0055000000000000005,1.57,20.0,0.0,0.0,1,0,0,0.0,0.0,,,0.0002448979316237229,2.331294372247334e-05,0.0,0.0,0.0002682485305408279,0.9129516241150442
125.0,310.0,0.0055000000000000005,1.57,20.0,0.0,10.0,1,0,0,0.0,0.0,,,7.0312814795716e-06,6.569861812392942e-07,0.0,0.0,7.725922855442595e-06,0.910089527313666
125.0,310.0,0.0055000000000000005,1.57,20.0,0.0,20.0,0,0,0,0.0,0.0,,,0.0001070376947630963,1.028647980574834e-05,0.0,0.0,0.0001173618297634763,0.9120315777183549
125.0,310.0,0.0055000000000000005,1.57,20.0,20.0,0.0,1,0,0,0.0,0.0,,,620911.9061499469,59331.21545033193,0.0,0.0,680243.1216003165,0.9127793967092397
125.0,310.0,0.0055000000000000005,1.57,20.0,20.0,10.0,1,0,0,0.0,0.0,,,620891.422717935,59329.25816219706,0.0,0.0,680220.6808801698,0.9127793967018676
125.0,310.0,0.0055000000000000005,1.57,20.0,20.0,20.0,1,0,0,0.0,0.0,,,620870.9396170086,59327.3009042525,0.0,0.0,680198.2405212987,0.9127793966964364
125.0,310.0,0.0055000000000000005,1.59,-20.0,-20.0,0.0,0,0,0,,,,,,,,,,
125.0,310.0,0.0055000000000000005,1.59,-20.0,-20.0,10.0,0,0,0,,,,,,,,,,
125.0,310.0,0.0055000000000000005,1.59,-20.0,-20.0,20.0,0,0,0,,,,,,,,,,
125.0,310.0,0.0055000000000000005,1.59,-20.0,0.0,0.0,0,0,0,,,,,,,,,,
125.0,310.0,0.0055000000000000005,1.59,-20.0,0.0,10.0,0,0,0,,,,,,,,,,
125.0,310.0,0.0055000000000000005,1.59,-20.0,0.0,20.0,0,0,0,,,,,,,,,,
125.0,310.0,0.0055000000000000005,1.59,-20.0,20.0,0.0,0,0,0,,,,,,,,,,
125.0,310.0,0.0055000000000000005,1.59,-20.0,20.0,10.0,0,0,0,,,,,,,,,,
125.0,310.0,0.0055000000000000005,1.59,-20.0,20.0,20.0,0,0,0,,,,,,,,,,
125.0,310.0,0.0055000000000000005,1.59,0.0,-20.0,0.0,0,0,0,,,,,,,,,,
125.0,310.0,0.0055000000000000005,1.59,0.0,-20.0,10.0,0,0,0,,,,,,,,,,
125.0,310.0,0.0055000000000000005,1.59,0.0,-20.0,20.0,0,0,0,,,,,,,,,,
125.0,310.0,0.0055000000000000005,1.59,0.0,0.0,0.0,0,0,0,,,,,,,,,,
125.0,310.0,0.0055000000000000005,1.59,0.0,0.0,10.0,0,0,0,,,,,,,,,,
125.0,310.0,0.0055000000000000005,1.59,0.0,0.0,20.0,0,0,0,,,,,,,,,,
125.0,310.0,0.0055000000000000005,1.59,0.0,20.0,0.0,0,0,0,,,,,,,,,,
125.0,310.0,0.0055000000000000005,1.59,0.0,20.0,10.0,0,0,0,,,,,,,,,,
125.0,310.0,0.0055000000000000005,1.59,0.0,20.0,20.0,0,0,0,,,,,,,,,,
125.0,310.0,0.0055000000000000005,1.59,20.0,-20.0,0.0,0,0,0,,,,,,,,,,
125.0,310.0,0.0055000000000000005,1.59,20.0,-20.0,10.0,0,0,0,,,,,,,,,,
125.0,310.0,0.0055000000000000005,1.59,20.0,-20.0,20.0,0,0,0,,,,,,,,,,
125.0,310.0,0.0055000000000000005,1.59,20.0,0.0,0.0,0,0,0,,,,,,,,,,
125.0,310.0,0.0055000000000000005,1.59,20.0,0.0,10.0,0,0,0,,,,,,,,,,
125.0,310.0,0.0055000000000000005,1.59,20.0,0.0,20.0,0,0,0,,,,,,,,,,
125.0,310.0,0.0055000000000000005,1.59,20.0,20.0,0.0,0,0,0,,,,,,,,,,
125.0,310.0,0.0055000000000000005,1.59,20.0,20.0,10.0,0,0,0,,,,,,,,,,
125.0,310.0,0.0055000000000000005,1.59,20.0,20.0,20.0,0,0,0,,,,,,,,,,
125.0,310.0,0.01,1.55,-20.0,-20.0,0.0,0,0,0,0.0,0.0,,,1.331699261341785,0.1272823507828642,0.0,0.0,1.458982512692941,0.9127588917318683
125.0,310.0,0.01,1.55,-20.0,-20.0,10.0,0,0,0,0.0,0.0,,,1.331743269929211,0.1272865565490795,0.0,0.0,1.459030727046582,0.9127588920796545
125.0,310.0,0.01,1.55,-20.0,-20.0,20.0,0,0,0,0.0,0.0,,,1.331787279241139,0.1272907623837352,0.0,0.0,1.459078942193166,0.9127588924279227
125.0,310.0,0.01,1.55,-20.0,0.0,0.0,1,0,0,0.0,0.0,,,1.008804826105412e-06,7.065855709105938e-08,0.0,0.0,1.980031674741158e-06,0.5094892364473358
125.0,310.0,0.01,1.55,-20.0,0.0,10.0,1,0,0,0.0,0.0,,,9.708652719743922e-07,6.755972637096425e-08,0.0,0.0,1.938993289890084e-06,0.5007058441287476
125.0,310.0,0.01,1.55,-20.0,0.0,20.0,1,0,0,0.0,0.0,,,9.336528803943212e-07,6.453037964812295e-08,0.0,0.0,1.898751551586289e-06,0.4917193508620505
125.0,310.0,0.01,1.55,-20.0,20.0,0.0,0,0,0,0.0,0.0,,,1.336339544425599,0.1276619715192981,0.0,0.0,1.464002416513189,0.9127987285761153
125.0,310.0,0.01,1.55,-20.0,20.0,10.0,0,0,0,0.0,0.0,,,1.336295459960259,0.127657759555971,0.0,0.0,1.463954120084522,0.9127987288857851
125.0,310.0,0.01,1.55,-20.0,20.0,20.0,0,0,0,0.0,0.0,,,1.336251376221954,0.1276535476620528,0.0,0.0,1.463905824452298,0.9127987291955036
125.0,310.0,0.01,1.55,0.0,-20.0,0.0,0,0,0,0.0,0.0,,,1.332852731845071,0.1273925844209113,0.0,0.0,1.460246216834274,0.9127589008479787
125.0,310.0,0.01,1.55,0.0,-20.0,10.0,0,0,0,0.0,0.0,,,1.332896759486564,0.1273967920075098,0.0,0.0,1.460294452062365,0.9127589011956607
125.0,310.0,0.01,1.55,0.0,-20.0,20.0,0,0,0,0.0,0.0,,,1.332940787854982,0.1274009996635197,0.0,0.0,1.460342688086793,0.912758901543362
125.0,310.0,0.01,1.55,0.0,0.0,0.0,1,0,0,0.0,0.0,,,2.547495630588471e-07,1.240112146698849e-08,0.0,0.0,1.16771897606968e-06,0.2181599924977545
125.0,310.0,0.01,1.55,0.0,0.0,10.0,1,0,0,0.0,0.0,,,2.358650617190065e-07,1.112309578563428e-08,0.0,0.0,1.147556449048486e-06,0.2055367837587229
125.0,310.0,0.01,1.55,0.0,0.0,20.0,1,0,0,0.0,0.0,,,2.177077229303436e-07,9.914554101608434e-09,0.0,0.0,1.128190568575797e-06,0.1929706992721745
125.0,310.0,0.01,1.55,0.0,20.0,0.0,0,0,0,0.0,0.0,,,1.33518456581125,0.1275516213663059,0.0,0.0,1.462737087745848,0.9127987366949434
125.0,310.0,0.01,1.55,0.0,20.0,10.0,0,0,0,0.0,0.0,,,1.335140500400793,0.1275474112237112,0.0,0.0,1.462688812192795,0.912798737004908
125.0,310.0,0.01,1.55,0.0,20.0,20.0,0,0,0,0.0,0.0,,,1.335096435718141,0.1275432011506695,0.0,0.0,1.462640537437102,0.9127987373148777
125.0,310.0,0.01,1.55,20.0,-20.0,0.0,0,0,0,0.0,0.0,,,1.334006701680859,0.1275028657729104,0.0,0.0,1.461510468022061,0.9127589099558353
125.0,310.0,0.01,1.55,20.0,-20.0,10.0,0,0,0,0.0,0.0,,,1.33405074837663,0.1275070751800545,0.0,0.0,1.461558724124976,0.9127589103033243
125.0,310.0,0.01,1.55,20.0,-20.0,20.0,0,0,0,0.0,0.0,,,1.334094795800553,0.1275112846570013,0.0,0.0,1.461606981025846,0.9127589106506615
125.0,310.0,0.01,1.55,20.0,0.0,0.0,0,0,0,0.0,0.0,,,2.562048400768313e-11,1.85727626374298e-09,0.0,0.0,9.024511882915953e-07,2.838988339766557e-05
125.0,310.0,0.01,1.55,20.0,0.0,10.0,0,0,0,0.0,0.0,,,1.961719354063e-10,2.400055621155758e-09,0.0,0.0,9.031645191004069e-07,0.0002172050952596058
125.0,310.0,0.01,1.55,20.0,0.0,20.0,0,0,0,0.0,0.0,,,1.093885937982021e-09,3.012318975894274e-09,0.0,0.0,9.046744964577183e-07,0.001209148641047323
125.0,310.0,0.01,1.55,20.0,20.0,0.0,0,0,0,0.0,0.0,,,1.334030086528228,0.1274413189269229,0.0,0.0,1.461472306023442,0.9127987448205739
125.0,310.0,0.01,1.55,20.0,20.0,10.0,0,0,0,0.0,0.0,,,1.333986040172903,0.1274371106050669,0.0,0.0,1.461424051346262,0.912798745130845
125.0,310.0,0.01,1.55,20.0,20.0,20.0,0,0,0,0.0,0.0,,,1.333941994545047,0.1274329023528233,0.0,0.0,1.461375797466162,0.912798745441064
125.0,310.0,0.01,1.57,-20.0,-20.0,0.0,0,0,0,0.0,0.0,,,620813.2794269546,59321.80328892655,0.0,0.0,680135.0827159919,0.9127793804546197
125.0,310.0,0.01,1.57,-20.0,-20.0,10.0,0,0,0,0.0,0.0,,,620833.7608284334,59323.76035587338,0.0,0.0,680157.5211844175,0.9127793804989784
125.0,310.0,0.01,1.57,-20.0,-20.0,20.0,0,0,0,0.0,0.0,,,620854.2428561349,59325.71755962647,0.0,0.0,680179.960415872,0.9127793804400463
125.0,310.0,0.01,1.57,-20.0,0.0,0.0,1,0,0,0.0,0.0,,,0.0002765995735591047,2.62697022689295e-05,0.0,0.0,0.0003029799869581864,0.9129301784453425
125.0,310.0,0.01,1.57,-20.0,0.0,10.0,1,0,0,0.0,0.0,,,1.320690819818501e-05,1.227048916117521e-06,0.0,0.0,1.454466824433138e-05,0.9080240247715695
125.0,310.0,0.01,1.57,-20.0,0.0,20.0,0,0,0,0.0,0.0,,,8.766616148628315e-05,8.46782626311779e-06,0.0,0.0,9.62446988795877e-05,0.9108674296541027
125.0,310.0,0.01,1.57,-20.0,20.0,0.0,1,0,0,0.0,0.0,,,620865.696687735,59326.79672720311,0.0,0.0,680192.4934150488,0.9127794009759632
125.0,310.0,0.01,1.57,-20.0,20.0,10.0,1,0,0,0.0,0.0,,,620845.2146521154,59324.83957111797,0.0,0.0,680170.0542233441,0.9127794009705865
125.0,310.0,0.01,1.57,-20.0,20.0,20.0,1,0,0,0.0,0.0,,,620824.7329596403,59322.88244923147,0.0,0.0,680147.6154089825,0.9127794009633181
125.0,310.0,0.01,1.57,0.0,-20.0,0.0,0,0,0,0.0,0.0,,,620814.0666733348,59321.87847859644,0.0,0.0,680135.945152042,0.9127793805024583
125.0,310.0,0.01,1.57,0.0,-20.0,10.0,0,0,0,0.0,0.0,,,620834.5482438796,59323.83559456143,0.0,0.0,680158.3838385517,0.9127793805027128
125.0,310.0,0.01,1.57,0.0,-20.0,20.0,0,0,0,0.0,0.0,,,620855.0301132743,59325.79273912991,0.0,0.0,680180.8228525149,0.9127793805029044
125.0,310.0,0.01,1.57,0.0,0.0,0.0,1,0,0,0.0,0.0,,,0.000260229336958064,2.471028193687074e-05,0.0,0.0,0.0002850503300249464,0.9129241735495969
125.0,310.0,0.01,1.57,0.0,0.0,10.0,1,0,0,0.0,0.0,,,9.824923484425806e-06,9.087206476959697e-07,0.0,0.0,1.084435526213335e-05,0.905994247415775
125.0,310.0,0.01,1.57,0.0,0.0,20.0,0,0,0,0.0,0.0,,,9.727242857895555e-05,9.390590029234641e-06,0.0,0.0,0.0001067737297382363,0.91101461771005
125.0,310.0,0.01,1.57,0.0,20.0,0.0,1,0,0,0.0,0.0,,,620864.9092772406,59326.72148622006,0.0,0.0,680191.6307635714,0.9127794009759697
125.0,310.0,0.01,1.57,0.0,20.0,10.0,1,0,0,0.0,0.0,,,620844.4272546092,59324.76433137601,0.0,0.0,680169.191586096,0.9127794009705931
125.0,310.0,0.01,1.57,0.0,20.0,20.0,1,0,0,0.0,0.0,,,620823.9455683359,59322.8072086494,0.0,0.0,680146.752777096,0.9127794009652475
125.0,310.0,0.01,1.57,20.0,-20.0,0.0,0,0,0,0.0,0.0,,,620814.8540891365,59321.95372005298,0.0,0.0,680136.8078093001,0.9127793805025229
125.0,310.0,0.01,1.57,20.0,-20.0,10.0,0,0,0,0.0,0.0,,,620835.3356351207,59323.91083371441,0.0,0.0,680159.2464689459,0.9127793805027192
125.0,310.0,0.01,1.57,20.0,-20.0,20.0,0,0,0,0.0,0.0,,,620855.817518977,59325.86797968845,0.0,0.0,680181.6854987761,0.912779380502879
125.0,310.0,0.01,1.57,20.0,0.0,0.0,1,0,0,0.0,0.0,,,0.000244358415891525,2.319857370319018e-05,0.0,0.0,0.0002676677007247268,0.9129170805065742
125.0,310.0,0.01,1.57,20.0,0.0,10.0,1,0,0,0.0,0.0,,,6.942254228432437e-06,6.381044540286481e-07,0.0,0.0,7.691069812472663e-06,0.9026383062047018
125.0,310.0,0.01,1.57,20.0,0.0,20.0,0,0,0,0.0,0.0,,,0.000107378011148369,1.036106587556796e-05,0.0,0.0,0.0001178497881539486,0.9111430137498412
125.0,310.0,0.01,1.57,20.0,20.0,0.0,1,0,0,0.0,0.0,,,620864.1218672459,59326.64624528477,0.0,0.0,680190.7681126414,0.9127794009759761
125.0,310.0,0.01,1.57,20.0,20.0,10.0,1,0,0,0.0,0.0,,,620843.6398643694,59324.68909377012,0.0,0.0,680168.3289582502,0.9127794009686648
125.0,310.0,0.01,1.57,20.0,20.0,20.0,1,0,0,0.0,0.0,,,620823.1581925572,59322.73197242948,0.0,0.0,680145.8901650973,0.9127794009633136
125.0,310.0,0.01,1.59,-20.0,-20.0,0.0,0,0,0,,,,,,,,,,
125.0,310.0,0.01,1.59,-20.0,-20.0,10.0,0,0,0,,,,,,,,,,
125.0,310.0,0.01,1.59,-20.0,-20.0,20.0,0,0,0,,,,,,,,,,
125.0,310.0,0.01,1.59,-20.0,0.0,0.0,0,0,0,,,,,,,,,,
125.0,310.0,0.01,1.59,-20.0,0.0,10.0,0,0,0,,,,,,,,,,
125.0,310.0,0.01,1.59,-20.0,0.0,20.0,0,0,0,,,,,,,,,,
125.0,310.0,0.01,1.59,-20.0,20.0,0.0,0,0,0,,,,,,,,,,
125.0,310.0,0.01,1.59,-20.0,20.0,10.0,0,0,0,,,,,,,,,,
125.0,310.0,0.01,1.59,-20.0,20.0,20.0,0,0,0,,,,,,,,,,
125.0,310.0,0.01,1.59,0.0,-20.0,0.0,0,0,0,,,,,,,,,,
125.0,310.0,0.01,1.59,0.0,-20.0,10.0,0,0,0,,,,,,,,,,
125.0,310.0,0.01,1.59,0.0,-20.0,20.0,0,0,0,,,,,,,,,,
125.0,310.0,0.01,1.59,0.0,0.0,0.0,0,0,0,,,,,,,,,,
125.0,310.0,0.01,1.59,0.0,0.0,10.0,0,0,0,,,,,,,,,,
125.0,310.0,0.01,1.59,0.0,0.0,20.0,0,0,0,,,,,,,,,,
125.0,310.0,0.01,1.59,0.0,20.0,0.0,0,0,0,,,,,,,,,,
125.0,310.0,0.01,1.59,0.0,20.0,10.0,0,0,0,,,,,,,,,,
125.0,310.0,0.01,1.59,0.0,20.0,20.0,0,0,0,,,,,,,,,,
125.0,310.0,0.01,1.59,20.0,-20.0,0.0,0,0,0,,,,,,,,,,
125.0,310.0,0.01,1.59,20.0,-20.0,10.0,0,0,0,,,,,,,,,,
125.0,310.0,0.01,1.59,20.0,-20.0,20.0,0,0,0,,,,,,,,,,
125.0,310.0,0.01,1.59,20.0,0.0,0.0,0,0,0,,,,,,,,,,
125.0,310.0,0.01,1.59,20.0,0.0,10.0,0,0,0,,,,,,,,,,
125.0,310.0,0.01,1.59,20.0,0.0,20.0,0,0,0,,,,,,,,,,
125.0,310.0,0.01,1.59,20.0,20.0,0.0,0,0,0,,,,,,,,,,
125.0,310.0,0.01,1.59,20.0,20.0,10.0,0,0,0,,,,,,,,,,
125.0,310.0,0.01,1.59,20.0,20.0,20.0,0,0,0,,,,,,,,,,
125.0,320.0,0.001,1.55,-20.0,-20.0,0.0,0,0,0,0.0,0.0,,,1.170155731010347,0.1117529508788914,0.0,0.0,1.281909133073518,0.9128226805005828
125.0,320.0,0.001,1.55,-20.0,-20.0,10.0,0,0,0,0.0,0.0,,,1.170194387536605,0.1117566423300093,0.0,0.0,1.281951481050894,0.9128226807595908
125.0,320.0,0.001,1.55,-20.0,-20.0,20.0,0,0,0,0.0,0.0,,,1.170233044699956,0.1117603338415579,0.0,0.0,1.281993829725793,0.9128226810188765
125.0,320.0,0.001,1.55,-20.0,0.0,0.0,1,0,0,0.0,0.0,,,9.363554959374772e-07,7.149728376559871e-08,0.0,0.0,1.459037059423356e-06,0.6417626542725007
125.0,320.0,0.001,1.55,-20.0,0.0,10.0,1,0,0,0.0,0.0,,,9.020953232979001e-07,6.857513938356954e-08,0.0,0.0,1.421854742401766e-06,0.6344497060044967
125.0,320.0,0.001,1.55,-20.0,0.0,20.0,1,0,0,0.0,0.0,,,8.684736563713907e-07,6.571396244140063e-08,0.0,0.0,1.385371898532268e-06,0.6268884602694011
125.0,320.0,0.001,1.55,-20.0,20.0,0.0,0,0,0,0.0,0.0,,,1.174346469146535,0.1121107847933217,0.0,0.0,1.286457705124136,0.9128527618661327
125.0,320.0,0.001,1.55,-20.0,20.0,10.0,0,0,0,0.0,0.0,,,1.174307744101355,0.1121070874983876,0.0,0.0,1.286415282784022,0.9128527621033485
125.0,320.0,0.001,1.55,-20.0,20.0,20.0,0,0,0,0.0,0.0,,,1.17426901969472,0.1121033902644332,0.0,0.0,1.286372861143433,0.9128527623405659
125.0,320.0,0.001,1.55,0.0,-20.0,0.0,0,0,0,0.0,0.0,,,1.171169302742922,0.1118497404876754,0.0,0.0,1.283019494414877,0.9128226872944246
125.0,320.0,0.001,1.55,0.0,-20.0,10.0,0,0,0,0.0,0.0,,,1.171207976006216,0.1118534335365808,0.0,0.0,1.283061860727076,0.9128226875534465
125.0,320.0,0.001,1.55,0.0,-20.0,20.0,0,0,0,0.0,0.0,,,1.171246649907662,0.1118571266463703,0.0,0.0,1.283104227738312,0.9128226878124952
125.0,320.0,0.001,1.55,0.0,0.0,0.0,1,0,0,0.0,0.0,,,2.492640641317598e-07,1.504405374784738e-08,0.0,0.0,7.154923975990457e-07,0.3483811497763037
125.0,320.0,0.001,1.55,0.0,0.0,10.0,1,0,0,0.0,0.0,,,2.317419869334145e-07,1.372013911913795e-08,0.0,0.0,6.966464057720088e-07,0.3326536748246092
125.0,320.0,0.001,1.55,0.0,0.0,20.0,1,0,0,0.0,0.0,,,2.148584154483837e-07,1.245719193039305e-08,0.0,0.0,6.784998870982538e-07,0.3166668403841164
125.0,320.0,0.001,1.55,0.0,20.0,0.0,0,0,0,0.0,0.0,,,1.173331523230706,0.1120138822779533,0.0,0.0,1.285345856692939,0.9128527680865334
125.0,320.0,0.001,1.55,0.0,20.0,10.0,0,0,0,0.0,0.0,,,1.173292814923662,0.1120101865812522,0.0,0.0,1.285303452689194,0.9128527683239502
125.0,320.0,0.001,1.55,0.0,20.0,20.0,0,0,0,0.0,0.0,,,1.173254107254921,0.1120064909455991,0.0,0.0,1.2852610493848,0.9128527685613037
125.0,320.0,0.001,1.55,20.0,-20.0,0.0,0,0,0,0.0,0.0,,,1.172183313257225,0.1119465719935309,0.0,0.0,1.284130336435035,0.912822694082133
125.0,320.0,0.001,1.55,20.0,-20.0,10.0,0,0,0,0.0,0.0,,,1.17222200325783,0.1119502666404631,0.0,0.0,1.284172721082572,0.9128226943410175
125.0,320.0,0.001,1.55,20.0,-20.0,20.0,0,0,0,0.0,0.0,,,1.172260693897644,0.1119539613485837,0.0,0.0,1.284215106430507,0.9128226945997839
125.0,320.0,0.001,1.55,20.0,0.0,0.0,0,0,0,0.0,0.0,,,9.53105499017146e-10,4.875861111661348e-10,0.0,0.0,4.526249713296247e-07,0.002105728935408307
125.0,320.0,0.001,1.55,20.0,0.0,10.0,0,0,0,0.0,0.0,,,1.691237419108601e-10,7.619012358117677e-10,0.0,0.0,4.52115304697179e-07,0.0003740721452111359
125.0,320.0,0.001,1.55,20.0,0.0,20.0,0,0,0,0.0,0.0,,,2.364769809179646e-11,1.097183800404004e-09,0.0,0.0,4.523051112175127e-07,5.228262406352582e-05
125.0,320.0,0.001,1.55,20.0,20.0,0.0,0,0,0,0.0,0.0,,,1.172317016095721,0.1119170216595343,0.0,0.0,1.284234488939535,0.9128527743120881
125.0,320.0,0.001,1.55,20.0,20.0,10.0,0,0,0,0.0,0.0,,,1.172278324526028,0.1119133275609216,0.0,0.0,1.28419210327123,0.9128527745497557
125.0,320.0,0.001,1.55,20.0,20.0,20.0,0,0,0,0.0,0.0,,,1.172239633595717,0.1119096335234965,0.0,0.0,1.284149718303493,0.9128527747873338
125.0,320.0,0.001,1.57,-20.0,-20.0,0.0,0,0,0,0.0,0.0,,,545334.5987039822,52071.03790371756,0.0,0.0,597405.6366077028,0.912838053890151
125.0,320.0,0.001,1.57,-20.0,-20.0,10.0,0,0,0,0.0,0.0,,,545352.5897112073,52072.75573830626,0.0,0.0,597425.3454495165,0.9128380539343732
125.0,320.0,0.001,1.57,-20.0,-20.0,20.0,0,0,0,0.0,0.0,,,545370.581273425,52074.47369347604,0.0,0.0,597445.0549669041,0.9128380538753245
125.0,320.0,0.001,1.57,-20.0,0.0,0.0,1,0,0,0.0,0.0,,,0.0002439310885577411,2.326650447062502e-05,0.0,0.0,0.0002672006579991857,0.9129135024752988
125.0,320.0,0.001,1.57,-20.0,0.0,10.0,1,0,0,0.0,0.0,,,1.181304356448656e-05,1.122434181678072e-06,0.0,0.0,1.293854271698083e-05,0.9130119073597718
125.0,320.0,0.001,1.57,-20.0,0.0,20.0,0,0,0,0.0,0.0,,,7.646228755447291e-05,7.315059269476887e-06,0.0,0.0,8.378041179477038e-05,0.9126511306936036
125.0,320.0,0.001,1.57,-20.0,20.0,0.0,1,0,0,0.0,0.0,,,545380.733985559,52075.44070075022,0.0,0.0,597456.1746863122,0.9128380575728506
125.0,320.0,0.001,1.57,-20.0,20.0,10.0,1,0,0,0.0,0.0,,,545362.7424183671,52073.72278744665,0.0,0.0,597436.4652058168,0.9128380575673258
125.0,320.0,0.001,1.57,-20.0,20.0,20.0,1,0,0,0.0,0.0,,,545344.7511538527,52072.00490427951,0.0,0.0,597416.7560581352,0.9128380575599133
125.0,320.0,0.001,1.57,0.0,-20.0,0.0,0,0,0,0.0,0.0,,,545335.290236076,52071.10390306713,0.0,0.0,597406.3941391462,0.9128380539379665
125.0,320.0,0.001,1.57,0.0,-20.0,10.0,0,0,0,0.0,0.0,,,545353.2812535125,52072.82173861255,0.0,0.0,597426.1029921281,0.9128380539822148
125.0,320.0,0.001,1.57,0.0,-20.0,20.0,0,0,0,0.0,0.0,,,545371.2728152564,52074.53969122755,0.0,0.0,597445.8125064869,0.9128380539269992
125.0,320.0,0.001,1.57,0.0,0.0,0.0,1,0,0,0.0,0.0,,,0.0002295223195573144,2.189144370393069e-05,0.0,0.0,0.0002514168282320609,0.9129155004113824
125.0,320.0,0.001,1.57,0.0,0.0,10.0,1,0,0,0.0,0.0,,,8.81324796421873e-06,8.367542858714636e-07,0.0,0.0,9.653067220902507e-06,0.9129997504974114
125.0,320.0,0.001,1.57,0.0,0.0,20.0,0,0,0,0.0,0.0,,,8.487146528660538e-05,8.118760220189098e-06,0.0,0.0,9.299329047761116e-05,0.912662245315847
125.0,320.0,0.001,1.57,0.0,20.0,0.0,1,0,0,0.0,0.0,,,545380.0423098154,52075.3746564165,0.0,0.0,597455.4169662349,0.9128380575728171
125.0,320.0,0.001,1.57,0.0,20.0,10.0,1,0,0,0.0,0.0,,,545362.0507528193,52073.65674406377,0.0,0.0,597435.707496886,0.9128380575673272
125.0,320.0,0.001,1.57,0.0,20.0,20.0,1,0,0,0.0,0.0,,,545344.0594937465,52071.93886014962,0.0,0.0,597415.9983538991,0.9128380575618498
125.0,320.0,0.001,1.57,20.0,-20.0,0.0,0,0,0,0.0,0.0,,,545335.9817611625,52071.16990041125,0.0,0.0,597407.1516615768,0.9128380539878238
125.0,320.0,0.001,1.57,20.0,-20.0,10.0,0,0,0,0.0,0.0,,,545353.9729134988,52072.88778146583,0.0,0.0,597426.8606949676,0.9128380539822162
125.0,320.0,0.001,1.57,20.0,-20.0,20.0,0,0,0,0.0,0.0,,,545371.9643599872,52074.60568324322,0.0,0.0,597446.5700432335,0.9128380539878604
125.0,320.0,0.001,1.57,20.0,0.0,0.0,1,0,0,0.0,0.0,,,0.0002155521591219484,2.055826328675609e-05,0.0,0.0,0.0002361134873795164,0.9129176037939809
125.0,320.0,0.001,1.57,20.0,0.0,10.0,1,0,0,0.0,0.0,,,6.25206092515799e-06,5.929547382100761e-07,0.0,0.0,6.848080634180379e-06,0.9129654364687946
125.0,320.0,0.001,1.57,20.0,0.0,20.0,0,0,0,0.0,0.0,,,9.371925157349821e-05,8.964341516731669e-06,0.0,0.0,0.0001026866580610427,0.912672136216433
125.0,320.0,0.001,1.57,20.0,20.0,0.0,1,0,0,0.0,0.0,,,545379.3506332979,52075.30861198618,0.0,0.0,597454.6592452872,0.9128380575728182
125.0,320.0,0.001,1.57,20.0,20.0,10.0,1,0,0,0.0,0.0,,,545361.3590936788,52073.59070256555,0.0,0.0,597434.9497962473,0.9128380575653835
125.0,320.0,0.001,1.57,20.0,20.0,20.0,1,0,0,0.0,0.0,,,545343.3678459958,52071.87281971253,0.0,0.0,597415.2406657113,0.9128380575599464
125.0,320.0,0.001,1.59,-20.0,-20.0,0.0,0,0,0,,,,,,,,,,
125.0,320.0,0.001,1.59,-20.0,-20.0,10.0,0,0,0,,,,,,,,,,
125.0,320.0,0.001,1.59,-20.0,-20.0,20.0,0,0,0,,,,,,,,,,
125.0,320.0,0.001,1.59,-20.0,0.0,0.0,0,0,0,,,,,,,,,,
125.0,320.0,0.001,1.59,-20.0,0.0,10.0,0,0,0,,,,,,,,,,
125.0,320.0,0.001,1.59,-20.0,0.0,20.0,0,0,0,,,,,,,,,,
125.0,320.0,0.001,1.59,-20.0,20.0,0.0,0,0,0,,,,,,,,,,
125.0,320.0,0.001,1.59,-20.0,20.0,10.0,0,0,0,,,,,,,,,,
125.0,320.0,0.001,1.59,-20.0,20.0,20.0,0,0,0,,,,,,,,,,
125.0,320.0,0.001,1.59,0.0,-20.0,0.0,0,0,0,,,,,,,,,,
125.0,320.0,0.001,1.59,0.0,-20.0,10.0,0,0,0,,,,,,,,,,
125.0,320.0,0.001,1.59,0.0,-20.0,20.0,0,0,0,,,,,,,,,,
125.0,320.0,0.001,1.59,0.0,0.0,0.0,0,0,0,,,,,,,,,,
125.0,320.0,0.001,1.59,0.0,0.0,10.0,0,0,0,,,,,,,,,,
125.0,320.0,0.001,1.59,0.0,0.0,20.0,0,0,0,,,,,,,,,,
125.0,320.0,0.001,1.59,0.0,20.0,0.0,0,0,0,,,,,,,,,,
125.0,320.0,0.001,1.59,0.0,20.0,10.0,0,0,0,,,,,,,,,,
125.0,320.0,0.001,1.59,0.0,20.0,20.0,0,0,0,,,,,,,,,,
125.0,320.0,0.001,1.59,20.0,-20.0,0.0,0,0,0,,,,,,,,,,
125.0,320.0,0.001,1.59,20.0,-20.0,10.0,0,0,0,,,,,,,,,,
125.0,320.0,0.001,1.59,20.0,-20.0,20.0,0,0,0,,,,,,,,,,
125.0,320.0,0.001,1.59,20.0,0.0,0.0,0,0,0,,,,,,,,,,
125.0,320.0,0.001,1.59,20.0,0.0,10.0,0,0,0,,,,,,,,,,
125.0,320.0,0.001,1.59,20.0,0.0,20.0,0,0,0,,,,,,,,,,
125.0,320.0,0.001,1.59,20.0,20.0,0.0,0,0,0,,,,,,,,,,
125.0,320.0,0.001,1.59,20.0,20.0,10.0,0,0,0,,,,,,,,,,
125.0,320.0,0.001,1.59,20.0,20.0,20.0,0,0,0,,,,,,,,,,
125.0,320.0,0.0055000000000000005,1.55,-20.0,-20.0,0.0,0,0,0,0.0,0.0,,,1.169938493863091,0.111736569653487,0.0,0.0,1.281675720185077,0.9128194249432676
125.0,320.0,0.0055000000000000005,1.55,-20.0,-20.0,10.0,0,0,0,0.0,0.0,,,1.169977149853437,0.1117402611255174,0.0,0.0,1.281718067647455,0.9128194252585411
125.0,320.0,0.0055000000000000005,1.55,-20.0,-20.0,20.0,0,0,0,0.0,0.0,,,1.170015806480939,0.1117439526580049,0.0,0.0,1.281760415807444,0.9128194255740756
125.0,320.0,0.0055000000000000005,1.55,-20.0,0.0,0.0,1,0,0,0.0,0.0,,,9.042036288727858e-07,6.537446015326901e-08,0.0,0.0,1.626246588748364e-06,0.5560064722833353
125.0,320.0,0.0055000000000000005,1.55,-20.0,0.0,10.0,1,0,0,0.0,0.0,,,8.705396900674367e-07,6.258135417015044e-08,0.0,0.0,1.589789543959926e-06,0.5475817182059544
125.0,320.0,0.0055000000000000005,1.55,-20.0,0.0,20.0,1,0,0,0.0,0.0,,,8.375143578245208e-07,5.984922525650894e-08,0.0,0.0,1.554032082802173e-06,0.5389299018295335
125.0,320.0,0.0055000000000000005,1.55,-20.0,20.0,0.0,0,0,0,0.0,0.0,,,1.174056208646899,0.1120787017212395,0.0,0.0,1.286135567036638,0.9128557196750423
125.0,320.0,0.0055000000000000005,1.55,-20.0,20.0,10.0,0,0,0,0.0,0.0,,,1.174017485330216,0.112075004663475,0.0,0.0,1.286093146662191,0.9128557199586627
125.0,320.0,0.0055000000000000005,1.55,-20.0,20.0,20.0,0,0,0,0.0,0.0,,,1.1739787626521,0.1120713076667391,0.0,0.0,1.286050726987339,0.9128557202422528
125.0,320.0,0.0055000000000000005,1.55,0.0,-20.0,0.0,0,0,0,0.0,0.0,,,1.170951861821888,0.1118333416931729,0.0,0.0,1.28278586018356,0.9128194332094759
125.0,320.0,0.0055000000000000005,1.55,0.0,-20.0,10.0,0,0,0,0.0,0.0,,,1.170990534548741,0.1118370347629631,0.0,0.0,1.282828225980204,0.9128194335246964
125.0,320.0,0.0055000000000000005,1.55,0.0,-20.0,20.0,0,0,0,0.0,0.0,,,1.171029207913848,0.1118407278936479,0.0,0.0,1.282870592475996,0.9128194338399409
125.0,320.0,0.0055000000000000005,1.55,0.0,0.0,0.0,1,0,0,0.0,0.0,,,2.328601001667371e-07,1.231309930250691e-08,0.0,0.0,9.018416991903302e-07,0.2582050712179287
125.0,320.0,0.0055000000000000005,1.55,0.0,0.0,10.0,1,0,0,0.0,0.0,,,2.159337670061358e-07,1.111817630476987e-08,0.0,0.0,8.837204430320206e-07,0.2443462394796174
125.0,320.0,0.0055000000000000005,1.55,0.0,0.0,20.0,1,0,0,0.0,0.0,,,1.996460404082003e-07,9.984230376532361e-09,0.0,0.0,8.662987705058765e-07,0.2304586445293195
125.0,320.0,0.0055000000000000005,1.55,0.0,20.0,0.0,0,0,0,0.0,0.0,,,1.173041498000734,0.1119818235587385,0.0,0.0,1.285023978227972,0.9128557271112868
125.0,320.0,0.0055000000000000005,1.55,0.0,20.0,10.0,0,0,0,0.0,0.0,,,1.173002791421657,0.1119781280991945,0.0,0.0,1.284981576189351,0.9128557273951191
125.0,320.0,0.0055000000000000005,1.55,0.0,20.0,20.0,0,0,0,0.0,0.0,,,1.172964085480866,0.111974432700524,0.0,0.0,1.28493917484989,0.9128557276790124
125.0,320.0,0.0055000000000000005,1.55,20.0,-20.0,0.0,0,0,0,0.0,0.0,,,1.171965668467405,0.111930155620949,0.0,0.0,1.283896480756853,0.9128194414681581
125.0,320.0,0.0055000000000000005,1.55,20.0,-20.0,10.0,0,0,0,0.0,0.0,,,1.17200435793108,0.1119338502886638,0.0,0.0,1.283938864888243,0.9128194417832296
125.0,320.0,0.0055000000000000005,1.55,20.0,-20.0,20.0,0,0,0,0.0,0.0,,,1.172043048034104,0.1119375450176473,0.0,0.0,1.283981249720252,0.9128194420981336
125.0,320.0,0.0055000000000000005,1.55,20.0,0.0,0.0,0,0,0,0.0,0.0,,,2.02076917126385e-10,1.139432881801084e-09,0.0,0.0,6.580100095200167e-07,0.0003071031051241749
125.0,320.0,0.0055000000000000005,1.55,20.0,0.0,10.0,0,0,0,0.0,0.0,,,1.334940127948883e-11,1.542692869401053e-09,0.0,0.0,6.582245419917955e-07,2.0280923040477e-05
125.0,320.0,0.0055000000000000005,1.55,20.0,0.0,20.0,0,0,0,0.0,0.0,,,4.632284480714617e-10,2.006929926505692e-09,0.0,0.0,6.591386580956621e-07,0.0007027784554615403
125.0,320.0,0.0055000000000000005,1.55,20.0,20.0,0.0,0,0,0,0.0,0.0,,,1.172027226040163,0.1118849872840003,0.0,0.0,1.283912869992663,0.9128557345537479
125.0,320.0,0.0055000000000000005,1.55,20.0,20.0,10.0,0,0,0,0.0,0.0,,,1.171988536198161,0.111881293422466,0.0,0.0,1.283870486289127,0.9128557348379064
125.0,320.0,0.0055000000000000005,1.55,20.0,20.0,20.0,0,0,0,0.0,0.0,,,1.171949846995338,0.1118775996220236,0.0,0.0,1.283828103285861,0.9128557351220312
125.0,320.0,0.0055000000000000005,1.57,-20.0,-20.0,0.0,0,0,0,0.0,0.0,,,545314.7639727142,52069.14694004163,0.0,0.0,597383.9109127936,0.9128380493868364
125.0,320.0,0.0055000000000000005,1.57,-20.0,-20.0,10.0,0,0,0,0.0,0.0,,,545332.7544541289,52070.86472448905,0.0,0.0,597403.6191786557,0.9128380494311087
125.0,320.0,0.0055000000000000005,1.57,-20.0,-20.0,20.0,0,0,0,0.0,0.0,,,545350.7454905021,52072.58262949739,0.0,0.0,597423.3281200372,0.9128380493721323
125.0,320.0,0.0055000000000000005,1.57,-20.0,0.0,0.0,1,0,0,0.0,0.0,,,0.0002434024103674881,2.315317778493618e-05,0.0,0.0,0.0002665932433471038,0.9130104248387823
125.0,320.0,0.0055000000000000005,1.57,-20.0,0.0,10.0,1,0,0,0.0,0.0,,,1.16978446616802e-05,1.097737953972615e-06,0.0,0.0,1.283323781029039e-05,0.9115271480670476
125.0,320.0,0.0055000000000000005,1.57,-20.0,0.0,20.0,0,0,0,0.0,0.0,,,7.675401439068191e-05,7.378367719304195e-06,0.0,0.0,8.41700373046774e-05,0.9118923651280909
125.0,320.0,0.0055000000000000005,1.57,-20.0,20.0,0.0,1,0,0,0.0,0.0,,,545360.848392842,52073.53892135796,0.0,0.0,597434.3873142377,0.9128380621753429
125.0,320.0,0.0055000000000000005,1.57,-20.0,20.0,10.0,1,0,0,0.0,0.0,,,545342.8573522529,52071.82105836846,0.0,0.0,597414.6784106591,0.9128380621699216
125.0,320.0,0.0055000000000000005,1.57,-20.0,20.0,20.0,1,0,0,0.0,0.0,,,545324.8666143726,52070.10322551457,0.0,0.0,597394.9698399248,0.912838062162618
125.0,320.0,0.0055000000000000005,1.57,0.0,-20.0,0.0,0,0,0,0.0,0.0,,,545315.4554796406,52069.21293699298,0.0,0.0,597384.6684166713,0.912838049434652
125.0,320.0,0.0055000000000000005,1.57,0.0,-20.0,10.0,0,0,0,0.0,0.0,,,545333.4461081171,52070.93076433581,0.0,0.0,597404.3768724906,0.9128380494348345
125.0,320.0,0.0055000000000000005,1.57,0.0,-20.0,20.0,0,0,0,0.0,0.0,,,545351.4370071649,52072.64862485158,0.0,0.0,597424.0856320543,0.9128380494238054
125.0,320.0,0.0055000000000000005,1.57,0.0,0.0,0.0,1,0,0,0.0,0.0,,,0.0002290097599481532,2.178154558995888e-05,0.0,0.0,0.0002508289607327438,0.9130116366114566
125.0,320.0,0.0055000000000000005,1.57,0.0,0.0,10.0,1,0,0,0.0,0.0,,,8.713833932395094e-06,8.15454765417337e-07,0.0,0.0,9.566943892444133e-06,0.9108273269248693
125.0,320.0,0.0055000000000000005,1.57,0.0,0.0,20.0,0,0,0,0.0,0.0,,,8.517864327940802e-05,8.185433511507022e-06,0.0,0.0,9.340173198555848e-05,0.9119599976216513
125.0,320.0,0.0055000000000000005,1.57,0.0,20.0,0.0,1,0,0,0.0,0.0,,,545360.1567422653,52073.47287939449,0.0,0.0,597433.6296216976,0.9128380621753652
125.0,320.0,0.0055000000000000005,1.57,0.0,20.0,10.0,1,0,0,0.0,0.0,,,545342.1657119093,52071.75501739411,0.0,0.0,597413.9207293411,0.9128380621699257
125.0,320.0,0.0055000000000000005,1.57,0.0,20.0,20.0,1,0,0,0.0,0.0,,,545324.1749795261,52070.03718382372,0.0,0.0,597394.2121633876,0.9128380621645188
125.0,320.0,0.0055000000000000005,1.57,20.0,-20.0,0.0,0,0,0,0.0,0.0,,,545316.1471339159,52069.27897925468,0.0,0.0,597385.4261132083,0.9128380494347298
125.0,320.0,0.0055000000000000005,1.57,20.0,-20.0,10.0,0,0,0,0.0,0.0,,,545334.1377429311,52070.99680478741,0.0,0.0,597405.1345477563,0.9128380494348386
125.0,320.0,0.0055000000000000005,1.57,20.0,-20.0,20.0,0,0,0,0.0,0.0,,,545352.1286810954,52072.71466176051,0.0,0.0,597424.8433428936,0.9128380494349296
125.0,320.0,0.0055000000000000005,1.57,20.0,0.0,0.0,1,0,0,0.0,0.0,,,0.0002150557021819685,2.045179223790132e-05,0.0,0.0,0.0002355451496145015,0.9130126539813428
125.0,320.0,0.0055000000000000005,1.57,20.0,0.0,10.0,1,0,0,0.0,0.0,,,6.168415788788186e-06,5.750503989711657e-07,0.0,0.0,6.781121382391053e-06,0.9096453876796962
125.0,320.0,0.0055000000000000005,1.57,20.0,0.0,20.0,0,0,0,0.0,0.0,,,9.404186477027403e-05,9.034378130550424e-06,0.0,0.0,0.0001031138980954562,0.912019296207929
125.0,320.0,0.0055000000000000005,1.57,20.0,20.0,0.0,1,0,0,0.0,0.0,,,545359.465090952,52073.40683737273,0.0,0.0,597432.8719283624,0.9128380621753694
125.0,320.0,0.0055000000000000005,1.57,20.0,20.0,10.0,1,0,0,0.0,0.0,,,545341.4740779349,52071.68897827837,0.0,0.0,597413.1630562509,0.9128380621680191
125.0,320.0,0.0055000000000000005,1.57,20.0,20.0,20.0,1,0,0,0.0,0.0,,,545323.4833569416,52069.97114578649,0.0,0.0,597393.4545027658,0.912838062162626
125.0,320.0,0.0055000000000000005,1.59,-20.0,-20.0,0.0,0,0,0,,,,,,,,,,
125.0,320.0,0.0055000000000000005,1.59,-20.0,-20.0,10.0,0,0,0,,,,,,,,,,
125.0,320.0,0.0055000000000000005,1.59,-20.0,-20.0,20.0,0,0,0,,,,,,,,,,
125.0,320.0,0.0055000000000000005,1.59,-20.0,0.0,0.0,0,0,0,,,,,,,,,,
125.0,320.0,0.0055000000000000005,1.59,-20.0,0.0,10.0,0,0,0,,,,,,,,,,
125.0,320.0,0.0055000000000000005,1.59,-20.0,0.0,20.0,0,0,0,,,,,,,,,,
125.0,320.0,0.0055000000000000005,1.59,-20.0,20.0,0.0,0,0,0,,,,,,,,,,
125.0,320.0,0.0055000000000000005,1.59,-20.0,20.0,10.0,0,0,0,,,,,,,,,,
125.0,320.0,0.0055000000000000005,1.59,-20.0,20.0,20.0,0,0,0,,,,,,,,,,
125.0,320.0,0.0055000000000000005,1.59,0.0,-20.0,0.0,0,0,0,,,,,,,,,,
125.0,320.0,0.0055000000000000005,1.59,0.0,-20.0,10.0,0,0,0,,,,,,,,,,
125.0,320.0,0.0055000000000000005,1.59,0.0,-20.0,20.0,0,0,0,,,,,,,,,,
125.0,320.0,0.0055000000000000005,1.59,0.0,0.0,0.0,0,0,0,,,,,,,,,,
125.0,320.0,0.0055000000000000005,1.59,0.0,0.0,10.0,0,0,0,,,,,,,,,,
125.0,320.0,0.0055000000000000005,1.59,0.0,0.0,20.0,0,0,0,,,,,,,,,,
125.0,320.0,0.0055000000000000005,1.59,0.0,20.0,0.0,0,0,0,,,,,,,,,,
125.0,320.0,0.0055000000000000005,1.59,0.0,20.0,10.0,0,0,0,,,,,,,,,,
125.0,320.0,0.0055000000000000005,1.59,0.0,20.0,20.0,0,0,0,,,,,,,,,,
125.0,320.0,0.0055000000000000005,1.59,20.0,-20.0,0.0,0,0,0,,,,,,,,,,
125.0,320.0,0.0055000000000000005,1.59,20.0,-20.0,10.0,0,0,0,,,,,,,,,,
125.0,320.0,0.0055000000000000005,1.59,20.0,-20.0,20.0,0,0,0,,,,,,,,,,
125.0,320.0,0.0055000000000000005,1.59,20.0,0.0,0.0,0,0,0,,,,,,,,,,
125.0,320.0,0.0055000000000000005,1.59,20.0,0.0,10.0,0,0,0,,,,,,,,,,
125.0,320.0,0.0055000000000000005,1.59,20.0,0.0,20.0,0,0,0,,,,,,,,,,
125.0,320.0,0.0055000000000000005,1.59,20.0,20.0,0.0,0,0,0,,,,,,,,,,
125.0,320.0,0.0055000000000000005,1.59,20.0,20.0,10.0,0,0,0,,,,,,,,,,
125.0,320.0,0.0055000000000000005,1.59,20.0,20.0,20.0,0,0,0,,,,,,,,,,
125.0,320.0,0.01,1.55,-20.0,-20.0,0.0,0,0,0,0.0,0.0,,,1.169673899332561,0.1117156646829738,0.0,0.0,1.281390464583826,0.9128161412629608
125.0,320.0,0.01,1.55,-20.0,-20.0,10.0,0,0,0,0.0,0.0,,,1.169712553220812,0.1117193560264101,0.0,0.0,1.281432809815514,0.9128161416354043
125.0,320.0,0.01,1.55,-20.0,-20.0,20.0,0,0,0,0.0,0.0,,,1.169751207744802,0.1117230474297569,0.0,0.0,1.281475155742851,0.9128161420083998
125.0,320.0,0.01,1.55,-20.0,0.0,0.0,1,0,0,0.0,0.0,,,8.725774761717475e-07,5.952314580955009e-08,0.0,0.0,1.832668913525984e-06,0.47612390308566
125.0,320.0,0.01,1.55,-20.0,0.0,10.0,1,0,0,0.0,0.0,,,8.395112170881406e-07,5.68592091467302e-08,0.0,0.0,1.796938717779593e-06,0.4671896758535493
125.0,320.0,0.01,1.55,-20.0,0.0,20.0,1,0,0,0.0,0.0,,,8.070836395591321e-07,5.42562567140199e-08,0.0,0.0,1.761908187816994e-06,0.4580736074330352
125.0,320.0,0.01,1.55,-20.0,20.0,0.0,0,0,0,0.0,0.0,,,1.173718441186031,0.1120420847563466,0.0,0.0,1.285761426510669,0.9128586509017438
125.0,320.0,0.01,1.55,-20.0,20.0,10.0,0,0,0,0.0,0.0,,,1.173679721166603,0.1120383880855341,0.0,0.0,1.285719009820429,0.9128586512308987
125.0,320.0,0.01,1.55,-20.0,20.0,20.0,0,0,0,0.0,0.0,,,1.173641001785897,0.1120346914757398,0.0,0.0,1.285676593829928,0.9128586515600426
125.0,320.0,0.01,1.55,0.0,-20.0,0.0,0,0,0,0.0,0.0,,,1.170687022501075,0.1118124152362946,0.0,0.0,1.282500338305661,0.9128161510254998
125.0,320.0,0.01,1.55,0.0,-20.0,10.0,0,0,0,0.0,0.0,,,1.170725693124704,0.1118161081773602,0.0,0.0,1.282542701870356,0.9128161513978547
125.0,320.0,0.01,1.55,0.0,-20.0,20.0,0,0,0,0.0,0.0,,,1.170764364386664,0.1118198011793268,0.0,0.0,1.282585066134282,0.9128161517702319
125.0,320.0,0.01,1.55,0.0,0.0,0.0,1,0,0,0.0,0.0,,,2.170053279333296e-07,9.855001489872332e-09,0.0,0.0,1.127428620967047e-06,0.1924781080572482
125.0,320.0,0.01,1.55,0.0,0.0,10.0,1,0,0,0.0,0.0,,,2.00675506556808e-07,8.789136292409905e-09,0.0,0.0,1.11003293439306e-06,0.1807833806899907
125.0,320.0,0.01,1.55,0.0,0.0,20.0,1,0,0,0.0,0.0,,,1.849843667349655e-07,7.784255325037838e-09,0.0,0.0,1.093336913603845e-06,0.1691924643111354
125.0,320.0,0.01,1.55,0.0,20.0,0.0,0,0,0,0.0,0.0,,,1.17270400687283,0.1119452348667018,0.0,0.0,1.284650142307824,0.9128586595305346
125.0,320.0,0.01,1.55,0.0,20.0,10.0,0,0,0,0.0,0.0,,,1.17266530359,0.1119415397939456,0.0,0.0,1.284607743952237,0.9128586598599866
125.0,320.0,0.01,1.55,0.0,20.0,20.0,0,0,0,0.0,0.0,,,1.172626600945371,0.1119378447821825,0.0,0.0,1.284565346295845,0.9128586601894103
125.0,320.0,0.01,1.55,20.0,-20.0,0.0,0,0,0,0.0,0.0,,,1.171700584243627,0.1119092076668555,0.0,0.0,1.283610692478774,0.9128161607792172
125.0,320.0,0.01,1.55,20.0,-20.0,10.0,0,0,0,0.0,0.0,,,1.17173927160291,0.1119129022057897,0.0,0.0,1.283653074376991,0.9128161611513318
125.0,320.0,0.01,1.55,20.0,-20.0,20.0,0,0,0,0.0,0.0,,,1.171777959601579,0.1119165968059291,0.0,0.0,1.2836954569758,0.9128161615233243
125.0,320.0,0.01,1.55,20.0,0.0,0.0,0,0,0,0.0,0.0,,,5.96308296077497e-12,2.063788382598373e-09,0.0,0.0,9.02638043009404e-07,6.60628366703224e-06
125.0,320.0,0.01,1.55,20.0,0.0,10.0,0,0,0,0.0,0.0,,,4.125794135181624e-10,2.595994650459202e-09,0.0,0.0,9.035768656078221e-07,0.0004566068800805636
125.0,320.0,0.01,1.55,20.0,0.0,20.0,0,0,0,0.0,0.0,,,1.457877298727278e-09,3.189185148404364e-09,0.0,0.0,9.052153539909736e-07,0.001610530899967275
125.0,320.0,0.01,1.55,20.0,20.0,0.0,0,0,0,0.0,0.0,,,1.171690011132581,0.1118484268540374,0.0,0.0,1.28353933855491,0.9128586681665277
125.0,320.0,0.01,1.55,20.0,20.0,10.0,0,0,0,0.0,0.0,,,1.171651324585579,0.1118447333792035,0.0,0.0,1.283496958533074,0.9128586684963206
125.0,320.0,0.01,1.55,20.0,20.0,20.0,0,0,0,0.0,0.0,,,1.171612638677789,0.1118410399655531,0.0,0.0,1.283454579211633,0.912858668826018
125.0,320.0,0.01,1.57,-20.0,-20.0,0.0,0,0,0,0.0,0.0,,,545272.8451399147,52065.14731777975,0.0,0.0,597337.9924578051,0.9128380448334396
125.0,320.0,0.01,1.57,-20.0,-20.0,10.0,0,0,0,0.0,0.0,,,545290.8343669168,52066.86498250149,0.0,0.0,597357.699349529,0.9128380448777867
125.0,320.0,0.01,1.57,-20.0,-20.0,20.0,0,0,0,0.0,0.0,,,545308.8241488198,52068.58276775335,0.0,0.0,597377.4069166839,0.9128380448189162
125.0,320.0,0.01,1.57,-20.0,0.0,0.0,1,0,0,0.0,0.0,,,0.0002428644587816118,2.303919238888013e-05,0.0,0.0,0.0002660143623006441,0.9129749863172094
125.0,320.0,0.01,1.57,-20.0,0.0,10.0,1,0,0,0.0,0.0,,,1.158273878766922e-05,1.073272485232413e-06,0.0,0.0,1.276672240293048e-05,0.9072601739198558
125.0,320.0,0.01,1.57,-20.0,0.0,20.0,0,0,0,0.0,0.0,,,7.70431822843977e-05,7.441648843859782e-06,0.0,0.0,8.459554225844424e-05,0.9107239013732704
125.0,320.0,0.01,1.57,-20.0,20.0,0.0,1,0,0,0.0,0.0,,,545318.8768350213,52069.52830608014,0.0,0.0,597388.4051412122,0.9128380667283247
125.0,320.0,0.01,1.57,-20.0,20.0,10.0,1,0,0,0.0,0.0,,,545300.8870496979,52067.810562998,0.0,0.0,597368.6976128067,0.9128380667229784
125.0,320.0,0.01,1.57,-20.0,20.0,20.0,1,0,0,0.0,0.0,,,545282.8975670644,52066.09285004961,0.0,0.0,597348.9904172247,0.9128380667157499
125.0,320.0,0.01,1.57,0.0,-20.0,0.0,0,0,0,0.0,0.0,,,545273.5365936687,52065.21330965826,0.0,0.0,597338.7499034377,0.912838044881258
125.0,320.0,0.01,1.57,0.0,-20.0,10.0,0,0,0,0.0,0.0,,,545291.5259677214,52066.93101728021,0.0,0.0,597358.4569851123,0.9128380448815031
125.0,320.0,0.01,1.57,0.0,-20.0,20.0,0,0,0,0.0,0.0,,,545309.5156123285,52068.64875805678,0.0,0.0,597378.1643704961,0.9128380448705615
125.0,320.0,0.01,1.57,0.0,0.0,0.0,1,0,0,0.0,0.0,,,0.0002284885089317078,2.16710441215318e-05,0.0,0.0,0.0002502702641832511,0.9129670665325447
125.0,320.0,0.01,1.57,0.0,0.0,10.0,1,0,0,0.0,0.0,,,8.614632885015368e-06,7.943972430604536e-07,0.0,0.0,9.519741258087397e-06,0.9049230069879154
125.0,320.0,0.01,1.57,0.0,0.0,20.0,0,0,0,0.0,0.0,,,8.548292025702276e-05,8.252046601242855e-06,0.0,0.0,9.384567798831173e-05,0.9108881952738352
125.0,320.0,0.01,1.57,0.0,20.0,0.0,1,0,0,0.0,0.0,,,545318.1852376591,52069.46226919973,0.0,0.0,597387.6475069696,0.91283806672835
125.0,320.0,0.01,1.57,0.0,20.0,10.0,1,0,0,0.0,0.0,,,545300.1954625681,52067.74452710665,0.0,0.0,597367.9399897854,0.9128380667229854
125.0,320.0,0.01,1.57,0.0,20.0,20.0,1,0,0,0.0,0.0,,,545282.2059854313,52066.02681344181,0.0,0.0,597348.2327989838,0.9128380667176537
125.0,320.0,0.01,1.57,20.0,-20.0,0.0,0,0,0,0.0,0.0,,,545274.2281947419,52065.27934681506,0.0,0.0,597339.5075416677,0.9128380448813793
125.0,320.0,0.01,1.57,20.0,-20.0,10.0,0,0,0,0.0,0.0,,,545292.2175493534,52066.99705265565,0.0,0.0,597359.2146021198,0.91283804488151
125.0,320.0,0.01,1.57,20.0,-20.0,20.0,0,0,0,0.0,0.0,,,545310.2072018444,52068.71478688552,0.0,0.0,597378.9219888407,0.9128380448817226
125.0,320.0,0.01,1.57,20.0,0.0,0.0,1,0,0,0.0,0.0,,,0.0002145511179999845,2.03447714758348e-05,0.0,0.0,0.0002350066006058309,0.9129578379793863
125.0,320.0,0.01,1.57,20.0,0.0,10.0,1,0,0,0.0,0.0,,,6.085085833257332e-06,5.573976018445557e-07,0.0,0.0,6.753194565113465e-06,0.9010677501715209
125.0,320.0,0.01,1.57,20.0,0.0,20.0,0,0,0,0.0,0.0,,,9.436121709708247e-05,9.1043199643643e-06,0.0,0.0,0.0001035762481914584,0.9110314260722969
125.0,320.0,0.01,1.57,20.0,20.0,0.0,1,0,0,0.0,0.0,,,545317.4936395602,52069.39623226102,0.0,0.0,597386.8898719319,0.912838066728357
125.0,320.0,0.01,1.57,20.0,20.0,10.0,1,0,0,0.0,0.0,,,545299.5038818071,52067.6784930738,0.0,0.0,597367.1823749916,0.9128380667210816
125.0,320.0,0.01,1.57,20.0,20.0,20.0,1,0,0,0.0,0.0,,,545281.5144160596,52065.96078048734,0.0,0.0,597347.4751966577,0.9128380667157636
125.0,320.0,0.01,1.59,-20.0,-20.0,0.0,0,0,0,,,,,,,,,,
125.0,320.0,0.01,1.59,-20.0,-20.0,10.0,0,0,0,,,,,,,,,,
125.0,320.0,0.01,1.59,-20.0,-20.0,20.0,0,0,0,,,,,,,,,,
125.0,320.0,0.01,1.59,-20.0,0.0,0.0,0,0,0,,,,,,,,,,
125.0,320.0,0.01,1.59,-20.0,0.0,10.0,0,0,0,,,,,,,,,,
125.0,320.0,0.01,1.59,-20.0,0.0,20.0,0,0,0,,,,,,,,,,
125.0,320.0,0.01,1.59,-20.0,20.0,0.0,0,0,0,,,,,,,,,,
125.0,320.0,0.01,1.59,-20.0,20.0,10.0,0,0,0,,,,,,,,,,
125.0,320.0,0.01,1.59,-20.0,20.0,20.0,0,0,0,,,,,,,,,,
125.0,320.0,0.01,1.59,0.0,-20.0,0.0,0,0,0,,,,,,,,,,
125.0,320.0,0.01,1.59,0.0,-20.0,10.0,0,0,0,,,,,,,,,,
125.0,320.0,0.01,1.59,0.0,-20.0,20.0,0,0,0,,,,,,,,,,
125.0,320.0,0.01,1.59,0.0,0.0,0.0,0,0,0,,,,,,,,,,
125.0,320.0,0.01,1.59,0.0,0.0,10.0,0,0,0,,,,,,,,,,
125.0,320.0,0.01,1.59,0.0,0.0,20.0,0,0,0,,,,,,,,,,
125.0,320.0,0.01,1.59,0.0,20.0,0.0,0,0,0,,,,,,,,,,
125.0,320.0,0.01,1.59,0.0,20.0,10.0,0,0,0,,,,,,,,,,
125.0,320.0,0.01,1.59,0.0,20.0,20.0,0,0,0,,,,,,,,,,
125.0,320.0,0.01,1.59,20.0,-20.0,0.0,0,0,0,,,,,,,,,,
125.0,320.0,0.01,1.59,20.0,-20.0,10.0,0,0,0,,,,,,,,,,
125.0,320.0,0.01,1.59,20.0,-20.0,20.0,0,0,0,,,,,,,,,,
125.0,320.0,0.01,1.59,20.0,0.0,0.0,0,0,0,,,,,,,,,,
125.0,320.0,0.01,1.59,20.0,0.0,10.0,0,0,0,,,,,,,,,,
125.0,320.0,0.01,1.59,20.0,0.0,20.0,0,0,0,,,,,,,,,,
125.0,320.0,0.01,1.59,20.0,20.0,0.0,0,0,0,,,,,,,,,,
125.0,320.0,0.01,1.59,20.0,20.0,10.0,0,0,0,,,,,,,,,,
125.0,320.0,0.01,1.59,20.0,20.0,20.0,0,0,0,,,,,,,,,,
212.5,300.0,0.001,1.55,-20.0,-20.0,0.0,0,0,0,0.0,0.0,,,8.202382503563335,4.153900714172161,0.0,0.0,12.35716931373716,0.6637751976453824
212.5,300.0,0.001,1.55,-20.0,-20.0,10.0,0,0,0,0.0,0.0,,,8.202653750728114,4.154038071798271,0.0,0.0,12.35757791852805,0.6637751997039529
212.5,300.0,0.001,1.55,-20.0,-20.0,20.0,0,0,0,0.0,0.0,,,8.202925002377752,4.154175431694263,0.0,0.0,12.35798653007368,0.663775201762487
212.5,300.0,0.001,1.55,-20.0,0.0,0.0,1,0,0,0.0,0.0,,,3.035099649368568e-05,1.4403462680935e-05,0.0,0.0,0.000930850460834206,0.03260566306910977
212.5,300.0,0.001,1.55,-20.0,0.0,10.0,1,0,0,0.0,0.0,,,2.983162754163579e-05,1.414949533410495e-05,0.0,0.0,0.0009300771245353295,0.03207435894796337
212.5,300.0,0.001,1.55,-20.0,0.0,20.0,1,0,0,0.0,0.0,,,2.931674349428419e-05,1.389779896181004e-05,0.0,0.0,0.000929310544115687,0.03154676731036277
212.5,300.0,0.001,1.55,-20.0,20.0,0.0,0,0,0,0.0,0.0,,,8.265597457937007,4.184817051278705,0.0,0.0,12.45130060521737,0.6638340619993979
212.5,300.0,0.001,1.55,-20.0,20.0,10.0,0,0,0,0.0,0.0,,,8.265325172034121,4.184679185718866,0.0,0.0,12.45089045375465,0.6638340609238642
212.5,300.0,0.001,1.55,-20.0,20.0,20.0,0,0,0,0.0,0.0,,,8.265052890618069,4.184541322431292,0.0,0.0,12.45048030905102,0.6638340598482529
212.5,300.0,0.001,1.55,0.0,-20.0,0.0,0,0,0,0.0,0.0,,,8.20949458922856,4.157502223461251,0.0,0.0,12.36788290869147,0.6637752515799915
212.5,300.0,0.001,1.55,0.0,-20.0,10.0,0,0,0,0.0,0.0,,,8.209765953959852,4.157639640616371,0.0,0.0,12.36829169057788,0.663775253636201
212.5,300.0,0.001,1.55,0.0,-20.0,20.0,0,0,0,0.0,0.0,,,8.210037323179028,4.157777060044973,0.0,0.0,12.36870047922566,0.6637752556922628
212.5,300.0,0.001,1.55,0.0,0.0,0.0,1,0,0,0.0,0.0,,,1.821823557068499e-05,8.496380151504757e-06,0.0,0.0,0.0009128106173815704,0.01995839577649156
212.5,300.0,0.001,1.55,0.0,0.0,10.0,1,0,0,0.0,0.0,,,1.781643606448202e-05,8.301945221885316e-06,0.0,0.0,0.0009122143829457529,0.01953097473309793
212.5,300.0,0.001,1.55,0.0,0.0,20.0,1,0,0,0.0,0.0,,,1.741912146297674e-05,8.1097812668005e-06,0.0,0.0,0.0009116249043891666,0.01910777270246737
212.5,300.0,0.001,1.55,0.0,20.0,0.0,0,0,0,0.0,0.0,,,8.258461106751945,4.18120372782746,0.0,0.0,12.44055093058106,0.6638340337847254
212.5,300.0,0.001,1.55,0.0,20.0,10.0,0,0,0,0.0,0.0,,,8.258188938418662,4.181065921799976,0.0,0.0,12.4401409562203,0.663834032707597
212.5,300.0,0.001,1.55,0.0,20.0,20.0,0,0,0,0.0,0.0,,,8.257916774571243,4.180928118043576,0.0,0.0,12.43973098861647,0.6638340316304279
212.5,300.0,0.001,1.55,20.0,-20.0,0.0,0,0,0,0.0,0.0,,,8.2166097569104,4.161105293356184,0.0,0.0,12.37860114626824,0.6637753054502001
212.5,300.0,0.001,1.55,20.0,-20.0,10.0,0,0,0,0.0,0.0,,,8.216881239215102,4.161242770047667,0.0,0.0,12.37901010526443,0.663775307503845
212.5,300.0,0.001,1.55,20.0,-20.0,20.0,0,0,0,0.0,0.0,,,8.217152726002077,4.161380249007589,0.0,0.0,12.37941907101133,0.6637753095574608
212.5,300.0,0.001,1.55,20.0,0.0,0.0,1,0,0,0.0,0.0,,,9.167496569487376e-06,4.149909000130639e-06,0.0,0.0,0.0008994134072289982,0.0101927506259124
212.5,300.0,0.001,1.55,20.0,0.0,10.0,0,0,0,0.0,0.0,,,8.883266509130367e-06,4.015006487720857e-06,0.0,0.0,0.000898994274656236,0.00988133824603857
212.5,300.0,0.001,1.55,20.0,0.0,20.0,0,0,0,0.0,0.0,,,8.60352135347132e-06,3.882374949845991e-06,0.0,0.0,0.0008985818979627072,0.009574554498568791
212.5,300.0,0.001,1.55,20.0,20.0,0.0,0,0,0,0.0,0.0,,,8.251327837586627,4.177591964984832,0.0,0.0,12.42980589857312,0.6638340055281025
212.5,300.0,0.001,1.55,20.0,20.0,10.0,0,0,0,0.0,0.0,,,8.251055786825312,4.177454218491837,0.0,0.0,12.42939610131881,0.6638340044493266
212.5,300.0,0.001,1.55,20.0,20.0,20.0,0,0,0,0.0,0.0,,,8.250783740545517,4.177316474266625,0.0,0.0,12.4289863108138,0.6638340033705684
212.5,300.0,0.001,1.57,-20.0,-20.0,0.0,0,0,0,0.0,0.0,,,3830167.684818484,1939442.19590788,0.0,0.0,5769609.880732384,0.6638521085471188
212.5,300.0,0.001,1.57,-20.0,-20.0,10.0,0,0,0,0.0,0.0,,,3830294.050555062,1939506.182341639,0.0,0.0,5769800.232902722,0.6638521085552531
212.5,300.0,0.001,1.57,-20.0,-20.0,20.0,0,0,0,0.0,0.0,,,3830420.418638233,1939570.1701256,0.0,0.0,5769990.588769853,0.6638521085447504
212.5,300.0,0.001,1.57,-20.0,0.0,0.0,1,0,0,0.0,0.0,,,0.01376321171306809,0.00696729309114053,0.0,0.0,0.02073652420360768,0.663718354046702
212.5,300.0,0.001,1.57,-20.0,0.0,10.0,1,0,0,0.0,0.0,,,0.007230564066101212,0.003659931104565036,0.0,0.0,0.01089651457006543,0.6635666863571951
212.5,300.0,0.001,1.57,-20.0,0.0,20.0,1,0,0,0.0,0.0,,,0.002782428711448128,0.001408081922225921,0.0,0.0,0.004196530033074287,0.6630308110555285
212.5,300.0,0.001,1.57,-20.0,20.0,0.0,1,0,0,0.0,0.0,,,3831086.133184327,1939907.199515495,0.0,0.0,5770993.332705841,0.6638521156266955
212.5,300.0,0.001,1.57,-20.0,20.0,10.0,1,0,0,0.0,0.0,,,3830959.754320799,1939843.206381194,0.0,0.0,5770802.960708013,0.6638521156249603
212.5,300.0,0.001,1.57,-20.0,20.0,20.0,1,0,0,0.0,0.0,,,3830833.377649736,1939779.214433281,0.0,0.0,5770612.592089036,0.6638521156144576
212.5,300.0,0.001,1.57,0.0,-20.0,0.0,0,0,0,0.0,0.0,,,3830172.542681835,1939444.655651075,0.0,0.0,5769617.19833893,0.6638521085566196
212.5,300.0,0.001,1.57,0.0,-20.0,10.0,0,0,0,0.0,0.0,,,3830298.908611826,1939508.642262117,0.0,0.0,5769807.550879963,0.6638521085556244
212.5,300.0,0.001,1.57,0.0,-20.0,20.0,0,0,0,0.0,0.0,,,3830425.276636379,1939572.629933804,0.0,0.0,5769997.906576203,0.6638521085546241
212.5,300.0,0.001,1.57,0.0,0.0,0.0,1,0,0,0.0,0.0,,,0.01347354119891443,0.006820635131212613,0.0,0.0,0.02030019572952516,0.6637148418878611
212.5,300.0,0.001,1.57,0.0,0.0,10.0,1,0,0,0.0,0.0,,,0.007021030905834124,0.003553851462991511,0.0,0.0,0.01058090176822387,0.6635569500247507
212.5,300.0,0.001,1.57,0.0,0.0,20.0,1,0,0,0.0,0.0,,,0.002653032904988392,0.001342580598919104,0.0,0.0,0.004001632903306792,0.6629875775951437
212.5,300.0,0.001,1.57,0.0,20.0,0.0,1,0,0,0.0,0.0,,,3831081.274638417,1939904.73934743,0.0,0.0,5770986.013991866,0.6638521156263223
212.5,300.0,0.001,1.57,0.0,20.0,10.0,1,0,0,0.0,0.0,,,3830954.895814201,1939840.746226575,0.0,0.0,5770795.642046796,0.6638521156253302
212.5,300.0,0.001,1.57,0.0,20.0,20.0,1,0,0,0.0,0.0,,,3830828.51922328,1939776.754319244,0.0,0.0,5770605.273548543,0.6638521156148274
212.5,300.0,0.001,1.57,20.0,-20.0,0.0,0,0,0,0.0,0.0,,,3830177.400676923,1939447.115543529,0.0,0.0,5769624.516226472,0.6638521085566219
212.5,300.0,0.001,1.57,20.0,-20.0,10.0,0,0,0,0.0,0.0,,,3830303.766633077,1939511.10212975,0.0,0.0,5769814.868768847,0.6638521085600066
212.5,300.0,0.001,1.57,20.0,-20.0,20.0,0,0,0,0.0,0.0,,,3830430.134807161,1939575.08991842,0.0,0.0,5770005.224731601,0.6638521085542585
212.5,300.0,0.001,1.57,20.0,0.0,0.0,1,0,0,0.0,0.0,,,0.01318695149964151,0.006675537171762541,0.0,0.0,0.01986850807080217,0.6637112083428365
212.5,300.0,0.001,1.57,20.0,0.0,10.0,1,0,0,0.0,0.0,,,0.006814578560088036,0.003449331821499447,0.0,0.0,0.01026992978098525,0.6635467530367356
212.5,300.0,0.001,1.57,20.0,0.0,20.0,1,0,0,0.0,0.0,,,0.002526717913012112,0.001278639275652437,0.0,0.0,0.003811376588063844,0.6629410279018555
212.5,300.0,0.001,1.57,20.0,20.0,0.0,1,0,0,0.0,0.0,,,3831076.416054799,1939902.279153772,0.0,0.0,5770978.69521459,0.6638521156266967
212.5,300.0,0.001,1.57,20.0,20.0,10.0,1,0,0,0.0,0.0,,,3830950.03732607,1939838.286084504,0.0,0.0,5770788.323416593,0.6638521156253323
212.5,300.0,0.001,1.57,20.0,20.0,20.0,1,0,0,0.0,0.0,,,3830823.660830669,1939774.294228734,0.0,0.0,5770597.955065423,0.6638521156144619
212.5,300.0,0.001,1.59,-20.0,-20.0,0.0,0,0,0,,,,,,,,,,
212.5,300.0,0.001,1.59,-20.0,-20.0,10.0,0,0,0,,,,,,,,,,
212.5,300.0,0.001,1.59,-20.0,-20.0,20.0,0,0,0,,,,,,,,,,
212.5,300.0,0.001,1.59,-20.0,0.0,0.0,0,0,0,,,,,,,,,,
212.5,300.0,0.001,1.59,-20.0,0.0,10.0,0,0,0,,,,,,,,,,
212.5,300.0,0.001,1.59,-20.0,0.0,20.0,0,0,0,,,,,,,,,,
212.5,300.0,0.001,1.59,-20.0,20.0,0.0,0,0,0,,,,,,,,,,
212.5,300.0,0.001,1.59,-20.0,20.0,10.0,0,0,0,,,,,,,,,,
212.5,300.0,0.001,1.59,-20.0,20.0,20.0,0,0,0,,,,,,,,,,
212.5,300.0,0.001,1.59,0.0,-20.0,0.0,0,0,0,,,,,,,,,,
212.5,300.0,0.001,1.59,0.0,-20.0,10.0,0,0,0,,,,,,,,,,
212.5,300.0,0.001,1.59,0.0,-20.0,20.0,0,0,0,,,,,,,,,,
212.5,300.0,0.001,1.59,0.0,0.0,0.0,0,0,0,,,,,,,,,,
212.5,300.0,0.001,1.59,0.0,0.0,10.0,0,0,0,,,,,,,,,,
212.5,300.0,0.001,1.59,0.0,0.0,20.0,0,0,0,,,,,,,,,,
212.5,300.0,0.001,1.59,0.0,20.0,0.0,0,0,0,,,,,,,,,,
212.5,300.0,0.001,1.59,0.0,20.0,10.0,0,0,0,,,,,,,,,,
212.5,300.0,0.001,1.59,0.0,20.0,20.0,0,0,0,,,,,,,,,,
212.5,300.0,0.001,1.59,20.0,-20.0,0.0,0,0,0,,,,,,,,,,
212.5,300.0,0.001,1.59,20.0,-20.0,10.0,0,0,0,,,,,,,,,,
212.5,300.0,0.001,1.59,20.0,-20.0,20.0,0,0,0,,,,,,,,,,
212.5,300.0,0.001,1.59,20.0,0.0,0.0,0,0,0,,,,,,,,,,
212.5,300.0,0.001,1.59,20.0,0.0,10.0,0,0,0,,,,,,,,,,
212.5,300.0,0.001,1.59,20.0,0.0,20.0,0,0,0,,,,,,,,,,
212.5,300.0,0.001,1.59,20.0,20.0,0.0,0,0,0,,,,,,,,,,
212.5,300.0,0.001,1.59,20.0,20.0,10.0,0,0,0,,,,,,,,,,
212.5,300.0,0.001,1.59,20.0,20.0,20.0,0,0,0,,,,,,,,,,
212.5,300.0,0.0055000000000000005,1.55,-20.0,-20.0,0.0,0,0,0,0.0,0.0,,,8.20081485799278,4.153219502170916,0.0,0.0,12.35532401354519,0.6637474540531833
212.5,300.0,0.0055000000000000005,1.55,-20.0,-20.0,10.0,0,0,0,0.0,0.0,,,8.20108610065493,4.153356859379232,0.0,0.0,12.35573261341566,0.6637474569294515
212.5,300.0,0.0055000000000000005,1.55,-20.0,-20.0,20.0,0,0,0,0.0,0.0,,,8.201357347800304,4.153494218856882,0.0,0.0,12.35614122003868,0.6637474598056292
212.5,300.0,0.0055000000000000005,1.55,-20.0,0.0,0.0,1,0,0,0.0,0.0,,,2.995479984302936e-05,1.403303404781264e-05,0.0,0.0,0.001333641215388875,0.02246091339813225
212.5,300.0,0.0055000000000000005,1.55,-20.0,0.0,10.0,1,0,0,0.0,0.0,,,2.943888025332318e-05,1.378267604787716e-05,0.0,0.0,0.001332874937799535,0.02208675354187716
212.5,300.0,0.0055000000000000005,1.55,-20.0,0.0,20.0,1,0,0,0.0,0.0,,,2.892744627668462e-05,1.353458938116446e-05,0.0,0.0,0.001332115417155894,0.02171542037884794
212.5,300.0,0.0055000000000000005,1.55,-20.0,20.0,0.0,0,0,0,0.0,0.0,,,8.263600067072002,4.183692733246557,0.0,0.0,12.44858245370006,0.6638185590854834
212.5,300.0,0.0055000000000000005,1.55,-20.0,20.0,10.0,0,0,0,0.0,0.0,,,8.263327792573174,4.183554875324222,0.0,0.0,12.44817232127889,0.6638185573996152
212.5,300.0,0.0055000000000000005,1.55,-20.0,20.0,20.0,0,0,0,0.0,0.0,,,8.263055522556586,4.18341701967026,0.0,0.0,12.44776219560834,0.6638185557137211
212.5,300.0,0.0055000000000000005,1.55,0.0,-20.0,0.0,0,0,0,0.0,0.0,,,8.207925494346242,4.156820326363499,0.0,0.0,12.36603547409124,0.6637475293955866
212.5,300.0,0.0055000000000000005,1.55,0.0,-20.0,10.0,0,0,0,0.0,0.0,,,8.208196854572257,4.156957743100927,0.0,0.0,12.36644425105468,0.6637475322683974
212.5,300.0,0.0055000000000000005,1.55,0.0,-20.0,20.0,0,0,0,0.0,0.0,,,8.208468219284098,4.157095162109112,0.0,0.0,12.36685303477471,0.6637475351411124
212.5,300.0,0.0055000000000000005,1.55,0.0,0.0,0.0,1,0,0,0.0,0.0,,,1.791466186204703e-05,8.221629111218515e-06,0.0,0.0,0.001315789672471296,0.01361514095820496
212.5,300.0,0.0055000000000000005,1.55,0.0,0.0,10.0,1,0,0,0.0,0.0,,,1.751630827782519e-05,8.030801786432402e-06,0.0,0.0,0.001315200491562592,0.0133183559390356
212.5,300.0,0.0055000000000000005,1.55,0.0,0.0,20.0,1,0,0,0.0,0.0,,,1.712244030667132e-05,7.84224579486987e-06,0.0,0.0,0.001314618067599585,0.01302465007037054
212.5,300.0,0.0055000000000000005,1.55,0.0,20.0,0.0,0,0,0,0.0,0.0,,,8.256465350445808,4.180080286246412,0.0,0.0,12.43783529007372,0.6638185148693083
212.5,300.0,0.0055000000000000005,1.55,0.0,20.0,10.0,0,0,0,0.0,0.0,,,8.256193193510907,4.179942487853271,0.0,0.0,12.43742533474568,0.6638185131810266
212.5,300.0,0.0055000000000000005,1.55,0.0,20.0,20.0,0,0,0,0.0,0.0,,,8.25592104106344,4.179804691732546,0.0,0.0,12.43701538617748,0.6638185114926434
212.5,300.0,0.0055000000000000005,1.55,20.0,-20.0,0.0,0,0,0,0.0,0.0,,,8.215039212049373,4.160422710824908,0.0,0.0,12.37675157625578,0.6637476046468884
212.5,300.0,0.0055000000000000005,1.55,20.0,-20.0,10.0,0,0,0,0.0,0.0,,,8.215310689842697,4.160560187094497,0.0,0.0,12.37716053031869,0.6637476075161777
212.5,300.0,0.0055000000000000005,1.55,20.0,-20.0,20.0,0,0,0,0.0,0.0,,,8.21558217212271,4.160697665635523,0.0,0.0,12.37756949113973,0.6637476103853582
212.5,300.0,0.0055000000000000005,1.55,20.0,0.0,0.0,1,0,0,0.0,0.0,,,8.955878743590912e-06,3.970497780812258e-06,0.0,0.0,0.001302579758022139,0.00687549356454739
212.5,300.0,0.0055000000000000005,1.55,20.0,0.0,10.0,0,0,0,0.0,0.0,,,8.675091164852962e-06,3.839201131175227e-06,0.0,0.0,0.001302167673794066,0.006662038491231123
212.5,300.0,0.0055000000000000005,1.55,20.0,0.0,20.0,0,0,0,0.0,0.0,,,8.398789199184205e-06,3.710175814763304e-06,0.0,0.0,0.001301762346511696,0.006451860603965276
212.5,300.0,0.0055000000000000005,1.55,20.0,20.0,0.0,0,0,0,0.0,0.0,,,8.2493337151724,4.176469399518713,0.0,0.0,12.42709276807261,0.6638184705892266
212.5,300.0,0.0055000000000000005,1.55,20.0,20.0,10.0,0,0,0,0.0,0.0,,,8.249061675803167,4.176331660656007,0.0,0.0,12.42668298984067,0.6638184688985078
212.5,300.0,0.0055000000000000005,1.55,20.0,20.0,20.0,0,0,0,0.0,0.0,,,8.248789640919531,4.176193924063891,0.0,0.0,12.42627321836492,0.6638184672077352
212.5,300.0,0.0055000000000000005,1.57,-20.0,-20.0,0.0,0,0,0,0.0,0.0,,,3830028.344969081,1939371.716642926,0.0,0.0,5769400.061685959,0.6638520997016548
212.5,300.0,0.0055000000000000005,1.57,-20.0,-20.0,10.0,0,0,0,0.0,0.0,,,3830154.707273867,1939435.701502186,0.0,0.0,5769590.408850005,0.6638520996913008
212.5,300.0,0.0055000000000000005,1.57,-20.0,-20.0,20.0,0,0,0,0.0,0.0,,,3830281.07124695,1939499.686958478,0.0,0.0,5769780.75827938,0.6638520997094502
212.5,300.0,0.0055000000000000005,1.57,-20.0,0.0,0.0,1,0,0,0.0,0.0,,,0.01375420925304424,0.006958129246486391,0.0,0.0,0.02078629080439156,0.6616961815110544
212.5,300.0,0.0055000000000000005,1.57,-20.0,0.0,10.0,1,0,0,0.0,0.0,,,0.007224100349761338,0.003653322445770886,0.0,0.0,0.01095137510040616,0.6596523526523547
212.5,300.0,0.0055000000000000005,1.57,-20.0,0.0,20.0,1,0,0,0.0,0.0,,,0.002778457706048337,0.001404005139768548,0.0,0.0,0.00425641515069224,0.6527694333567213
212.5,300.0,0.0055000000000000005,1.57,-20.0,20.0,0.0,1,0,0,0.0,0.0,,,3830946.476282967,1939836.405846516,0.0,0.0,5770782.882203436,0.6638521244833616
212.5,300.0,0.0055000000000000005,1.57,-20.0,20.0,10.0,1,0,0,0.0,0.0,,,3830820.101226261,1939772.414717301,0.0,0.0,5770592.516017514,0.6638521244730069
212.5,300.0,0.0055000000000000005,1.57,-20.0,20.0,20.0,1,0,0,0.0,0.0,,,3830693.727976485,1939708.424337818,0.0,0.0,5770402.152388255,0.6638521244816596
212.5,300.0,0.0055000000000000005,1.57,0.0,-20.0,0.0,0,0,0,0.0,0.0,,,3830033.202778859,1939374.176438371,0.0,0.0,5769407.379291182,0.6638520997020337
212.5,300.0,0.0055000000000000005,1.57,0.0,-20.0,10.0,0,0,0,0.0,0.0,,,3830159.565030405,1939438.161191301,0.0,0.0,5769597.726295657,0.6638520997008123
212.5,300.0,0.0055000000000000005,1.57,0.0,-20.0,20.0,0,0,0,0.0,0.0,,,3830285.929222408,1939502.14684104,0.0,0.0,5769788.076137399,0.6638520997094582
212.5,300.0,0.0055000000000000005,1.57,0.0,0.0,0.0,1,0,0,0.0,0.0,,,0.01346463925441598,0.006811570994718168,0.0,0.0,0.02035016255399508,0.6616477494314975
212.5,300.0,0.0055000000000000005,1.57,0.0,0.0,10.0,1,0,0,0.0,0.0,,,0.007014665360521399,0.003547341324899363,0.0,0.0,0.01063595899028312,0.6595235433805182
212.5,300.0,0.0055000000000000005,1.57,0.0,0.0,20.0,1,0,0,0.0,0.0,,,0.002649157726524448,0.001338601150154604,0.0,0.0,0.004061711181531246,0.6522270068266469
212.5,300.0,0.0055000000000000005,1.57,0.0,20.0,0.0,1,0,0,0.0,0.0,,,3830941.61789865,1939833.945757088,0.0,0.0,5770775.56372969,0.6638521244833663
212.5,300.0,0.0055000000000000005,1.57,0.0,20.0,10.0,1,0,0,0.0,0.0,,,3830815.242927417,1939769.954674298,0.0,0.0,5770585.197675668,0.6638521244726497
212.5,300.0,0.0055000000000000005,1.57,0.0,20.0,20.0,1,0,0,0.0,0.0,,,3830688.869619158,1939705.964182697,0.0,0.0,5770394.833875807,0.6638521244907942
212.5,300.0,0.0055000000000000005,1.57,20.0,-20.0,0.0,0,0,0,0.0,0.0,,,3830038.06047384,1939376.636099583,0.0,0.0,5769414.696647376,0.6638520997111694
212.5,300.0,0.0055000000000000005,1.57,20.0,-20.0,10.0,0,0,0,0.0,0.0,,,3830164.42291346,1939440.621023897,0.0,0.0,5769605.04401131,0.6638520997011857
212.5,300.0,0.0055000000000000005,1.57,20.0,-20.0,20.0,0,0,0,0.0,0.0,,,3830290.787131548,1939504.606648683,0.0,0.0,5769795.393854182,0.6638520997142224
212.5,300.0,0.0055000000000000005,1.57,20.0,0.0,0.0,1,0,0,0.0,0.0,,,0.01317814995749964,0.006666572685542891,0.0,0.0,0.01991867494789188,0.6615977213330831
212.5,300.0,0.0055000000000000005,1.57,20.0,0.0,10.0,1,0,0,0.0,0.0,,,0.006808311073733199,0.003442920147435426,0.0,0.0,0.01032518352603098,0.6593888676718106
212.5,300.0,0.0055000000000000005,1.57,20.0,0.0,20.0,1,0,0,0.0,0.0,,,0.002522938449346018,0.00127475710383111,0.0,0.0,0.003871647858023531,0.6516446076358745
212.5,300.0,0.0055000000000000005,1.57,20.0,20.0,0.0,1,0,0,0.0,0.0,,,3830936.759368669,1939831.485511274,0.0,0.0,5770768.244953895,0.663852124492876
212.5,300.0,0.0055000000000000005,1.57,20.0,20.0,10.0,1,0,0,0.0,0.0,,,3830810.384462151,1939767.494458069,0.0,0.0,5770577.878994172,0.6638521244825262
212.5,300.0,0.0055000000000000005,1.57,20.0,20.0,20.0,1,0,0,0.0,0.0,,,3830684.01137276,1939703.504159867,0.0,0.0,5770387.515606579,0.6638521244911715
212.5,300.0,0.0055000000000000005,1.59,-20.0,-20.0,0.0,0,0,0,,,,,,,,,,
212.5,300.0,0.0055000000000000005,1.59,-20.0,-20.0,10.0,0,0,0,,,,,,,,,,
212.5,300.0,0.0055000000000000005,1.59,-20.0,-20.0,20.0,0,0,0,,,,,,,,,,
212.5,300.0,0.0055000000000000005,1.59,-20.0,0.0,0.0,0,0,0,,,,,,,,,,
212.5,300.0,0.0055000000000000005,1.59,-20.0,0.0,10.0,0,0,0,,,,,,,,,,
212.5,300.0,0.0055000000000000005,1.59,-20.0,0.0,20.0,0,0,0,,,,,,,,,,
212.5,300.0,0.0055000000000000005,1.59,-20.0,20.0,0.0,0,0,0,,,,,,,,,,
212.5,300.0,0.0055000000000000005,1.59,-20.0,20.0,10.0,0,0,0,,,,,,,,,,
212.5,300.0,0.0055000000000000005,1.59,-20.0,20.0,20.0,0,0,0,,,,,,,,,,
212.5,300.0,0.0055000000000000005,1.59,0.0,-20.0,0.0,0,0,0,,,,,,,,,,
212.5,300.0,0.0055000000000000005,1.59,0.0,-20.0,10.0,0,0,0,,,,,,,,,,
212.5,300.0,0.0055000000000000005,1.59,0.0,-20.0,20.0,0,0,0,,,,,,,,,,
212.5,300.0,0.0055000000000000005,1.59,0.0,0.0,0.0,0,0,0,,,,,,,,,,
212.5,300.0,0.0055000000000000005,1.59,0.0,0.0,10.0,0,0,0,,,,,,,,,,
212.5,300.0,0.0055000000000000005,1.59,0.0,0.0,20.0,0,0,0,,,,,,,,,,
212.5,300.0,0.0055000000000000005,1.59,0.0,20.0,0.0,0,0,0,,,,,,,,,,
212.5,300.0,0.0055000000000000005,1.59,0.0,20.0,10.0,0,0,0,,,,,,,,,,
212.5,300.0,0.0055000000000000005,1.59,0.0,20.0,20.0,0,0,0,,,,,,,,,,
212.5,300.0,0.0055000000000000005,1.59,20.0,-20.0,0.0,0,0,0,,,,,,,,,,
212.5,300.0,0.0055000000000000005,1.59,20.0,-20.0,10.0,0,0,0,,,,,,,,,,
212.5,300.0,0.0055000000000000005,1.59,20.0,-20.0,20.0,0,0,0,,,,,,,,,,
212.5,300.0,0.0055000000000000005,1.59,20.0,0.0,0.0,0,0,0,,,,,,,,,,
212.5,300.0,0.0055000000000000005,1.59,20.0,0.0,10.0,0,0,0,,,,,,,,,,
212.5,300.0,0.0055000000000000005,1.59,20.0,0.0,20.0,0,0,0,,,,,,,,,,
212.5,300.0,0.0055000000000000005,1.59,20.0,20.0,0.0,0,0,0,,,,,,,,,,
212.5,300.0,0.0055000000000000005,1.59,20.0,20.0,10.0,0,0,0,,,,,,,,,,
212.5,300.0,0.0055000000000000005,1.59,20.0,20.0,20.0,0,0,0,,,,,,,,,,
212.5,300.0,0.01,1.55,-20.0,-20.0,0.0,0,0,0,0.0,0.0,,,8.198915266467692,4.152370162850091,0.0,0.0,12.35305408571435,0.663715645505778
212.5,300.0,0.01,1.55,-20.0,-20.0,10.0,0,0,0,0.0,0.0,,,8.199186493635493,4.152507514074802,0.0,0.0,12.35346266410687,0.6637156493343624
212.5,300.0,0.01,1.55,-20.0,-20.0,20.0,0,0,0,0.0,0.0,,,8.199457725290904,4.152644867571871,0.0,0.0,12.35387124925935,0.6637156531627676
212.5,300.0,0.01,1.55,-20.0,0.0,0.0,1,0,0,0.0,0.0,,,2.956167355765956e-05,1.367426636663182e-05,0.0,0.0,0.001811892336497086,0.01631535878936983
212.5,300.0,0.01,1.55,-20.0,0.0,10.0,1,0,0,0.0,0.0,,,2.904922470616032e-05,1.342752835305293e-05,0.0,0.0,0.001811133149632018,0.01603925405046143
212.5,300.0,0.01,1.55,-20.0,0.0,20.0,1,0,0,0.0,0.0,,,2.854126199447977e-05,1.318306193942369e-05,0.0,0.0,0.001810380720506718,0.01576533691017831
212.5,300.0,0.01,1.55,-20.0,20.0,0.0,0,0,0,0.0,0.0,,,8.261268287731532,4.182399157912321,0.0,0.0,12.44543610204042,0.6637990199778616
212.5,300.0,0.01,1.55,-20.0,20.0,10.0,0,0,0,0.0,0.0,,,8.260996035664474,4.182261313210605,0.0,0.0,12.44502600527165,0.6637990175484695
212.5,300.0,0.01,1.55,-20.0,20.0,20.0,0,0,0,0.0,0.0,,,8.260723788084507,4.182123470780893,0.0,0.0,12.44461591526197,0.66379901511895
212.5,300.0,0.01,1.55,0.0,-20.0,0.0,0,0,0,0.0,0.0,,,8.206024165707523,4.155970156192243,0.0,0.0,12.36376297829634,0.663715745773563
212.5,300.0,0.01,1.55,0.0,-20.0,10.0,0,0,0,0.0,0.0,,,8.206295510433124,4.156107566943477,0.0,0.0,12.36417173377317,0.663715749597471
212.5,300.0,0.01,1.55,0.0,-20.0,20.0,0,0,0,0.0,0.0,,,8.206566859646339,4.156244979967061,0.0,0.0,12.36458049600997,0.6637157534212004
212.5,300.0,0.01,1.55,0.0,0.0,0.0,1,0,0,0.0,0.0,,,1.761462449718951e-05,7.958751871717862e-06,0.0,0.0,0.001794229772941703,0.009817373874199908
212.5,300.0,0.01,1.55,0.0,0.0,10.0,1,0,0,0.0,0.0,,,1.721973344750661e-05,7.771540379282325e-06,0.0,0.0,0.001793647670399594,0.009600399081537762
212.5,300.0,0.01,1.55,0.0,0.0,20.0,1,0,0,0.0,0.0,,,1.682932853764232e-05,7.586600486796899e-06,0.0,0.0,0.001793072325597254,0.009385749976391298
212.5,300.0,0.01,1.55,0.0,20.0,0.0,0,0,0,0.0,0.0,,,8.254135494393585,4.178787733541181,0.0,0.0,12.43469188433134,0.6637989562728471
212.5,300.0,0.01,1.55,0.0,20.0,10.0,0,0,0,0.0,0.0,,,8.25386335988449,4.178649948366233,0.0,0.0,12.43428196464729,0.6637989538400029
212.5,300.0,0.01,1.55,0.0,20.0,20.0,0,0,0,0.0,0.0,,,8.253591229864051,4.178512165464703,0.0,0.0,12.43387205172533,0.6637989514069981
212.5,300.0,0.01,1.55,20.0,-20.0,0.0,0,0,0,0.0,0.0,,,8.213136145508063,4.159571709404885,0.0,0.0,12.37447651130952,0.663715845918957
212.5,300.0,0.01,1.55,20.0,-20.0,10.0,0,0,0,0.0,0.0,,,8.213407607794755,4.159709179685491,0.0,0.0,12.37488544387682,0.6637158497381329
212.5,300.0,0.01,1.55,20.0,-20.0,20.0,0,0,0,0.0,0.0,,,8.213679074564135,4.159846652234694,0.0,0.0,12.3752943831954,0.663715853557198
212.5,300.0,0.01,1.55,20.0,0.0,0.0,1,0,0,0.0,0.0,,,8.74813853227644e-06,3.80311006418805e-06,0.0,0.0,0.001781207645168853,0.0049113524501222
212.5,300.0,0.01,1.55,20.0,0.0,10.0,0,0,0,0.0,0.0,,,8.47080528440961e-06,3.675425092895904e-06,0.0,0.0,0.001780802626949704,0.004756734495006365
212.5,300.0,0.01,1.55,20.0,0.0,20.0,0,0,0,0.0,0.0,,,8.19795817636174e-06,3.550011721554549e-06,0.0,0.0,0.001780404366470326,0.004604548455817538
212.5,300.0,0.01,1.55,20.0,20.0,0.0,0,0,0,0.0,0.0,,,8.247005781618082,4.175177869042338,0.0,0.0,12.42395230705699,0.6637988924775298
212.5,300.0,0.01,1.55,20.0,20.0,10.0,0,0,0,0.0,0.0,,,8.246733764667447,4.175040143394305,0.0,0.0,12.42354256445832,0.6637988900412328
212.5,300.0,0.01,1.55,20.0,20.0,20.0,0,0,0,0.0,0.0,,,8.246461752202135,4.174902420017274,0.0,0.0,12.42313282861598,0.6637988876048141
212.5,300.0,0.01,1.57,-20.0,-20.0,0.0,0,0,0,0.0,0.0,,,3829733.896483972,1939222.69682464,0.0,0.0,5768956.593526041,0.6638520908237935
212.5,300.0,0.01,1.57,-20.0,-20.0,10.0,0,0,0,0.0,0.0,,,3829860.24985413,1939286.677081631,0.0,0.0,5769146.927153191,0.6638520908227225
212.5,300.0,0.01,1.57,-20.0,-20.0,20.0,0,0,0,0.0,0.0,,,3829986.605293284,1939350.658383131,0.0,0.0,5769337.263893845,0.6638520908220137
212.5,300.0,0.01,1.57,-20.0,0.0,0.0,1,0,0,0.0,0.0,,,0.01374465444497748,0.006948696252628768,0.0,0.0,0.02091078001433442,0.6572999398183839
212.5,300.0,0.01,1.57,-20.0,0.0,10.0,1,0,0,0.0,0.0,,,0.007217348644172043,0.00364657837172864,0.0,0.0,0.01108135633259899,0.6513055286328208
212.5,300.0,0.01,1.57,-20.0,0.0,20.0,1,0,0,0.0,0.0,,,0.002774378653380251,0.001399883931727406,0.0,0.0,0.004391691901810145,0.6317334447429525
212.5,300.0,0.01,1.57,-20.0,20.0,0.0,1,0,0,0.0,0.0,,,3830651.673440681,1939687.052669242,0.0,0.0,5770338.726327353,0.6638521333181381
212.5,300.0,0.01,1.57,-20.0,20.0,10.0,1,0,0,0.0,0.0,,,3830525.307077614,1939623.065864033,0.0,0.0,5770148.373159076,0.6638521333170597
212.5,300.0,0.01,1.57,-20.0,20.0,20.0,1,0,0,0.0,0.0,,,3830398.942783383,1939559.080103149,0.0,0.0,5769958.023103962,0.663852133316355
212.5,300.0,0.01,1.57,0.0,-20.0,0.0,0,0,0,0.0,0.0,,,3829738.753935729,1939225.15644207,0.0,0.0,5768963.910595229,0.663852090823807
212.5,300.0,0.01,1.57,0.0,-20.0,10.0,0,0,0,0.0,0.0,,,3829865.10736059,1939289.136723601,0.0,0.0,5769154.24430162,0.6638520908230996
212.5,300.0,0.01,1.57,0.0,-20.0,20.0,0,0,0,0.0,0.0,,,3829991.462741117,1939353.117912786,0.0,0.0,5769344.580871332,0.6638520908318984
212.5,300.0,0.01,1.57,0.0,0.0,0.0,1,0,0,0.0,0.0,,,0.01345519668280485,0.006802243637891143,0.0,0.0,0.02047486963739012,0.657156647201977
212.5,300.0,0.01,1.57,0.0,0.0,10.0,1,0,0,0.0,0.0,,,0.00700802030280257,0.003540700058507111,0.0,0.0,0.01076614967800799,0.6509309746192598
212.5,300.0,0.01,1.57,0.0,0.0,20.0,1,0,0,0.0,0.0,,,0.002645179732220247,0.001334579919368214,0.0,0.0,0.004197188968256904,0.6302265045070851
212.5,300.0,0.01,1.57,0.0,20.0,0.0,1,0,0,0.0,0.0,,,3830646.815445681,1939684.592780203,0.0,0.0,5770331.408443313,0.6638521333177795
212.5,300.0,0.01,1.57,0.0,20.0,10.0,1,0,0,0.0,0.0,,,3830520.449137192,1939620.605999397,0.0,0.0,5770141.055354018,0.663852133317073
212.5,300.0,0.01,1.57,0.0,20.0,20.0,1,0,0,0.0,0.0,,,3830394.084923125,1939556.620279113,0.0,0.0,5769950.705419667,0.6638521333163675
212.5,300.0,0.01,1.57,20.0,-20.0,0.0,0,0,0,0.0,0.0,,,3829743.611087688,1939227.615739417,0.0,0.0,5768971.227044534,0.6638520908431849
212.5,300.0,0.01,1.57,20.0,-20.0,10.0,0,0,0,0.0,0.0,,,3829869.964762103,1939291.596236201,0.0,0.0,5769161.561215734,0.6638520908322484
212.5,300.0,0.01,1.57,20.0,-20.0,20.0,0,0,0,0.0,0.0,,,3829996.320222835,1939355.57746604,0.0,0.0,5769351.897906305,0.663852090841042
212.5,300.0,0.01,1.57,20.0,0.0,0.0,1,0,0,0.0,0.0,,,0.01316881938588766,0.006657350846311293,0.0,0.0,0.02004359954885904,0.6570087051373604
212.5,300.0,0.01,1.57,20.0,0.0,10.0,1,0,0,0.0,0.0,,,0.006801772426420865,0.003436381568148556,0.0,0.0,0.01045558331123369,0.6505397378559363
212.5,300.0,0.01,1.57,20.0,0.0,20.0,1,0,0,0.0,0.0,,,0.002519061276395437,0.001270835730254309,0.0,0.0,0.004007326323318188,0.6286139618172093
212.5,300.0,0.01,1.57,20.0,20.0,0.0,1,0,0,0.0,0.0,,,3830641.957412828,1939682.132865569,0.0,0.0,5770324.090495826,0.6638521333181604
212.5,300.0,0.01,1.57,20.0,20.0,10.0,1,0,0,0.0,0.0,,,3830515.591061123,1939618.145983459,0.0,0.0,5770133.737262012,0.6638521333265912
212.5,300.0,0.01,1.57,20.0,20.0,20.0,1,0,0,0.0,0.0,,,3830389.226927229,1939554.16030383,0.0,0.0,5769943.387448489,0.6638521333258792
212.5,300.0,0.01,1.59,-20.0,-20.0,0.0,0,0,0,,,,,,,,,,
212.5,300.0,0.01,1.59,-20.0,-20.0,10.0,0,0,0,,,,,,,,,,
212.5,300.0,0.01,1.59,-20.0,-20.0,20.0,0,0,0,,,,,,,,,,
212.5,300.0,0.01,1.59,-20.0,0.0,0.0,0,0,0,,,,,,,,,,
212.5,300.0,0.01,1.59,-20.0,0.0,10.0,0,0,0,,,,,,,,,,
212.5,300.0,0.01,1.59,-20.0,0.0,20.0,0,0,0,,,,,,,,,,
212.5,300.0,0.01,1.59,-20.0,20.0,0.0,0,0,0,,,,,,,,,,
212.5,300.0,0.01,1.59,-20.0,20.0,10.0,0,0,0,,,,,,,,,,
212.5,300.0,0.01,1.59,-20.0,20.0,20.0,0,0,0,,,,,,,,,,
212.5,300.0,0.01,1.59,0.0,-20.0,0.0,0,0,0,,,,,,,,,,
212.5,300.0,0.01,1.59,0.0,-20.0,10.0,0,0,0,,,,,,,,,,
212.5,300.0,0.01,1.59,0.0,-20.0,20.0,0,0,0,,,,,,,,,,
212.5,300.0,0.01,1.59,0.0,0.0,0.0,0,0,0,,,,,,,,,,
212.5,300.0,0.01,1.59,0.0,0.0,10.0,0,0,0,,,,,,,,,,
212.5,300.0,0.01,1.59,0.0,0.0,20.0,0,0,0,,,,,,,,,,
212.5,300.0,0.01,1.59,0.0,20.0,0.0,0,0,0,,,,,,,,,,
212.5,300.0,0.01,1.59,0.0,20.0,10.0,0,0,0,,,,,,,,,,
212.5,300.0,0.01,1.59,0.0,20.0,20.0,0,0,0,,,,,,,,,,
212.5,300.0,0.01,1.59,20.0,-20.0,0.0,0,0,0,,,,,,,,,,
212.5,300.0,0.01,1.59,20.0,-20.0,10.0,0,0,0,,,,,,,,,,
212.5,300.0,0.01,1.59,20.0,-20.0,20.0,0,0,0,,,,,,,,,,
212.5,300.0,0.01,1.59,20.0,0.0,0.0,0,0,0,,,,,,,,,,
212.5,300.0,0.01,1.59,20.0,0.0,10.0,0,0,0,,,,,,,,,,
212.5,300.0,0.01,1.59,20.0,0.0,20.0,0,0,0,,,,,,,,,,
212.5,300.0,0.01,1.59,20.0,20.0,0.0,0,0,0,,,,,,,,,,
212.5,300.0,0.01,1.59,20.0,20.0,10.0,0,0,0,,,,,,,,,,
212.5,300.0,0.01,1.59,20.0,20.0,20.0,0,0,0,,,,,,,,,,
212.5,310.0,0.001,1.55,-20.0,-20.0,0.0,0,0,0,0.0,0.0,,,7.127193671318856,3.606326003137306,0.0,0.0,10.73440577045782,0.663957914739316
212.5,310.0,0.001,1.55,-20.0,-20.0,10.0,0,0,0,0.0,0.0,,,7.127429361659113,3.606445252914824,0.0,0.0,10.7347607105756,0.6639579170719065
212.5,310.0,0.001,1.55,-20.0,-20.0,20.0,0,0,0,0.0,0.0,,,7.127665055896903,3.606564504663987,0.0,0.0,10.73511565656255,0.6639579194044031
212.5,310.0,0.001,1.55,-20.0,0.0,0.0,1,0,0,0.0,0.0,,,2.625074377122641e-05,1.238932910969392e-05,0.0,0.0,0.000924736074540506,0.02838728205155205
212.5,310.0,0.001,1.55,-20.0,0.0,10.0,1,0,0,0.0,0.0,,,2.580052590588982e-05,1.216996121673961e-05,0.0,0.0,0.0009240664887822193,0.02792063798341073
212.5,310.0,0.001,1.55,-20.0,0.0,20.0,1,0,0,0.0,0.0,,,2.535420501743593e-05,1.195256489740915e-05,0.0,0.0,0.0009234027715744383,0.02745736291673244
212.5,310.0,0.001,1.55,-20.0,20.0,0.0,0,0,0,0.0,0.0,,,7.181992464409401,3.633031032386993,0.0,0.0,10.81590959279805,0.6640211258044951
212.5,310.0,0.001,1.55,-20.0,20.0,10.0,0,0,0,0.0,0.0,,,7.181755873632697,3.632911343873675,0.0,0.0,10.81555331350803,0.6640211245284214
212.5,310.0,0.001,1.55,-20.0,20.0,20.0,0,0,0,0.0,0.0,,,7.181519286755264,3.632791657333829,0.0,0.0,10.81519704009075,0.664021123252231
212.5,310.0,0.001,1.55,0.0,-20.0,0.0,0,0,0,0.0,0.0,,,7.133373459010726,3.609452725652686,0.0,0.0,10.74371228066507,0.6639579758523788
212.5,310.0,0.001,1.55,0.0,-20.0,10.0,0,0,0,0.0,0.0,,,7.133609251504621,3.609572027110654,0.0,0.0,10.74406737461693,0.6639579781822581
212.5,310.0,0.001,1.55,0.0,-20.0,20.0,0,0,0,0.0,0.0,,,7.133845047900326,3.609691330543948,0.0,0.0,10.74442247444594,0.6639579805119495
212.5,310.0,0.001,1.55,0.0,0.0,0.0,1,0,0,0.0,0.0,,,1.573643706281535e-05,7.290303601787102e-06,0.0,0.0,0.000909122742323984,0.01730947465090182
212.5,310.0,0.001,1.55,0.0,0.0,10.0,1,0,0,0.0,0.0,,,1.53883764211942e-05,7.122619486748047e-06,0.0,0.0,0.0009086069975673281,0.01693622926347089
212.5,310.0,0.001,1.55,0.0,0.0,20.0,1,0,0,0.0,0.0,,,1.504421275645512e-05,6.956906945332969e-06,0.0,0.0,0.0009080971213611776,0.01656674424196482
212.5,310.0,0.001,1.55,0.0,20.0,0.0,0,0,0,0.0,0.0,,,7.175791648104661,3.62989411182136,0.0,0.0,10.80657185592768,0.6640210923289754
212.5,310.0,0.001,1.55,0.0,20.0,10.0,0,0,0,0.0,0.0,,,7.175555159486438,3.629774474993352,0.0,0.0,10.80621573048145,0.6640210910509691
212.5,310.0,0.001,1.55,0.0,20.0,20.0,0,0,0,0.0,0.0,,,7.175318674765926,3.629654840136384,0.0,0.0,10.80585961090397,0.6640210897729469
212.5,310.0,0.001,1.55,20.0,-20.0,0.0,0,0,0,0.0,0.0,,,7.139555924695759,3.612580803026515,0.0,0.0,10.75302282372393,0.6639580368921065
212.5,310.0,0.001,1.55,20.0,-20.0,10.0,0,0,0,0.0,0.0,,,7.139791819351612,3.612700156172506,0.0,0.0,10.75337807152578,0.6639580392190713
212.5,310.0,0.001,1.55,20.0,-20.0,20.0,0,0,0,0.0,0.0,,,7.140027717901878,3.612819511287568,0.0,0.0,10.75373332519111,0.6639580415460035
212.5,310.0,0.001,1.55,20.0,0.0,0.0,1,0,0,0.0,0.0,,,7.900128882802385e-06,3.54614147177786e-06,0.0,0.0,0.0008975422720139604,0.008801957444383753
212.5,310.0,0.001,1.55,20.0,0.0,10.0,0,0,0,0.0,0.0,,,7.654225464895999e-06,3.430141134654489e-06,0.0,0.0,0.0008971803682589353,0.008531423263027655
212.5,310.0,0.001,1.55,20.0,0.0,20.0,0,0,0,0.0,0.0,,,7.412219023872191e-06,3.316112371154561e-06,0.0,0.0,0.0008968243330544167,0.008264961989409401
212.5,310.0,0.001,1.55,20.0,20.0,0.0,0,0,0,0.0,0.0,,,7.169593509798929,3.626758546119764,0.0,0.0,10.79723815192035,0.6640210588041697
212.5,310.0,0.001,1.55,20.0,20.0,10.0,0,0,0,0.0,0.0,,,7.169357123340296,3.626638960976925,0.0,0.0,10.79688218031888,0.6640210575242707
212.5,310.0,0.001,1.55,20.0,20.0,20.0,0,0,0,0.0,0.0,,,7.169120740774234,3.626519377801777,0.0,0.0,10.79652621457767,0.6640210562444016
212.5,310.0,0.001,1.57,-20.0,-20.0,0.0,0,0,0,0.0,0.0,,,3328069.590349604,1683749.873731375,0.0,0.0,5011819.464086998,0.664044188781624
212.5,310.0,0.001,1.57,-20.0,-20.0,10.0,0,0,0,0.0,0.0,,,3328179.3907299,1683805.424301306,0.0,0.0,5011984.815037224,0.6640441887901412
212.5,310.0,0.001,1.57,-20.0,-20.0,20.0,0,0,0,0.0,0.0,,,3328289.193194344,1683860.97607204,0.0,0.0,5012150.169272403,0.664044188779264
212.5,310.0,0.001,1.57,-20.0,0.0,0.0,1,0,0,0.0,0.0,,,0.01195876938386101,0.006048510623440733,0.0,0.0,0.01801329940670081,0.6638855610989535
212.5,310.0,0.001,1.57,-20.0,0.0,10.0,1,0,0,0.0,0.0,,,0.006282548877487117,0.003177247633343317,0.0,0.0,0.009465815910229615,0.6637091759515024
212.5,310.0,0.001,1.57,-20.0,0.0,20.0,1,0,0,0.0,0.0,,,0.002417581176229833,0.00122234067107233,0.0,0.0,0.0036459412467024,0.6630883529504028
212.5,310.0,0.001,1.57,-20.0,20.0,0.0,1,0,0,0.0,0.0,,,3328867.631698005,1684153.564542233,0.0,0.0,5013021.196246258,0.6640441963801501
212.5,310.0,0.001,1.57,-20.0,20.0,10.0,1,0,0,0.0,0.0,,,3328757.819874562,1684098.008130874,0.0,0.0,5012855.828011457,0.6640441963787821
212.5,310.0,0.001,1.57,-20.0,20.0,20.0,1,0,0,0.0,0.0,,,3328648.009987997,1684042.452771134,0.0,0.0,5012690.462765151,0.6640441963679152
212.5,310.0,0.001,1.57,0.0,-20.0,0.0,0,0,0,0.0,0.0,,,3328073.811371804,1683752.009175493,0.0,0.0,5011825.820553317,0.6640441887911375
212.5,310.0,0.001,1.57,0.0,-20.0,10.0,0,0,0,0.0,0.0,,,3328183.611955576,1683807.559920153,0.0,0.0,5011991.171881748,0.6640441887901434
212.5,310.0,0.001,1.57,0.0,-20.0,20.0,0,0,0,0.0,0.0,,,3328293.414342471,1683863.111577063,0.0,0.0,5012156.525925554,0.6640441887891485
212.5,310.0,0.001,1.57,0.0,0.0,0.0,1,0,0,0.0,0.0,,,0.01170707418900733,0.00592119017932378,0.0,0.0,0.01763428376772923,0.6638814676687519
212.5,310.0,0.001,1.57,0.0,0.0,10.0,1,0,0,0.0,0.0,,,0.006100485801188812,0.0030851557402074,0.0,0.0,0.009191660940794448,0.6636978714166472
212.5,310.0,0.001,1.57,0.0,0.0,20.0,1,0,0,0.0,0.0,,,0.002305150218409938,0.001165477328837319,0.0,0.0,0.003476646946646553,0.6630383394648116
212.5,310.0,0.001,1.57,0.0,20.0,0.0,1,0,0,0.0,0.0,,,3328863.410051872,1684151.428713506,0.0,0.0,5013014.838771397,0.6640441963797813
212.5,310.0,0.001,1.57,0.0,20.0,10.0,1,0,0,0.0,0.0,,,3328753.598284762,1684095.872327846,0.0,0.0,5012849.470618628,0.6640441963787845
212.5,310.0,0.001,1.57,0.0,20.0,20.0,1,0,0,0.0,0.0,,,3328643.788454538,1684040.316993864,0.0,0.0,5012684.105454422,0.6640441963682813
212.5,310.0,0.001,1.57,20.0,-20.0,0.0,0,0,0,0.0,0.0,,,3328078.032530523,1683754.144760464,0.0,0.0,5011832.177297007,0.6640441887911398
212.5,310.0,0.001,1.57,20.0,-20.0,10.0,0,0,0,0.0,0.0,,,3328187.83313031,1683809.695480136,0.0,0.0,5011997.528616466,0.6640441887945301
212.5,310.0,0.001,1.57,20.0,-20.0,20.0,0,0,0,0.0,0.0,,,3328297.635661943,1683865.247246175,0.0,0.0,5012162.882914137,0.6640441887887784
212.5,310.0,0.001,1.57,20.0,0.0,0.0,1,0,0,0.0,0.0,,,0.01145805594392067,0.005795224068249481,0.0,0.0,0.01725929941156827,0.6638772334084869
212.5,310.0,0.001,1.57,20.0,0.0,10.0,1,0,0,0.0,0.0,,,0.005921099674309854,0.002994418179751695,0.0,0.0,0.008921537253459316,0.6636860337061256
212.5,310.0,0.001,1.57,20.0,0.0,20.0,1,0,0,0.0,0.0,,,0.002195396209973333,0.001109968319244881,0.0,0.0,0.00331138392861751,0.6629844975088415
212.5,310.0,0.001,1.57,20.0,20.0,0.0,1,0,0,0.0,0.0,,,3328859.188381818,1684149.292867074,0.0,0.0,5013008.481254911,0.6640441963801549
212.5,310.0,0.001,1.57,20.0,20.0,10.0,1,0,0,0.0,0.0,,,3328749.376697639,1684093.736526171,0.0,0.0,5012843.113229829,0.6640441963787871
212.5,310.0,0.001,1.57,20.0,20.0,20.0,1,0,0,0.0,0.0,,,3328639.566958471,1684038.181241083,0.0,0.0,5012677.748205573,0.6640441963679093
212.5,310.0,0.001,1.59,-20.0,-20.0,0.0,0,0,0,,,,,,,,,,
212.5,310.0,0.001,1.59,-20.0,-20.0,10.0,0,0,0,,,,,,,,,,
212.5,310.0,0.001,1.59,-20.0,-20.0,20.0,0,0,0,,,,,,,,,,
212.5,310.0,0.001,1.59,-20.0,0.0,0.0,0,0,0,,,,,,,,,,
212.5,310.0,0.001,1.59,-20.0,0.0,10.0,0,0,0,,,,,,,,,,
212.5,310.0,0.001,1.59,-20.0,0.0,20.0,0,0,0,,,,,,,,,,
212.5,310.0,0.001,1.59,-20.0,20.0,0.0,0,0,0,,,,,,,,,,
212.5,310.0,0.001,1.59,-20.0,20.0,10.0,0,0,0,,,,,,,,,,
212.5,310.0,0.001,1.59,-20.0,20.0,20.0,0,0,0,,,,,,,,,,
212.5,310.0,0.001,1.59,0.0,-20.0,0.0,0,0,0,,,,,,,,,,
212.5,310.0,0.001,1.59,0.0,-20.0,10.0,0,0,0,,,,,,,,,,
212.5,310.0,0.001,1.59,0.0,-20.0,20.0,0,0,0,,,,,,,,,,
212.5,310.0,0.001,1.59,0.0,0.0,0.0,0,0,0,,,,,,,,,,
212.5,310.0,0.001,1.59,0.0,0.0,10.0,0,0,0,,,,,,,,,,
212.5,310.0,0.001,1.59,0.0,0.0,20.0,0,0,0,,,,,,,,,,
212.5,310.0,0.001,1.59,0.0,20.0,0.0,0,0,0,,,,,,,,,,
212.5,310.0,0.001,1.59,0.0,20.0,10.0,0,0,0,,,,,,,,,,
212.5,310.0,0.001,1.59,0.0,20.0,20.0,0,0,0,,,,,,,,,,
212.5,310.0,0.001,1.59,20.0,-20.0,0.0,0,0,0,,,,,,,,,,
212.5,310.0,0.001,1.59,20.0,-20.0,10.0,0,0,0,,,,,,,,,,
212.5,310.0,0.001,1.59,20.0,-20.0,20.0,0,0,0,,,,,,,,,,
212.5,310.0,0.001,1.59,20.0,0.0,0.0,0,0,0,,,,,,,,,,
212.5,310.0,0.001,1.59,20.0,0.0,10.0,0,0,0,,,,,,,,,,
212.5,310.0,0.001,1.59,20.0,0.0,20.0,0,0,0,,,,,,,,,,
212.5,310.0,0.001,1.59,20.0,20.0,0.0,0,0,0,,,,,,,,,,
212.5,310.0,0.001,1.59,20.0,20.0,10.0,0,0,0,,,,,,,,,,
212.5,310.0,0.001,1.59,20.0,20.0,20.0,0,0,0,,,,,,,,,,
212.5,310.0,0.0055000000000000005,1.55,-20.0,-20.0,0.0,0,0,0,0.0,0.0,,,7.125844840635246,3.605748542696038,0.0,0.0,10.73288303671278,0.6639264414100721
212.5,310.0,0.0055000000000000005,1.55,-20.0,-20.0,10.0,0,0,0,0.0,0.0,,,7.126080527283266,3.605867792341433,0.0,0.0,10.7332379730062,0.6639264446763562
212.5,310.0,0.0055000000000000005,1.55,-20.0,-20.0,20.0,0,0,0,0.0,0.0,,,7.126316217827484,3.605987043957989,0.0,0.0,10.73359291516697,0.6639264479424899
212.5,310.0,0.0055000000000000005,1.55,-20.0,0.0,0.0,1,0,0,0.0,0.0,,,2.588303483333428e-05,1.204866292664559e-05,0.0,0.0,0.001327585079258013,0.01949632851236947
212.5,310.0,0.0055000000000000005,1.55,-20.0,0.0,10.0,1,0,0,0.0,0.0,,,2.543603445935506e-05,1.183265917811063e-05,0.0,0.0,0.001326922075135801,0.01916919986183202
212.5,310.0,0.0055000000000000005,1.55,-20.0,0.0,20.0,1,0,0,0.0,0.0,,,2.499293167776657e-05,1.161862731459846e-05,0.0,0.0,0.001326264940490411,0.0188445995326733
212.5,310.0,0.0055000000000000005,1.55,-20.0,20.0,0.0,0,0,0,0.0,0.0,,,7.180243553702536,3.632040962250762,0.0,0.0,10.8135741693348,0.6640028025205873
212.5,310.0,0.0055000000000000005,1.55,-20.0,20.0,10.0,0,0,0,0.0,0.0,,,7.180006973055338,3.631921280598795,0.0,0.0,10.81321790703563,0.6640028005339336
212.5,310.0,0.0055000000000000005,1.55,-20.0,20.0,20.0,0,0,0,0.0,0.0,,,7.179770396303311,3.631801600916826,0.0,0.0,10.81286165060163,0.664002798547212
212.5,310.0,0.0055000000000000005,1.55,0.0,-20.0,0.0,0,0,0,0.0,0.0,,,7.132023374774631,3.608874676476258,0.0,0.0,10.74218770463239,0.6639265269679718
212.5,310.0,0.0055000000000000005,1.55,0.0,-20.0,10.0,0,0,0,0.0,0.0,,,7.132259163574552,3.608993977802363,0.0,0.0,10.74254279475842,0.6639265302303081
212.5,310.0,0.0055000000000000005,1.55,0.0,-20.0,20.0,0,0,0,0.0,0.0,,,7.132494956272224,3.609113281099492,0.0,0.0,10.74289789075321,0.6639265334925515
212.5,310.0,0.0055000000000000005,1.55,0.0,0.0,0.0,1,0,0,0.0,0.0,,,1.545497801429483e-05,7.03874073771333e-06,0.0,0.0,0.00131214710025004,0.0117783882701488
212.5,310.0,0.0055000000000000005,1.55,0.0,0.0,10.0,1,0,0,0.0,0.0,,,1.511013187466684e-05,6.874419254703089e-06,0.0,0.0,0.001311637932627705,0.01152004794828978
212.5,310.0,0.0055000000000000005,1.55,0.0,0.0,20.0,1,0,0,0.0,0.0,,,1.476918332743098e-05,6.712069656716516e-06,0.0,0.0,0.001311134634482192,0.01126442925006233
212.5,310.0,0.0055000000000000005,1.55,0.0,20.0,0.0,0,0,0,0.0,0.0,,,7.174044163452201,3.628904808628006,0.0,0.0,10.80423862546171,0.6640027504155228
212.5,310.0,0.0055000000000000005,1.55,0.0,20.0,10.0,0,0,0,0.0,0.0,,,7.173807684956723,3.628785178656772,0.0,0.0,10.80388251699499,0.6640027484260406
212.5,310.0,0.0055000000000000005,1.55,0.0,20.0,20.0,0,0,0,0.0,0.0,,,7.173571210362224,3.628665550659676,0.0,0.0,10.8035264144034,0.6640027464364161
212.5,310.0,0.0055000000000000005,1.55,20.0,-20.0,0.0,0,0,0,0.0,0.0,,,7.138204586328269,3.612002164822381,0.0,0.0,10.75149640453215,0.6639266124219932
212.5,310.0,0.0055000000000000005,1.55,20.0,-20.0,10.0,0,0,0,0.0,0.0,,,7.138440477284806,3.612121517832935,0.0,0.0,10.75185164849924,0.6639266156803048
212.5,310.0,0.0055000000000000005,1.55,20.0,-20.0,20.0,0,0,0,0.0,0.0,,,7.138676372140307,3.612240872816326,0.0,0.0,10.75220689833813,0.6639266189384492
212.5,310.0,0.0055000000000000005,1.55,20.0,0.0,0.0,1,0,0,0.0,0.0,,,7.704340109423517e-06,3.383388686004436e-06,0.0,0.0,0.001300741110293163,0.005923038834135947
212.5,310.0,0.0055000000000000005,1.55,20.0,0.0,10.0,0,0,0,0.0,0.0,,,7.461648204146938e-06,3.270749468518826e-06,0.0,0.0,0.001300385779170704,0.005738026609999889
212.5,310.0,0.0055000000000000005,1.55,20.0,0.0,20.0,0,0,0,0.0,0.0,,,7.222853891263498e-06,3.16008213605776e-06,0.0,0.0,0.00130003631752507,0.005555886242481232
212.5,310.0,0.0055000000000000005,1.55,20.0,20.0,0.0,0,0,0,0.0,0.0,,,7.167847450616621,3.625770009572446,0.0,0.0,10.79490711357056,0.6640026982358866
212.5,310.0,0.0055000000000000005,1.55,20.0,20.0,10.0,0,0,0,0.0,0.0,,,7.167611074278362,3.625650431285839,0.0,0.0,10.7945511589457,0.6640026962435018
212.5,310.0,0.0055000000000000005,1.55,20.0,20.0,20.0,0,0,0,0.0,0.0,,,7.167374701834854,3.62553085496803,0.0,0.0,10.79419521018438,0.6640026942511099
212.5,310.0,0.0055000000000000005,1.57,-20.0,-20.0,0.0,0,0,0,0.0,0.0,,,3327948.525688858,1683688.695833558,0.0,0.0,5011637.221596368,0.6640441792849482
212.5,310.0,0.0055000000000000005,1.57,-20.0,-20.0,10.0,0,0,0,0.0,0.0,,,3328058.323114171,1683744.245050525,0.0,0.0,5011802.568238648,0.6640441792749603
212.5,310.0,0.0055000000000000005,1.57,-20.0,-20.0,20.0,0,0,0,0.0,0.0,,,3328168.121967502,1683799.794780113,0.0,0.0,5011967.916821567,0.6640441792927761
212.5,310.0,0.0055000000000000005,1.57,-20.0,0.0,0.0,1,0,0,0.0,0.0,,,0.0119504018112567,0.006039985005803096,0.0,0.0,0.01806433912192073,0.6615465825016049
212.5,310.0,0.0055000000000000005,1.57,-20.0,0.0,10.0,1,0,0,0.0,0.0,,,0.006276537408960218,0.003171097543685949,0.0,0.0,0.009521587257520099,0.659190242047411
212.5,310.0,0.0055000000000000005,1.57,-20.0,0.0,20.0,1,0,0,0.0,0.0,,,0.002413885813420701,0.001218545872921649,0.0,0.0,0.003706383991217705,0.6512778544102326
212.5,310.0,0.0055000000000000005,1.57,-20.0,20.0,0.0,1,0,0,0.0,0.0,,,3328746.273353868,1684092.094635932,0.0,0.0,5012838.368063753,0.6640442058856213
212.5,310.0,0.0055000000000000005,1.57,-20.0,20.0,10.0,1,0,0,0.0,0.0,,,3328636.464851868,1684036.539972409,0.0,0.0,5012673.00489823,0.6640442058756331
212.5,310.0,0.0055000000000000005,1.57,-20.0,20.0,20.0,1,0,0,0.0,0.0,,,3328526.657777827,1683980.985821448,0.0,0.0,5012507.643673227,0.664044205893448
212.5,310.0,0.0055000000000000005,1.57,0.0,-20.0,0.0,0,0,0,0.0,0.0,,,3327952.746677973,1683690.831330024,0.0,0.0,5011643.57808195,0.6640441792853201
212.5,310.0,0.0055000000000000005,1.57,0.0,-20.0,10.0,0,0,0,0.0,0.0,,,3328062.544065689,1683746.380461722,0.0,0.0,5011808.924601363,0.6640441792841097
212.5,310.0,0.0055000000000000005,1.57,0.0,-20.0,20.0,0,0,0,0.0,0.0,,,3328172.343109168,1683801.930356502,0.0,0.0,5011974.273539622,0.6640441792927845
212.5,310.0,0.0055000000000000005,1.57,0.0,0.0,0.0,1,0,0,0.0,0.0,,,0.01169879972827824,0.005912757168397463,0.0,0.0,0.01768550920153663,0.6614906924626048
212.5,310.0,0.0055000000000000005,1.57,0.0,0.0,10.0,1,0,0,0.0,0.0,,,0.006094565407331577,0.003079097226331178,0.0,0.0,0.009247614938525108,0.6590418662375223
212.5,310.0,0.0055000000000000005,1.57,0.0,0.0,20.0,1,0,0,0.0,0.0,,,0.002301543893458008,0.001161773075946948,0.0,0.0,0.00353726927425715,0.6506555523515658
212.5,310.0,0.0055000000000000005,1.57,0.0,20.0,0.0,1,0,0,0.0,0.0,,,3328742.051848257,1684089.958875543,0.0,0.0,5012832.010797752,0.6640442058856296
212.5,310.0,0.0055000000000000005,1.57,0.0,20.0,10.0,1,0,0,0.0,0.0,,,3328632.243442509,1684034.404266235,0.0,0.0,5012666.647782696,0.6640442058749103
212.5,310.0,0.0055000000000000005,1.57,0.0,20.0,20.0,1,0,0,0.0,0.0,,,3328522.436424842,1683978.850141082,0.0,0.0,5012501.286639876,0.6640442058930848
212.5,310.0,0.0055000000000000005,1.57,20.0,-20.0,0.0,0,0,0,0.0,0.0,,,3327956.967562575,1683692.966707328,0.0,0.0,5011649.934343855,0.6640441792944751
212.5,310.0,0.0055000000000000005,1.57,20.0,-20.0,10.0,0,0,0,0.0,0.0,,,3328066.765127073,1683748.51599468,0.0,0.0,5011815.281195706,0.664044179284491
212.5,310.0,0.0055000000000000005,1.57,20.0,-20.0,20.0,0,0,0,0.0,0.0,,,3328176.564194838,1683804.065868678,0.0,0.0,5011980.630137468,0.6640441792975471
212.5,310.0,0.0055000000000000005,1.57,20.0,0.0,0.0,1,0,0,0.0,0.0,,,0.01144987449663947,0.005786883613732586,0.0,0.0,0.01731071041522141,0.6614329638702482
212.5,310.0,0.0055000000000000005,1.57,20.0,0.0,10.0,1,0,0,0.0,0.0,,,0.005915270257756163,0.002988451192460402,0.0,0.0,0.008977673755078918,0.6588867471832256
212.5,310.0,0.0055000000000000005,1.57,20.0,0.0,20.0,1,0,0,0.0,0.0,,,0.002191878825446021,0.001106354562349446,0.0,0.0,0.003372185692641871,0.6499875823056583
212.5,310.0,0.0055000000000000005,1.57,20.0,20.0,0.0,1,0,0,0.0,0.0,,,3328737.830211523,1684087.822977043,0.0,0.0,5012825.653262517,0.6640442058951456
212.5,310.0,0.0055000000000000005,1.57,20.0,20.0,10.0,1,0,0,0.0,0.0,,,3328628.021862045,1684032.268393455,0.0,0.0,5012660.290329452,0.6640442058847906
212.5,310.0,0.0055000000000000005,1.57,20.0,20.0,20.0,1,0,0,0.0,0.0,,,3328518.215056043,1683976.714447109,0.0,0.0,5012494.929577104,0.664044205893464
212.5,310.0,0.0055000000000000005,1.59,-20.0,-20.0,0.0,0,0,0,,,,,,,,,,
212.5,310.0,0.0055000000000000005,1.59,-20.0,-20.0,10.0,0,0,0,,,,,,,,,,
212.5,310.0,0.0055000000000000005,1.59,-20.0,-20.0,20.0,0,0,0,,,,,,,,,,
212.5,310.0,0.0055000000000000005,1.59,-20.0,0.0,0.0,0,0,0,,,,,,,,,,
212.5,310.0,0.0055000000000000005,1.59,-20.0,0.0,10.0,0,0,0,,,,,,,,,,
212.5,310.0,0.0055000000000000005,1.59,-20.0,0.0,20.0,0,0,0,,,,,,,,,,
212.5,310.0,0.0055000000000000005,1.59,-20.0,20.0,0.0,0,0,0,,,,,,,,,,
212.5,310.0,0.0055000000000000005,1.59,-20.0,20.0,10.0,0,0,0,,,,,,,,,,
212.5,310.0,0.0055000000000000005,1.59,-20.0,20.0,20.0,0,0,0,,,,,,,,,,
212.5,310.0,0.0055000000000000005,1.59,0.0,-20.0,0.0,0,0,0,,,,,,,,,,
212.5,310.0,0.0055000000000000005,1.59,0.0,-20.0,10.0,0,0,0,,,,,,,,,,
212.5,310.0,0.0055000000000000005,1.59,0.0,-20.0,20.0,0,0,0,,,,,,,,,,
212.5,310.0,0.0055000000000000005,1.59,0.0,0.0,0.0,0,0,0,,,,,,,,,,
212.5,310.0,0.0055000000000000005,1.59,0.0,0.0,10.0,0,0,0,,,,,,,,,,
212.5,310.0,0.0055000000000000005,1.59,0.0,0.0,20.0,0,0,0,,,,,,,,,,
212.5,310.0,0.0055000000000000005,1.59,0.0,20.0,0.0,0,0,0,,,,,,,,,,
212.5,310.0,0.0055000000000000005,1.59,0.0,20.0,10.0,0,0,0,,,,,,,,,,
212.5,310.0,0.0055000000000000005,1.59,0.0,20.0,20.0,0,0,0,,,,,,,,,,
212.5,310.0,0.0055000000000000005,1.59,20.0,-20.0,0.0,0,0,0,,,,,,,,,,
212.5,310.0,0.0055000000000000005,1.59,20.0,-20.0,10.0,0,0,0,,,,,,,,,,
212.5,310.0,0.0055000000000000005,1.59,20.0,-20.0,20.0,0,0,0,,,,,,,,,,
212.5,310.0,0.0055000000000000005,1.59,20.0,0.0,0.0,0,0,0,,,,,,,,,,
212.5,310.0,0.0055000000000000005,1.59,20.0,0.0,10.0,0,0,0,,,,,,,,,,
212.5,310.0,0.0055000000000000005,1.59,20.0,0.0,20.0,0,0,0,,,,,,,,,,
212.5,310.0,0.0055000000000000005,1.59,20.0,20.0,0.0,0,0,0,,,,,,,,,,
212.5,310.0,0.0055000000000000005,1.59,20.0,20.0,10.0,0,0,0,,,,,,,,,,
212.5,310.0,0.0055000000000000005,1.59,20.0,20.0,20.0,0,0,0,,,,,,,,,,
212.5,310.0,0.01,1.55,-20.0,-20.0,0.0,0,0,0,0.0,0.0,,,7.124207573164386,3.605025115520866,0.0,0.0,10.73100134508183,0.6638902879673493
212.5,310.0,0.01,1.55,-20.0,-20.0,10.0,0,0,0,0.0,0.0,,,7.124443246569494,3.60514436020219,0.0,0.0,10.73135626316826,0.6638902923222977
212.5,310.0,0.01,1.55,-20.0,-20.0,20.0,0,0,0,0.0,0.0,,,7.124678923874785,3.605263606857427,0.0,0.0,10.73171118712879,0.6638902966769977
212.5,310.0,0.01,1.55,-20.0,0.0,0.0,1,0,0,0.0,0.0,,,2.551855973735495e-05,1.171973667052596e-05,0.0,0.0,0.001805894692980676,0.01413070199305802
212.5,310.0,0.01,1.55,-20.0,0.0,10.0,1,0,0,0.0,0.0,,,2.50747954066172e-05,1.150710628035308e-05,0.0,0.0,0.001805238298259778,0.01389001963385605
212.5,310.0,0.01,1.55,-20.0,0.0,20.0,1,0,0,0.0,0.0,,,2.463492912596927e-05,1.129644800676464e-05,0.0,0.0,0.001804587773705549,0.01365127786241386
212.5,310.0,0.01,1.55,-20.0,20.0,0.0,0,0,0,0.0,0.0,,,7.17820409651141,3.630903957598716,0.0,0.0,10.8108767105067,0.6639798314909257
212.5,310.0,0.01,1.55,-20.0,20.0,10.0,0,0,0,0.0,0.0,,,7.177967535575583,3.630784287654865,0.0,0.0,10.81052047962702,0.6639798286403352
212.5,310.0,0.01,1.55,-20.0,20.0,20.0,0,0,0,0.0,0.0,,,7.177730978539031,3.630664619684158,0.0,0.0,10.81016425461976,0.6639798257895668
212.5,310.0,0.01,1.55,0.0,-20.0,0.0,0,0,0,0.0,0.0,,,7.13038460367534,3.608150534025316,0.0,0.0,10.74030379409723,0.6638904020195528
212.5,310.0,0.01,1.55,0.0,-20.0,10.0,0,0,0,0.0,0.0,,,7.130620379227095,3.608269830385099,0.0,0.0,10.74065886600877,0.6638904063691612
212.5,310.0,0.01,1.55,0.0,-20.0,20.0,0,0,0,0.0,0.0,,,7.130856158679947,3.608389128719196,0.0,0.0,10.74101394379572,0.6638904107185254
212.5,310.0,0.01,1.55,0.0,0.0,0.0,1,0,0,0.0,0.0,,,1.517715496837011e-05,6.79909972706776e-06,0.0,0.0,0.001790632651268233,0.008475861845600067
212.5,310.0,0.01,1.55,0.0,0.0,10.0,1,0,0,0.0,0.0,,,1.483553774373735e-05,6.638147996069612e-06,0.0,0.0,0.001790130082312614,0.008287407652840388
212.5,310.0,0.01,1.55,0.0,0.0,20.0,1,0,0,0.0,0.0,,,1.449781856919497e-05,6.479168381656325e-06,0.0,0.0,0.001789633383523666,0.00810099917819467
212.5,310.0,0.01,1.55,0.0,20.0,0.0,0,0,0,0.0,0.0,,,7.172006383190924,3.62776869782038,0.0,0.0,10.80154373740788,0.6639797567409602
212.5,310.0,0.01,1.55,0.0,20.0,10.0,0,0,0,0.0,0.0,,,7.171769924401518,3.627649079554931,0.0,0.0,10.80118766035302,0.6639797538863536
212.5,310.0,0.01,1.55,0.0,20.0,20.0,0,0,0,0.0,0.0,,,7.17153346951447,3.627529463264888,0.0,0.0,10.80083158917593,0.6639797510315254
212.5,310.0,0.01,1.55,20.0,-20.0,0.0,0,0,0,0.0,0.0,,,7.136564310915148,3.611277306749874,0.0,0.0,10.74961027406159,0.6638905159320436
212.5,310.0,0.01,1.55,20.0,-20.0,10.0,0,0,0,0.0,0.0,,,7.136800188617747,3.611396654791426,0.0,0.0,10.74996549980575,0.6638905202762473
212.5,310.0,0.01,1.55,20.0,-20.0,20.0,0,0,0,0.0,0.0,,,7.137036070215192,3.611516004802406,0.0,0.0,10.75032073141417,0.663890524620314
212.5,310.0,0.01,1.55,20.0,0.0,0.0,1,0,0,0.0,0.0,,,7.51248113960918e-06,3.232684858392772e-06,0.0,0.0,0.001779401562570392,0.004221914433275648
212.5,310.0,0.01,1.55,20.0,0.0,10.0,0,0,0,0.0,0.0,,,7.273011021081065e-06,3.123411786569167e-06,0.0,0.0,0.001779052819380049,0.004088136643191689
212.5,310.0,0.01,1.55,20.0,0.0,20.0,0,0,0,0.0,0.0,,,7.037438952644339e-06,3.016110831331016e-06,0.0,0.0,0.001778709946356384,0.003956484848505092
212.5,310.0,0.01,1.55,20.0,20.0,0.0,0,0,0,0.0,0.0,,,7.165811346599746,3.624634792263104,0.0,0.0,10.79221479525942,0.6639796818858158
212.5,310.0,0.01,1.55,20.0,20.0,10.0,0,0,0,0.0,0.0,,,7.165574989960024,3.624515225677982,0.0,0.0,10.79185887203458,0.6639796790271689
212.5,310.0,0.01,1.55,20.0,20.0,20.0,0,0,0,0.0,0.0,,,7.165338637216542,3.624395661063827,0.0,0.0,10.79150295467694,0.6639796761683828
212.5,310.0,0.01,1.57,-20.0,-20.0,0.0,0,0,0,0.0,0.0,,,3327692.685807236,1683559.332173455,0.0,0.0,5011252.01819812,0.6640441697449819
212.5,310.0,0.01,1.57,-20.0,-20.0,10.0,0,0,0,0.0,0.0,,,3327802.475322011,1683614.877248682,0.0,0.0,5011417.352788122,0.6640441697538072
212.5,310.0,0.01,1.57,-20.0,-20.0,20.0,0,0,0,0.0,0.0,,,3327912.266786889,1683670.423385003,0.0,0.0,5011582.690389322,0.6640441697527617
212.5,310.0,0.01,1.57,-20.0,0.0,0.0,1,0,0,0.0,0.0,,,0.01194155491432274,0.006031227393243727,0.0,0.0,0.01819021162429464,0.656482462159689
212.5,310.0,0.01,1.57,-20.0,0.0,10.0,1,0,0,0.0,0.0,,,0.006270276304983937,0.003164831546191823,0.0,0.0,0.00965253716787407,0.6495987734554292
212.5,310.0,0.01,1.57,-20.0,0.0,20.0,1,0,0,0.0,0.0,,,0.002410097153618122,0.001214714145133043,0.0,0.0,0.003842240615453652,0.6272634628671121
212.5,310.0,0.01,1.57,-20.0,20.0,0.0,1,0,0,0.0,0.0,,,3328490.107228937,1683962.42236725,0.0,0.0,5012452.529813616,0.6640442153679018
212.5,310.0,0.01,1.57,-20.0,20.0,10.0,1,0,0,0.0,0.0,,,3328380.306267534,1683906.87145083,0.0,0.0,5012287.177935794,0.6640442153672165
212.5,310.0,0.01,1.57,-20.0,20.0,20.0,1,0,0,0.0,0.0,,,3328270.507122396,1683851.321456035,0.0,0.0,5012121.828795861,0.6640442153661692
212.5,310.0,0.01,1.57,0.0,-20.0,0.0,0,0,0,0.0,0.0,,,3327696.906351225,1683561.467375754,0.0,0.0,5011258.373944409,0.6640441697545048
212.5,310.0,0.01,1.57,0.0,-20.0,10.0,0,0,0,0.0,0.0,,,3327806.696069464,1683617.012625674,0.0,0.0,5011423.708912567,0.6640441697538217
212.5,310.0,0.01,1.57,0.0,-20.0,20.0,0,0,0,0.0,0.0,,,3327916.487456898,1683672.558648302,0.0,0.0,5011589.046322629,0.6640441697626494
212.5,310.0,0.01,1.57,0.0,0.0,0.0,1,0,0,0.0,0.0,,,0.01169005612689694,0.005904097309034644,0.0,0.0,0.01781158275262572,0.6563176495459753
212.5,310.0,0.01,1.57,0.0,0.0,10.0,1,0,0,0.0,0.0,,,0.006088402743005461,0.003072926525710235,0.0,0.0,0.009378758585414005,0.6491693636804173
212.5,310.0,0.01,1.57,0.0,0.0,20.0,1,0,0,0.0,0.0,,,0.002297848816514207,0.001158034187782378,0.0,0.0,0.003673312320965028,0.6255522579442773
212.5,310.0,0.01,1.57,0.0,20.0,0.0,1,0,0,0.0,0.0,,,3328485.886061441,1683960.286780776,0.0,0.0,5012446.173059646,0.6640442153675439
212.5,310.0,0.01,1.57,0.0,20.0,10.0,1,0,0,0.0,0.0,,,3328376.085169662,1683904.735899602,0.0,0.0,5012280.821286693,0.6640442153668559
212.5,310.0,0.01,1.57,0.0,20.0,20.0,1,0,0,0.0,0.0,,,3328266.28608082,1683849.185930456,0.0,0.0,5012115.472228705,0.6640442153661836
212.5,310.0,0.01,1.57,20.0,-20.0,0.0,0,0,0,0.0,0.0,,,3327701.126750828,1683563.602430506,0.0,0.0,5011264.729398764,0.6640441697738997
212.5,310.0,0.01,1.57,20.0,-20.0,10.0,0,0,0,0.0,0.0,,,3327810.916699109,1683619.147874134,0.0,0.0,5011430.064790673,0.66404416976297
212.5,310.0,0.01,1.57,20.0,-20.0,20.0,0,0,0,0.0,0.0,,,3327920.708164296,1683674.69393609,0.0,0.0,5011595.402317815,0.6640441697717985
212.5,310.0,0.01,1.57,20.0,0.0,0.0,1,0,0,0.0,0.0,,,0.01144123398539927,0.005778321403901623,0.0,0.0,0.01743698470596097,0.6561475036155757
212.5,310.0,0.01,1.57,20.0,0.0,10.0,1,0,0,0.0,0.0,,,0.005909205826696861,0.00298237568403568,0.0,0.0,0.009109010827396805,0.6487209136829634
212.5,310.0,0.01,1.57,20.0,0.0,20.0,1,0,0,0.0,0.0,,,0.002188277125415319,0.001102708409587709,0.0,0.0,0.003508414851671471,0.6237224552771418
212.5,310.0,0.01,1.57,20.0,20.0,0.0,1,0,0,0.0,0.0,,,3328481.664869965,1683958.151176549,0.0,0.0,5012439.816263943,0.6640442153679307
212.5,310.0,0.01,1.57,20.0,20.0,10.0,1,0,0,0.0,0.0,,,3328371.863927308,1683902.600200671,0.0,0.0,5012274.464345409,0.6640442153763793
212.5,310.0,0.01,1.57,20.0,20.0,20.0,1,0,0,0.0,0.0,,,3328262.064916298,1683847.050270928,0.0,0.0,5012109.115404656,0.6640442153757039
212.5,310.0,0.01,1.59,-20.0,-20.0,0.0,0,0,0,,,,,,,,,,
212.5,310.0,0.01,1.59,-20.0,-20.0,10.0,0,0,0,,,,,,,,,,
212.5,310.0,0.01,1.59,-20.0,-20.0,20.0,0,0,0,,,,,,,,,,
212.5,310.0,0.01,1.59,-20.0,0.0,0.0,0,0,0,,,,,,,,,,
212.5,310.0,0.01,1.59,-20.0,0.0,10.0,0,0,0,,,,,,,,,,
212.5,310.0,0.01,1.59,-20.0,0.0,20.0,0,0,0,,,,,,,,,,
212.5,310.0,0.01,1.59,-20.0,20.0,0.0,0,0,0,,,,,,,,,,
212.5,310.0,0.01,1.59,-20.0,20.0,10.0,0,0,0,,,,,,,,,,
212.5,310.0,0.01,1.59,-20.0,20.0,20.0,0,0,0,,,,,,,,,,
212.5,310.0,0.01,1.59,0.0,-20.0,0.0,0,0,0,,,,,,,,,,
212.5,310.0,0.01,1.59,0.0,-20.0,10.0,0,0,0,,,,,,,,,,
212.5,310.0,0.01,1.59,0.0,-20.0,20.0,0,0,0,,,,,,,,,,
212.5,310.0,0.01,1.59,0.0,0.0,0.0,0,0,0,,,,,,,,,,
212.5,310.0,0.01,1.59,0.0,0.0,10.0,0,0,0,,,,,,,,,,
212.5,310.0,0.01,1.59,0.0,0.0,20.0,0,0,0,,,,,,,,,,
212.5,310.0,0.01,1.59,0.0,20.0,0.0,0,0,0,,,,,,,,,,
212.5,310.0,0.01,1.59,0.0,20.0,10.0,0,0,0,,,,,,,,,,
212.5,310.0,0.01,1.59,0.0,20.0,20.0,0,0,0,,,,,,,,,,
212.5,310.0,0.01,1.59,20.0,-20.0,0.0,0,0,0,,,,,,,,,,
212.5,310.0,0.01,1.59,20.0,-20.0,10.0,0,0,0,,,,,,,,,,
212.5,310.0,0.01,1.59,20.0,-20.0,20.0,0,0,0,,,,,,,,,,
212.5,310.0,0.01,1.59,20.0,0.0,0.0,0,0,0,,,,,,,,,,
212.5,310.0,0.01,1.59,20.0,0.0,10.0,0,0,0,,,,,,,,,,
212.5,310.0,0.01,1.59,20.0,0.0,20.0,0,0,0,,,,,,,,,,
212.5,310.0,0.01,1.59,20.0,20.0,0.0,0,0,0,,,,,,,,,,
212.5,310.0,0.01,1.59,20.0,20.0,10.0,0,0,0,,,,,,,,,,
212.5,310.0,0.01,1.59,20.0,20.0,20.0,0,0,0,,,,,,,,,,
212.5,320.0,0.001,1.55,-20.0,-20.0,0.0,0,0,0,0.0,0.0,,,6.224498858236485,3.147153605948175,0.0,0.0,9.37253856018632,0.6641209122016934
212.5,320.0,0.001,1.55,-20.0,-20.0,10.0,0,0,0,0.0,0.0,,,6.224704696251699,3.147257671342603,0.0,0.0,9.372848463595963,0.6641209148348425
212.5,320.0,0.001,1.55,-20.0,-20.0,20.0,0,0,0,0.0,0.0,,,6.224910537670055,3.147361738456806,0.0,0.0,9.37315837212852,0.6641209174679142
212.5,320.0,0.001,1.55,-20.0,0.0,0.0,1,0,0,0.0,0.0,,,2.281656175166822e-05,1.070905888143355e-05,0.0,0.0,0.0009196216222926859,0.0248108147944421
212.5,320.0,0.001,1.55,-20.0,0.0,10.0,1,0,0,0.0,0.0,,,2.242433202508044e-05,1.051863203009123e-05,0.0,0.0,0.0009190389657147604,0.02439976199228991
212.5,320.0,0.001,1.55,-20.0,0.0,20.0,1,0,0,0.0,0.0,,,2.203550567189676e-05,1.032992569014695e-05,0.0,0.0,0.0009184614330216375,0.02399175934845991
212.5,320.0,0.001,1.55,-20.0,20.0,0.0,0,0,0,0.0,0.0,,,6.272240061952223,3.170336008866415,0.0,0.0,9.443462166820296,0.6641886154836099
212.5,320.0,0.001,1.55,-20.0,20.0,10.0,0,0,0,0.0,0.0,,,6.272033439476108,3.170231562617644,0.0,0.0,9.443151098095411,0.6641886139830077
212.5,320.0,0.001,1.55,-20.0,20.0,20.0,0,0,0,0.0,0.0,,,6.271826820407222,3.170127118092349,0.0,0.0,9.44284003450123,0.6641886124822508
212.5,320.0,0.001,1.55,0.0,-20.0,0.0,0,0,0,0.0,0.0,,,6.229895919596637,3.149882194766858,0.0,0.0,9.380664210365154,0.6641209811894685
212.5,320.0,0.001,1.55,0.0,-20.0,10.0,0,0,0,0.0,0.0,,,6.230101846827723,3.149986305261782,0.0,0.0,9.380974248091164,0.6641209838195027
212.5,320.0,0.001,1.55,0.0,-20.0,20.0,0,0,0,0.0,0.0,,,6.230307777464509,3.150090417478963,0.0,0.0,9.381284290945132,0.6641209864493752
212.5,320.0,0.001,1.55,0.0,0.0,0.0,1,0,0,0.0,0.0,,,1.365925184058751e-05,6.285733619333977e-06,0.0,0.0,0.0009060409871193021,0.01507575488832597
212.5,320.0,0.001,1.55,0.0,0.0,10.0,1,0,0,0.0,0.0,,,1.33562397790563e-05,6.140409080150043e-06,0.0,0.0,0.0009055926505185911,0.01474861768302536
212.5,320.0,0.001,1.55,0.0,0.0,20.0,1,0,0,0.0,0.0,,,1.305663109092947e-05,5.996805052364141e-06,0.0,0.0,0.0009051494378026836,0.01442483477935467
212.5,320.0,0.001,1.55,0.0,20.0,0.0,0,0,0,0.0,0.0,,,6.266824685969657,3.167598573395292,0.0,0.0,9.435309355366607,0.6641885761175618
212.5,320.0,0.001,1.55,0.0,20.0,10.0,0,0,0,0.0,0.0,,,6.266618152712558,3.167494172249907,0.0,0.0,9.434998420964122,0.6641885746147479
212.5,320.0,0.001,1.55,0.0,20.0,20.0,0,0,0,0.0,0.0,,,6.266411622862856,3.167389772828324,0.0,0.0,9.43468749169284,0.664188573111762
212.5,320.0,0.001,1.55,20.0,-20.0,0.0,0,0,0,0.0,0.0,,,6.235295319751935,3.152611965919414,0.0,0.0,9.388793381673008,0.6641210500939637
212.5,320.0,0.001,1.55,20.0,-20.0,10.0,0,0,0,0.0,0.0,,,6.235501336201512,3.152716121517167,0.0,0.0,9.38910355372034,0.6641210527208167
212.5,320.0,0.001,1.55,20.0,-20.0,20.0,0,0,0,0.0,0.0,,,6.235707356053131,3.152820278834818,0.0,0.0,9.389413730889608,0.6641210553475444
212.5,320.0,0.001,1.55,20.0,0.0,0.0,1,0,0,0.0,0.0,,,6.840736652376633e-06,3.044742030705871e-06,0.0,0.0,0.0008959814803424631,0.007634908536013444
212.5,320.0,0.001,1.55,20.0,0.0,10.0,0,0,0,0.0,0.0,,,6.626942255901737e-06,2.944519803679876e-06,0.0,0.0,0.0008956674637189664,0.007398886890884175
212.5,320.0,0.001,1.55,20.0,0.0,20.0,0,0,0,0.0,0.0,,,6.416551232831146e-06,2.846018088052166e-06,0.0,0.0,0.0008953585709802727,0.007166459830507973
212.5,320.0,0.001,1.55,20.0,20.0,0.0,0,0,0,0.0,0.0,,,6.261411648784831,3.164862320260423,0.0,0.0,9.427160065046914,0.664188536694128
212.5,320.0,0.001,1.55,20.0,20.0,10.0,0,0,0,0.0,0.0,,,6.261205204747749,3.164757964219274,0.0,0.0,9.426849264968682,0.6641885351890741
212.5,320.0,0.001,1.55,20.0,20.0,20.0,0,0,0,0.0,0.0,,,6.26099876411056,3.164653609895631,0.0,0.0,9.42653847000785,0.6641885336840243
212.5,320.0,0.001,1.57,-20.0,-20.0,0.0,0,0,0,0.0,0.0,,,2906525.721176716,1469339.426059079,0.0,0.0,4375865.147241815,0.6642173886479913
212.5,320.0,0.001,1.57,-20.0,-20.0,10.0,0,0,0,0.0,0.0,,,2906621.613882609,1469387.902757298,0.0,0.0,4376009.516645927,0.6642173886565134
212.5,320.0,0.001,1.57,-20.0,-20.0,20.0,0,0,0,0.0,0.0,,,2906717.508563989,1469436.380644695,0.0,0.0,4376153.889214704,0.6642173886361197
212.5,320.0,0.001,1.57,-20.0,0.0,0.0,1,0,0,0.0,0.0,,,0.01044383720786551,0.005278081601786423,0.0,0.0,0.015727938209051,0.6640309154988522
212.5,320.0,0.001,1.57,-20.0,0.0,10.0,1,0,0,0.0,0.0,,,0.005486638893937651,0.002772504767747194,0.0,0.0,0.008265163061084026,0.6638270598400082
212.5,320.0,0.001,1.57,-20.0,0.0,20.0,1,0,0,0.0,0.0,,,0.002111274347841656,0.001066594236798441,0.0,0.0,0.003183887984040334,0.6631120059577165
212.5,320.0,0.001,1.57,-20.0,20.0,0.0,1,0,0,0.0,0.0,,,2907222.673505996,1469691.703601671,0.0,0.0,4376914.377113687,0.664217396782419
212.5,320.0,0.001,1.57,-20.0,20.0,10.0,1,0,0,0.0,0.0,,,2907126.770798277,1469643.221801787,0.0,0.0,4376769.992606084,0.6642173967810611
212.5,320.0,0.001,1.57,-20.0,20.0,20.0,1,0,0,0.0,0.0,,,2907030.869799762,1469594.740928705,0.0,0.0,4376625.610734487,0.6642173967701805
212.5,320.0,0.001,1.57,0.0,-20.0,0.0,0,0,0,0.0,0.0,,,2906529.407547007,1469341.28957157,0.0,0.0,4375870.697124598,0.6642173886575076
212.5,320.0,0.001,1.57,0.0,-20.0,10.0,0,0,0,0.0,0.0,,,2906625.300434425,1469389.766424233,0.0,0.0,4376015.066864678,0.6642173886565159
212.5,320.0,0.001,1.57,0.0,-20.0,20.0,0,0,0,0.0,0.0,,,2906721.194910315,1469438.244079893,0.0,0.0,4376159.438996228,0.664217388655528
212.5,320.0,0.001,1.57,0.0,0.0,0.0,1,0,0,0.0,0.0,,,0.01022402460470681,0.005166976448991854,0.0,0.0,0.01539702045309679,0.6640261754442539
212.5,320.0,0.001,1.57,0.0,0.0,10.0,1,0,0,0.0,0.0,,,0.005327638583892584,0.002692142125809548,0.0,0.0,0.008025800109100369,0.663814013739469
212.5,320.0,0.001,1.57,0.0,0.0,20.0,1,0,0,0.0,0.0,,,0.002013086330837341,0.001016974105644983,0.0,0.0,0.00303607983588162,0.6630544780298175
212.5,320.0,0.001,1.57,0.0,20.0,0.0,1,0,0,0.0,0.0,,,2907218.986593628,1469689.839754946,0.0,0.0,4376908.826354593,0.6642173967820506
212.5,320.0,0.001,1.57,0.0,20.0,10.0,1,0,0,0.0,0.0,,,2907123.083928462,1469641.357974128,0.0,0.0,4376764.441908609,0.6642173967810638
212.5,320.0,0.001,1.57,0.0,20.0,20.0,1,0,0,0.0,0.0,,,2907027.182979211,1469592.877123491,0.0,0.0,4376620.060108721,0.6642173967705564
212.5,320.0,0.001,1.57,20.0,-20.0,0.0,0,0,0,0.0,0.0,,,2906533.094040348,1469343.153208944,0.0,0.0,4375876.247255311,0.6642173886575101
212.5,320.0,0.001,1.57,20.0,-20.0,10.0,0,0,0,0.0,0.0,,,2906628.986936444,1469391.63003702,0.0,0.0,4376020.616979484,0.6642173886609162
212.5,320.0,0.001,1.57,20.0,-20.0,20.0,0,0,0,0.0,0.0,,,2906724.88153686,1469440.107787031,0.0,0.0,4376164.989329911,0.6642173886551624
212.5,320.0,0.001,1.57,20.0,0.0,0.0,1,0,0,0.0,0.0,,,0.01000654988038643,0.005057053167087908,0.0,0.0,0.01506962244687246,0.6640212729724481
212.5,320.0,0.001,1.57,20.0,0.0,10.0,1,0,0,0.0,0.0,,,0.005170976152355473,0.002612961354432778,0.0,0.0,0.007789956906186018,0.6638003540493519
212.5,320.0,0.001,1.57,20.0,0.0,20.0,1,0,0,0.0,0.0,,,0.001917236192306524,0.0009685358450178852,0.0,0.0,0.002891791436723705,0.6629925547046654
212.5,320.0,0.001,1.57,20.0,20.0,0.0,1,0,0,0.0,0.0,,,2907215.299653754,1469687.975889446,0.0,0.0,4376903.275549219,0.6642173967824211
212.5,320.0,0.001,1.57,20.0,20.0,10.0,1,0,0,0.0,0.0,,,2907119.397060986,1469639.494147651,0.0,0.0,4376758.891214657,0.6642173967810664
212.5,320.0,0.001,1.57,20.0,20.0,20.0,1,0,0,0.0,0.0,,,2907023.496184095,1469591.013336055,0.0,0.0,4376614.50952617,0.6642173967701857
212.5,320.0,0.001,1.59,-20.0,-20.0,0.0,0,0,0,,,,,,,,,,
212.5,320.0,0.001,1.59,-20.0,-20.0,10.0,0,0,0,,,,,,,,,,
212.5,320.0,0.001,1.59,-20.0,-20.0,20.0,0,0,0,,,,,,,,,,
212.5,320.0,0.001,1.59,-20.0,0.0,0.0,0,0,0,,,,,,,,,,
212.5,320.0,0.001,1.59,-20.0,0.0,10.0,0,0,0,,,,,,,,,,
212.5,320.0,0.001,1.59,-20.0,0.0,20.0,0,0,0,,,,,,,,,,
212.5,320.0,0.001,1.59,-20.0,20.0,0.0,0,0,0,,,,,,,,,,
212.5,320.0,0.001,1.59,-20.0,20.0,10.0,0,0,0,,,,,,,,,,
212.5,320.0,0.001,1.59,-20.0,20.0,20.0,0,0,0,,,,,,,,,,
212.5,320.0,0.001,1.59,0.0,-20.0,0.0,0,0,0,,,,,,,,,,
212.5,320.0,0.001,1.59,0.0,-20.0,10.0,0,0,0,,,,,,,,,,
212.5,320.0,0.001,1.59,0.0,-20.0,20.0,0,0,0,,,,,,,,,,
212.5,320.0,0.001,1.59,0.0,0.0,0.0,0,0,0,,,,,,,,,,
212.5,320.0,0.001,1.59,0.0,0.0,10.0,0,0,0,,,,,,,,,,
212.5,320.0,0.001,1.59,0.0,0.0,20.0,0,0,0,,,,,,,,,,
212.5,320.0,0.001,1.59,0.0,20.0,0.0,0,0,0,,,,,,,,,,
212.5,320.0,0.001,1.59,0.0,20.0,10.0,0,0,0,,,,,,,,,,
212.5,320.0,0.001,1.59,0.0,20.0,20.0,0,0,0,,,,,,,,,,
212.5,320.0,0.001,1.59,20.0,-20.0,0.0,0,0,0,,,,,,,,,,
212.5,320.0,0.001,1.59,20.0,-20.0,10.0,0,0,0,,,,,,,,,,
212.5,320.0,0.001,1.59,20.0,-20.0,20.0,0,0,0,,,,,,,,,,
212.5,320.0,0.001,1.59,20.0,0.0,0.0,0,0,0,,,,,,,,,,
212.5,320.0,0.001,1.59,20.0,0.0,10.0,0,0,0,,,,,,,,,,
212.5,320.0,0.001,1.59,20.0,0.0,20.0,0,0,0,,,,,,,,,,
212.5,320.0,0.001,1.59,20.0,20.0,0.0,0,0,0,,,,,,,,,,
212.5,320.0,0.001,1.59,20.0,20.0,10.0,0,0,0,,,,,,,,,,
212.5,320.0,0.001,1.59,20.0,20.0,20.0,0,0,0,,,,,,,,,,
212.5,320.0,0.0055000000000000005,1.55,-20.0,-20.0,0.0,0,0,0,0.0,0.0,,,6.223332880068381,3.146662244496719,0.0,0.0,9.3712847779466,0.664085344489127
212.5,320.0,0.0055000000000000005,1.55,-20.0,-20.0,10.0,0,0,0,0.0,0.0,,,6.223538715057556,3.146766309983722,0.0,0.0,9.371594678422777,0.66408534818377
212.5,320.0,0.0055000000000000005,1.55,-20.0,-20.0,20.0,0,0,0,0.0,0.0,,,6.223744553448733,3.146870377190019,0.0,0.0,9.371904584020252,0.6640853518782778
212.5,320.0,0.0055000000000000005,1.55,-20.0,0.0,0.0,1,0,0,0.0,0.0,,,2.24744719604454e-05,1.039514122092891e-05,0.0,0.0,0.001322522994679405,0.01699363417563373
212.5,320.0,0.0055000000000000005,1.55,-20.0,0.0,10.0,1,0,0,0.0,0.0,,,2.208525087208677e-05,1.020785797271424e-05,0.0,0.0,0.001321946490343136,0.01670661485424734
212.5,320.0,0.0055000000000000005,1.55,-20.0,0.0,20.0,1,0,0,0.0,0.0,,,2.169943369467769e-05,1.002229550764177e-05,0.0,0.0,0.001321375110700365,0.01642185744150758
212.5,320.0,0.0055000000000000005,1.55,-20.0,20.0,0.0,0,0,0,0.0,0.0,,,6.270700626587608,3.169459417440657,0.0,0.0,9.441449697409762,0.6641671382635189
212.5,320.0,0.0055000000000000005,1.55,-20.0,20.0,10.0,0,0,0,0.0,0.0,,,6.270494013157296,3.169354977388249,0.0,0.0,9.441138643927042,0.664167135940828
212.5,320.0,0.0055000000000000005,1.55,-20.0,20.0,20.0,0,0,0,0.0,0.0,,,6.270287403130138,3.169250539055498,0.0,0.0,9.440827595567134,0.6641671336180636
212.5,320.0,0.0055000000000000005,1.55,0.0,-20.0,0.0,0,0,0,0.0,0.0,,,6.228728851859012,3.149390324994437,0.0,0.0,9.379408830234949,0.6640854412679424
212.5,320.0,0.0055000000000000005,1.55,0.0,-20.0,10.0,0,0,0,0.0,0.0,,,6.228934776061399,3.14949443558094,0.0,0.0,9.379718865023838,0.6640854449581169
212.5,320.0,0.0055000000000000005,1.55,0.0,-20.0,20.0,0,0,0,0.0,0.0,,,6.229140703668567,3.149598547888504,0.0,0.0,9.38002890493857,0.664085448648131
212.5,320.0,0.0055000000000000005,1.55,0.0,0.0,0.0,1,0,0,0.0,0.0,,,1.339768997011753e-05,6.055015551405182e-06,0.0,0.0,0.001309106087019553,0.01023422784674396
212.5,320.0,0.0055000000000000005,1.55,0.0,0.0,10.0,1,0,0,0.0,0.0,,,1.309768393609319e-05,5.912833295546897e-06,0.0,0.0,0.001308663898729974,0.01000843986664885
212.5,320.0,0.0055000000000000005,1.55,0.0,0.0,20.0,1,0,0,0.0,0.0,,,1.280108181302032e-05,5.772371822832358e-06,0.0,0.0,0.001308226835133898,0.009785062857016016
212.5,320.0,0.0055000000000000005,1.55,0.0,20.0,0.0,0,0,0,0.0,0.0,,,6.265286501234429,3.166722656692923,0.0,0.0,9.43329881130885,0.664167077345569
212.5,320.0,0.0055000000000000005,1.55,0.0,20.0,10.0,0,0,0,0.0,0.0,,,6.265079977018074,3.16661826174056,0.0,0.0,9.432987892140131,0.6641670750196064
212.5,320.0,0.0055000000000000005,1.55,0.0,20.0,20.0,0,0,0,0.0,0.0,,,6.264873456208337,3.166513868510705,0.0,0.0,9.432676978100542,0.6641670726934927
212.5,320.0,0.0055000000000000005,1.55,20.0,-20.0,0.0,0,0,0,0.0,0.0,,,6.234127161934911,3.152119587566514,0.0,0.0,9.387536402882922,0.6640855379288227
212.5,320.0,0.0055000000000000005,1.55,20.0,-20.0,10.0,0,0,0,0.0,0.0,,,6.234333175353742,3.152223743255585,0.0,0.0,9.387846571990824,0.6640855416144348
212.5,320.0,0.0055000000000000005,1.55,20.0,-20.0,20.0,0,0,0,0.0,0.0,,,6.234539192176246,3.15232790066478,0.0,0.0,9.388156746222524,0.6640855452999135
212.5,320.0,0.0055000000000000005,1.55,20.0,0.0,0.0,1,0,0,0.0,0.0,,,6.659196504209797e-06,2.896967656248557e-06,0.0,0.0,0.001299209545658194,0.005125575413499732
212.5,320.0,0.0055000000000000005,1.55,20.0,0.0,10.0,0,0,0,0.0,0.0,,,6.448405524520409e-06,2.799886392746686e-06,0.0,0.0,0.001298901673415305,0.004964506287504508
212.5,320.0,0.0055000000000000005,1.55,20.0,0.0,20.0,0,0,0,0.0,0.0,,,6.241018455783342e-06,2.704525912390233e-06,0.0,0.0,0.001298598925865922,0.004805963051002644
212.5,320.0,0.0055000000000000005,1.55,20.0,20.0,0.0,0,0,0,0.0,0.0,,,6.25987471416784,3.163987078021241,0.0,0.0,9.42515144557058,0.6641670163411237
212.5,320.0,0.0055000000000000005,1.55,20.0,20.0,10.0,0,0,0,0.0,0.0,,,6.259668279168225,3.163882728171426,0.0,0.0,9.424840660721149,0.6641670140118063
212.5,320.0,0.0055000000000000005,1.55,20.0,20.0,20.0,0,0,0,0.0,0.0,,,6.259461847569836,3.163778380039643,0.0,0.0,9.424529880990976,0.6641670116824611
212.5,320.0,0.0055000000000000005,1.57,-20.0,-20.0,0.0,0,0,0,0.0,0.0,,,2906419.999139379,1469286.047195812,0.0,0.0,4375706.046409142,0.6642173784787232
212.5,320.0,0.0055000000000000005,1.57,-20.0,-20.0,10.0,0,0,0,0.0,0.0,,,2906515.889285603,1469334.522724075,0.0,0.0,4375850.41208363,0.6642173784687534
212.5,320.0,0.0055000000000000005,1.57,-20.0,-20.0,20.0,0,0,0,0.0,0.0,,,2906611.780654779,1469382.998687315,0.0,0.0,4375994.779416046,0.6642173784866012
212.5,320.0,0.0055000000000000005,1.57,-20.0,0.0,0.0,1,0,0,0.0,0.0,,,0.0104360377974648,0.005270128146359271,0.0,0.0,0.01578011824868501,0.6613409122161974
212.5,320.0,0.0055000000000000005,1.57,-20.0,0.0,10.0,1,0,0,0.0,0.0,,,0.005481032582842407,0.002766766013861894,0.0,0.0,0.008321750901578235,0.6586393473761537
212.5,320.0,0.0055000000000000005,1.57,-20.0,0.0,20.0,1,0,0,0.0,0.0,,,0.002107826203960889,0.001063052524888911,0.0,0.0,0.003244831033725155,0.6495950581257375
212.5,320.0,0.0055000000000000005,1.57,-20.0,20.0,0.0,1,0,0,0.0,0.0,,,2907116.678574453,1469638.052742091,0.0,0.0,4376754.731390496,0.6642174069577943
212.5,320.0,0.0055000000000000005,1.57,-20.0,20.0,10.0,1,0,0,0.0,0.0,,,2907020.778778156,1469589.572472994,0.0,0.0,4376610.351325102,0.6642174069478222
212.5,320.0,0.0055000000000000005,1.57,-20.0,20.0,20.0,1,0,0,0.0,0.0,,,2906924.880204698,1469541.092638767,0.0,0.0,4376465.972917417,0.6642174069656708
212.5,320.0,0.0055000000000000005,1.57,0.0,-20.0,0.0,0,0,0,0.0,0.0,,,2906423.685491371,1469287.910759359,0.0,0.0,4375711.596324682,0.6642173784790983
212.5,320.0,0.0055000000000000005,1.57,0.0,-20.0,10.0,0,0,0,0.0,0.0,,,2906519.57558747,1469336.386204397,0.0,0.0,4375855.961865818,0.6642173784779152
212.5,320.0,0.0055000000000000005,1.57,0.0,-20.0,20.0,0,0,0,0.0,0.0,,,2906615.467133231,1469384.862317204,0.0,0.0,4376000.329524387,0.6642173784866103
212.5,320.0,0.0055000000000000005,1.57,0.0,0.0,0.0,1,0,0,0.0,0.0,,,0.01021631171869295,0.005159109254212741,0.0,0.0,0.01544937327776663,0.6612767738219755
212.5,320.0,0.0055000000000000005,1.57,0.0,0.0,10.0,1,0,0,0.0,0.0,,,0.005322117017979942,0.00268648873290253,0.0,0.0,0.008082558055744824,0.6584693832415037
212.5,320.0,0.0055000000000000005,1.57,0.0,0.0,20.0,1,0,0,0.0,0.0,,,0.002009721153308682,0.001013516855416822,0.0,0.0,0.003097190313577698,0.6488852636850614
212.5,320.0,0.0055000000000000005,1.57,0.0,20.0,0.0,1,0,0,0.0,0.0,,,2907112.991784808,1469636.188955039,0.0,0.0,4376749.180813799,0.664217406957798
212.5,320.0,0.0055000000000000005,1.57,0.0,20.0,10.0,1,0,0,0.0,0.0,,,2907017.092065784,1469587.708729826,0.0,0.0,4376604.800869562,0.6642174069470942
212.5,320.0,0.0055000000000000005,1.57,0.0,20.0,20.0,1,0,0,0.0,0.0,,,2906921.193541552,1469539.228918171,0.0,0.0,4376460.422533676,0.6642174069652939
212.5,320.0,0.0055000000000000005,1.57,20.0,-20.0,0.0,0,0,0,0.0,0.0,,,2906427.371734735,1469289.774210124,0.0,0.0,4375717.146018812,0.6642173784882576
212.5,320.0,0.0055000000000000005,1.57,20.0,-20.0,10.0,0,0,0,0.0,0.0,,,2906523.2619959,1469338.249796482,0.0,0.0,4375861.511866334,0.6642173784782894
212.5,320.0,0.0055000000000000005,1.57,20.0,-20.0,20.0,0,0,0,0.0,0.0,,,2906619.153550312,1469386.725884771,0.0,0.0,4376005.879509035,0.6642173784913696
212.5,320.0,0.0055000000000000005,1.57,20.0,0.0,0.0,1,0,0,0.0,0.0,,,0.009998923432726067,0.005049272189023296,0.0,0.0,0.01512214792659871,0.6612105291695182
212.5,320.0,0.0055000000000000005,1.57,20.0,0.0,10.0,1,0,0,0.0,0.0,,,0.005165539246601277,0.002607393279577221,0.0,0.0,0.007846884831040851,0.6582917116570058
212.5,320.0,0.0055000000000000005,1.57,20.0,0.0,20.0,1,0,0,0.0,0.0,,,0.001913953896042609,0.0009651630134814654,0.0,0.0,0.002953069214370478,0.6481236155010396
212.5,320.0,0.0055000000000000005,1.57,20.0,20.0,0.0,1,0,0,0.0,0.0,,,2907109.304863548,1469634.325038675,0.0,0.0,4376743.629976176,0.6642174069673284
212.5,320.0,0.0055000000000000005,1.57,20.0,20.0,10.0,1,0,0,0.0,0.0,,,2907013.405193722,1469585.8448359,0.0,0.0,4376599.250103574,0.6642174069569944
212.5,320.0,0.0055000000000000005,1.57,20.0,20.0,20.0,1,0,0,0.0,0.0,,,2906917.506857713,1469537.365182028,0.0,0.0,4376454.872113694,0.6642174069656888
212.5,320.0,0.0055000000000000005,1.59,-20.0,-20.0,0.0,0,0,0,,,,,,,,,,
212.5,320.0,0.0055000000000000005,1.59,-20.0,-20.0,10.0,0,0,0,,,,,,,,,,
212.5,320.0,0.0055000000000000005,1.59,-20.0,-20.0,20.0,0,0,0,,,,,,,,,,
212.5,320.0,0.0055000000000000005,1.59,-20.0,0.0,0.0,0,0,0,,,,,,,,,,
212.5,320.0,0.0055000000000000005,1.59,-20.0,0.0,10.0,0,0,0,,,,,,,,,,
212.5,320.0,0.0055000000000000005,1.59,-20.0,0.0,20.0,0,0,0,,,,,,,,,,
212.5,320.0,0.0055000000000000005,1.59,-20.0,20.0,0.0,0,0,0,,,,,,,,,,
212.5,320.0,0.0055000000000000005,1.59,-20.0,20.0,10.0,0,0,0,,,,,,,,,,
212.5,320.0,0.0055000000000000005,1.59,-20.0,20.0,20.0,0,0,0,,,,,,,,,,
212.5,320.0,0.0055000000000000005,1.59,0.0,-20.0,0.0,0,0,0,,,,,,,,,,
212.5,320.0,0.0055000000000000005,1.59,0.0,-20.0,10.0,0,0,0,,,,,,,,,,
212.5,320.0,0.0055000000000000005,1.59,0.0,-20.0,20.0,0,0,0,,,,,,,,,,
212.5,320.0,0.0055000000000000005,1.59,0.0,0.0,0.0,0,0,0,,,,,,,,,,
212.5,320.0,0.0055000000000000005,1.59,0.0,0.0,10.0,0,0,0,,,,,,,,,,
212.5,320.0,0.0055000000000000005,1.59,0.0,0.0,20.0,0,0,0,,,,,,,,,,
212.5,320.0,0.0055000000000000005,1.59,0.0,20.0,0.0,0,0,0,,,,,,,,,,
212.5,320.0,0.0055000000000000005,1.59,0.0,20.0,10.0,0,0,0,,,,,,,,,,
212.5,320.0,0.0055000000000000005,1.59,0.0,20.0,20.0,0,0,0,,,,,,,,,,
212.5,320.0,0.0055000000000000005,1.59,20.0,-20.0,0.0,0,0,0,,,,,,,,,,
212.5,320.0,0.0055000000000000005,1.59,20.0,-20.0,10.0,0,0,0,,,,,,,,,,
212.5,320.0,0.0055000000000000005,1.59,20.0,-20.0,20.0,0,0,0,,,,,,,,,,
212.5,320.0,0.0055000000000000005,1.59,20.0,0.0,0.0,0,0,0,,,,,,,,,,
212.5,320.0,0.0055000000000000005,1.59,20.0,0.0,10.0,0,0,0,,,,,,,,,,
212.5,320.0,0.0055000000000000005,1.59,20.0,0.0,20.0,0,0,0,,,,,,,,,,
212.5,320.0,0.0055000000000000005,1.59,20.0,20.0,0.0,0,0,0,,,,,,,,,,
212.5,320.0,0.0055000000000000005,1.59,20.0,20.0,10.0,0,0,0,,,,,,,,,,
212.5,320.0,0.0055000000000000005,1.59,20.0,20.0,20.0,0,0,0,,,,,,,,,,
212.5,320.0,0.01,1.55,-20.0,-20.0,0.0,0,0,0,0.0,0.0,,,6.221914994283141,3.146043499467719,0.0,0.0,9.369727150147435,0.664044416083689
212.5,320.0,0.01,1.55,-20.0,-20.0,10.0,0,0,0,0.0,0.0,,,6.22212081790545,3.14614756083057,0.0,0.0,9.370037035132595,0.6640444210173179
212.5,320.0,0.01,1.55,-20.0,-20.0,20.0,0,0,0,0.0,0.0,,,6.222326644933257,3.146251623914995,0.0,0.0,9.370346925244826,0.664044425950716
212.5,320.0,0.01,1.55,-20.0,0.0,0.0,1,0,0,0.0,0.0,,,2.213575277019054e-05,1.009302920225171e-05,0.0,0.0,0.001800885178545237,0.01229159584070313
212.5,320.0,0.01,1.55,-20.0,0.0,10.0,1,0,0,0.0,0.0,,,2.174955650243272e-05,9.9088975772154e-06,0.0,0.0,0.001800314850652453,0.01208097377775363
212.5,320.0,0.01,1.55,-20.0,0.0,20.0,1,0,0,0.0,0.0,,,2.136676454535203e-05,9.72648693739744e-06,0.0,0.0,0.001799749648055565,0.01187207596814174
212.5,320.0,0.01,1.55,-20.0,20.0,0.0,0,0,0,0.0,0.0,,,6.268907452523515,3.168454609813193,0.0,0.0,9.43913071873328,0.6641403365759082
212.5,320.0,0.01,1.55,-20.0,20.0,10.0,0,0,0,0.0,0.0,,,6.268700856506814,3.168350180185921,0.0,0.0,9.438819693089307,0.6641403332554899
212.5,320.0,0.01,1.55,-20.0,20.0,20.0,0,0,0,0.0,0.0,,,6.268494263896283,3.168245752280654,0.0,0.0,9.438508672573509,0.6641403299348893
212.5,320.0,0.01,1.55,0.0,-20.0,0.0,0,0,0,0.0,0.0,,,6.227309658099871,3.148770961213711,0.0,0.0,9.377849275710156,0.6640445452913611
212.5,320.0,0.01,1.55,0.0,-20.0,10.0,0,0,0,0.0,0.0,,,6.227515570930678,3.148875067674013,0.0,0.0,9.378159295001264,0.6640445502189392
212.5,320.0,0.01,1.55,0.0,-20.0,20.0,0,0,0,0.0,0.0,,,6.227721487168068,3.148979175856899,0.0,0.0,9.37846931942154,0.6640445551462539
212.5,320.0,0.01,1.55,0.0,0.0,0.0,1,0,0,0.0,0.0,,,1.313984745801903e-05,5.836259307055289e-06,0.0,0.0,0.00178763250333787,0.007350418742937539
212.5,320.0,0.01,1.55,0.0,0.0,10.0,1,0,0,0.0,0.0,,,1.284286001923647e-05,5.697225527262305e-06,0.0,0.0,0.001787196482119303,0.007186036984588889
212.5,320.0,0.01,1.55,0.0,0.0,20.0,1,0,0,0.0,0.0,,,1.254927689113091e-05,5.559912732687922e-06,0.0,0.0,0.001786765586196634,0.00702346014948928
212.5,320.0,0.01,1.55,0.0,20.0,0.0,0,0,0,0.0,0.0,,,6.263494796894401,3.165718634526156,0.0,0.0,9.430982087817128,0.6641402495065213
212.5,320.0,0.01,1.55,0.0,20.0,10.0,0,0,0,0.0,0.0,,,6.263288290087795,3.165614249997664,0.0,0.0,9.430671196482031,0.6641402461814404
212.5,320.0,0.01,1.55,0.0,20.0,20.0,0,0,0,0.0,0.0,,,6.263081786687627,3.165509867191886,0.0,0.0,9.430360310276086,0.664140242856136
212.5,320.0,0.01,1.55,20.0,-20.0,0.0,0,0,0,0.0,0.0,,,6.232706659603181,3.151499604732406,0.0,0.0,9.38597492073216,0.664044674340233
212.5,320.0,0.01,1.55,20.0,-20.0,10.0,0,0,0,0.0,0.0,,,6.232912661646004,3.151603756293274,0.0,0.0,9.386285074335852,0.6640446792616755
212.5,320.0,0.01,1.55,20.0,-20.0,20.0,0,0,0,0.0,0.0,,,6.233118667089394,3.151707909572036,0.0,0.0,9.386595233058003,0.6640446841829721
212.5,320.0,0.01,1.55,20.0,0.0,0.0,1,0,0,0.0,0.0,,,6.481629837289954e-06,2.761263446417233e-06,0.0,0.0,0.001777899289856097,0.003645667600111689
212.5,320.0,0.01,1.55,20.0,0.0,10.0,0,0,0,0.0,0.0,,,6.273851227482777e-06,2.667327511867612e-06,0.0,0.0,0.00177759757531175,0.003529399069067974
212.5,320.0,0.01,1.55,20.0,0.0,20.0,0,0,0,0.0,0.0,,,6.069476928352366e-06,2.575112562536819e-06,0.0,0.0,0.001777300986063298,0.003414996658386034
212.5,320.0,0.01,1.55,20.0,20.0,0.0,0,0,0,0.0,0.0,,,6.258084478955158,3.162983841015029,0.0,0.0,9.422836976366758,0.6641401623153348
212.5,320.0,0.01,1.55,20.0,20.0,10.0,0,0,0,0.0,0.0,,,6.257878061358066,3.162879501584916,0.0,0.0,9.422526219339556,0.6641401589855903
212.5,320.0,0.01,1.55,20.0,20.0,20.0,0,0,0,0.0,0.0,,,6.257671647162425,3.162775163873465,0.0,0.0,9.422215467432462,0.6641401556557304
212.5,320.0,0.01,1.57,-20.0,-20.0,0.0,0,0,0,0.0,0.0,,,2906196.572974668,1469173.165433456,0.0,0.0,4375369.738625553,0.6642173682646532
212.5,320.0,0.01,1.57,-20.0,-20.0,10.0,0,0,0,0.0,0.0,,,2906292.456191607,1469221.637336952,0.0,0.0,4375514.093745989,0.6642173682735087
212.5,320.0,0.01,1.57,-20.0,-20.0,20.0,0,0,0,0.0,0.0,,,2906388.34112914,1469270.110175342,0.0,0.0,4375658.451521911,0.6642173682724848
212.5,320.0,0.01,1.57,-20.0,0.0,0.0,1,0,0,0.0,0.0,,,0.01042782036717502,0.005261973847814847,0.0,0.0,0.01590722353171804,0.6555399404794041
212.5,320.0,0.01,1.57,-20.0,0.0,10.0,1,0,0,0.0,0.0,,,0.005475208834085429,0.002760927707206418,0.0,0.0,0.008453565857990156,0.6476803902710904
212.5,320.0,0.01,1.57,-20.0,0.0,20.0,1,0,0,0.0,0.0,,,0.002104297145142795,0.001059480167217441,0.0,0.0,0.003381206629062723,0.622350946273316
212.5,320.0,0.01,1.57,-20.0,20.0,0.0,1,0,0,0.0,0.0,,,2906892.951060732,1469524.884488502,0.0,0.0,4376417.835766664,0.6642174171085519
212.5,320.0,0.01,1.57,-20.0,20.0,10.0,1,0,0,0.0,0.0,,,2906797.057839562,1469476.407484171,0.0,0.0,4376273.465541163,0.6642174171078937
212.5,320.0,0.01,1.57,-20.0,20.0,20.0,1,0,0,0.0,0.0,,,2906701.166211702,1469427.931287733,0.0,0.0,4376129.097716864,0.6642174171068675
212.5,320.0,0.01,1.57,0.0,-20.0,0.0,0,0,0,0.0,0.0,,,2906200.258927397,1469175.028734999,0.0,0.0,4375375.287879825,0.6642173682741748
212.5,320.0,0.01,1.57,0.0,-20.0,10.0,0,0,0,0.0,0.0,,,2906296.142325785,1469223.500792843,0.0,0.0,4375519.643336057,0.6642173682735242
212.5,320.0,0.01,1.57,0.0,-20.0,20.0,0,0,0,0.0,0.0,,,2906392.027185285,1469271.97352665,0.0,0.0,4375664.000929364,0.6642173682823875
212.5,320.0,0.01,1.57,0.0,0.0,0.0,1,0,0,0.0,0.0,,,0.01020818970590424,0.005151045706786594,0.0,0.0,0.01557666472938496,0.6553514428956515
212.5,320.0,0.01,1.57,0.0,0.0,10.0,1,0,0,0.0,0.0,,,0.005316384445943039,0.002680739033862175,0.0,0.0,0.008214552796503523,0.6471909765076838
212.5,320.0,0.01,1.57,0.0,0.0,20.0,1,0,0,0.0,0.0,,,0.002006279029583917,0.001010030961013796,0.0,0.0,0.003233739307266155,0.6204207695641524
212.5,320.0,0.01,1.57,0.0,20.0,0.0,1,0,0,0.0,0.0,,,2906889.264566255,1469523.020853125,0.0,0.0,4376412.28563681,0.6642174171081954
212.5,320.0,0.01,1.57,0.0,20.0,10.0,1,0,0,0.0,0.0,,,2906793.371399248,1469474.543876133,0.0,0.0,4376267.915492809,0.6642174171075436
212.5,320.0,0.01,1.57,0.0,20.0,20.0,1,0,0,0.0,0.0,,,2906697.479820682,1469426.067702204,0.0,0.0,4376123.547740316,0.6642174171068829
212.5,320.0,0.01,1.57,20.0,-20.0,0.0,0,0,0,0.0,0.0,,,2906203.944736893,1469176.891898924,0.0,0.0,4375380.836853247,0.6642173682935955
212.5,320.0,0.01,1.57,20.0,-20.0,10.0,0,0,0,0.0,0.0,,,2906299.828346559,1469225.364131154,0.0,0.0,4375525.192695142,0.6642173682826858
212.5,320.0,0.01,1.57,20.0,-20.0,20.0,0,0,0,0.0,0.0,,,2906395.713266796,1469273.836895647,0.0,0.0,4375669.550379872,0.6642173682915515
212.5,320.0,0.01,1.57,20.0,0.0,0.0,1,0,0,0.0,0.0,,,0.009990896658081942,0.005041299302270379,0.0,0.0,0.01524962527701241,0.6551568629782938
212.5,320.0,0.01,1.57,20.0,0.0,10.0,1,0,0,0.0,0.0,,,0.005159897671003889,0.002601732096785187,0.0,0.0,0.00797905908445334,0.6466799676991491
212.5,320.0,0.01,1.57,20.0,0.0,20.0,1,0,0,0.0,0.0,,,0.001910598527546976,0.0009617634913950558,0.0,0.0,0.003089791335610475,0.6183584326640246
212.5,320.0,0.01,1.57,20.0,20.0,0.0,1,0,0,0.0,0.0,,,2906885.578044446,1469521.157199063,0.0,0.0,4376406.735460938,0.6642174171085775
212.5,320.0,0.01,1.57,20.0,20.0,10.0,1,0,0,0.0,0.0,,,2906789.684822488,1469472.680134038,0.0,0.0,4376262.365173955,0.6642174171170708
212.5,320.0,0.01,1.57,20.0,20.0,20.0,1,0,0,0.0,0.0,,,2906693.793304664,1469424.203990811,0.0,0.0,4376117.997512905,0.6642174171164114
212.5,320.0,0.01,1.59,-20.0,-20.0,0.0,0,0,0,,,,,,,,,,
212.5,320.0,0.01,1.59,-20.0,-20.0,10.0,0,0,0,,,,,,,,,,
212.5,320.0,0.01,1.59,-20.0,-20.0,20.0,0,0,0,,,,,,,,,,
212.5,320.0,0.01,1.59,-20.0,0.0,0.0,0,0,0,,,,,,,,,,
212.5,320.0,0.01,1.59,-20.0,0.0,10.0,0,0,0,,,,,,,,,,
212.5,320.0,0.01,1.59,-20.0,0.0,20.0,0,0,0,,,,,,,,,,
212.5,320.0,0.01,1.59,-20.0,20.0,0.0,0,0,0,,,,,,,,,,
212.5,320.0,0.01,1.59,-20.0,20.0,10.0,0,0,0,,,,,,,,,,
212.5,320.0,0.01,1.59,-20.0,20.0,20.0,0,0,0,,,,,,,,,,
212.5,320.0,0.01,1.59,0.0,-20.0,0.0,0,0,0,,,,,,,,,,
212.5,320.0,0.01,1.59,0.0,-20.0,10.0,0,0,0,,,,,,,,,,
212.5,320.0,0.01,1.59,0.0,-20.0,20.0,0,0,0,,,,,,,,,,
212.5,320.0,0.01,1.59,0.0,0.0,0.0,0,0,0,,,,,,,,,,
212.5,320.0,0.01,1.59,0.0,0.0,10.0,0,0,0,,,,,,,,,,
212.5,320.0,0.01,1.59,0.0,0.0,20.0,0,0,0,,,,,,,,,,
212.5,320.0,0.01,1.59,0.0,20.0,0.0,0,0,0,,,,,,,,,,
212.5,320.0,0.01,1.59,0.0,20.0,10.0,0,0,0,,,,,,,,,,
212.5,320.0,0.01,1.59,0.0,20.0,20.0,0,0,0,,,,,,,,,,
212.5,320.0,0.01,1.59,20.0,-20.0,0.0,0,0,0,,,,,,,,,,
212.5,320.0,0.01,1.59,20.0,-20.0,10.0,0,0,0,,,,,,,,,,
212.5,320.0,0.01,1.59,20.0,-20.0,20.0,0,0,0,,,,,,,,,,
212.5,320.0,0.01,1.59,20.0,0.0,0.0,0,0,0,,,,,,,,,,
212.5,320.0,0.01,1.59,20.0,0.0,10.0,0,0,0,,,,,,,,,,
212.5,320.0,0.01,1.59,20.0,0.0,20.0,0,0,0,,,,,,,,,,
212.5,320.0,0.01,1.59,20.0,20.0,0.0,0,0,0,,,,,,,,,,
212.5,320.0,0.01,1.59,20.0,20.0,10.0,0,0,0,,,,,,,,,,
212.5,320.0,0.01,1.59,20.0,20.0,20.0,0,0,0,,,,,,,,,,
300.0,300.0,0.001,1.55,-20.0,-20.0,0.0,0,0,0,0.0,0.0,,,26.87333609664912,18.74113013326903,0.0,1204.902900077441,1250.521247222721,0.02148970771694767
300.0,300.0,0.001,1.55,-20.0,-20.0,10.0,0,0,0,0.0,0.0,,,26.87422618118211,18.74175085881329,0.0,1204.892071961518,1250.511929916875,0.02149057960843966
300.0,300.0,0.001,1.55,-20.0,-20.0,20.0,0,0,0,0.0,0.0,,,26.87511628045969,18.74237159463948,0.0,1204.881243894279,1250.50261268474,0.02149145152344842
300.0,300.0,0.001,1.55,-20.0,0.0,0.0,1,0,0,0.0,0.0,,,0.0003298793971411464,0.0002284644805220777,0.0,0.0002970186635736778,0.004736277903114792,0.06964950196951127
300.0,300.0,0.001,1.55,-20.0,0.0,10.0,1,0,0,0.0,0.0,,,0.0003267684966468853,0.000226303360858984,0.0,0.0003024191204167074,0.004736406339800471,0.06899080720778085
300.0,300.0,0.001,1.55,-20.0,0.0,20.0,1,0,0,0.0,0.0,,,0.0003236723363649664,0.0002241525205606803,0.0,0.000307868232060487,0.004736608450864389,0.06833419728960267
300.0,300.0,0.001,1.55,-20.0,20.0,0.0,0,0,0,0.0,0.0,,,27.25124450142009,19.00366270932444,0.0,1207.297006534525,1253.555794660631,0.02173915562234522
300.0,300.0,0.001,1.55,-20.0,20.0,10.0,0,0,0,0.0,0.0,,,27.25034819508159,19.00303766153775,0.0,1207.307845451337,1253.565112223318,0.02173827903263076
300.0,300.0,0.001,1.55,-20.0,20.0,20.0,0,0,0,0.0,0.0,,,27.2494519034858,19.0024126240324,0.0,1207.318684416805,1253.574429859685,0.02173740246643023
300.0,300.0,0.001,1.55,0.0,-20.0,0.0,0,0,0,0.0,0.0,,,26.8966740716874,18.75740552810501,0.0,1205.946154156664,1251.604114671818,0.02148976162381821
300.0,300.0,0.001,1.55,0.0,-20.0,10.0,0,0,0,0.0,0.0,,,26.89756454263129,18.75802652312024,0.0,1205.935321354092,1251.594793335206,0.0214906331393051
300.0,300.0,0.001,1.55,0.0,-20.0,20.0,0,0,0,0.0,0.0,,,26.89845502831198,18.75864752841187,0.0,1205.924488600086,1251.585472072172,0.02149150467828448
300.0,300.0,0.001,1.55,0.0,0.0,0.0,1,0,0,0.0,0.0,,,0.000253200283347799,0.000175209102075826,0.0,4.884423020820713e-06,0.004314209170322329,0.05868984867251616
300.0,300.0,0.001,1.55,0.0,0.0,10.0,1,0,0,0.0,0.0,,,0.0002504757898597787,0.0001733174506185975,0.0,5.598171379395573e-06,0.004310306773735666,0.0581108962791286
300.0,300.0,0.001,1.55,0.0,0.0,20.0,1,0,0,0.0,0.0,,,0.0002477660365841107,0.0001714360785261617,0.0,6.360574538709312e-06,0.00430647805152688,0.0575333331830785
300.0,300.0,0.001,1.55,0.0,20.0,0.0,0,0,0,0.0,0.0,,,27.22775316815097,18.98728080372962,0.0,1206.253168186859,1252.472083074101,0.02173920962878665
300.0,300.0,0.001,1.55,0.0,20.0,10.0,0,0,0,0.0,0.0,,,27.22685724822346,18.98665602541453,0.0,1206.264002417023,1252.481396606023,0.02173833265867489
300.0,300.0,0.001,1.55,0.0,20.0,20.0,0,0,0,0.0,0.0,,,27.22596134303267,18.98603125737552,0.0,1206.274836695753,1252.490710211523,0.02173745571209441
300.0,300.0,0.001,1.55,20.0,-20.0,0.0,0,0,0,0.0,0.0,,,26.92002217618402,18.7736879869098,0.0,1206.989859686469,1252.687450764925,0.02148981548409855
300.0,300.0,0.001,1.55,20.0,-20.0,10.0,0,0,0,0.0,0.0,,,26.92091303353152,18.7743092513906,0.0,1206.9790221971,1252.678125397384,0.02149068662390146
300.0,300.0,0.001,1.55,20.0,-20.0,20.0,0,0,0,0.0,0.0,,,26.9218039056226,18.77493052615313,0.0,1206.968184756474,1252.668800103611,0.02149155778717873
300.0,300.0,0.001,1.55,20.0,0.0,0.0,1,0,0,0.0,0.0,,,0.0001866506284066509,0.0001290176926032181,0.0,0.0001642007296775951,0.004360784412564996,0.04280207658714864
300.0,300.0,0.001,1.55,20.0,0.0,10.0,1,0,0,0.0,0.0,,,0.0001843125419248743,0.0001273955093518555,0.0,0.0001602277695517117,0.004352851182705978,0.04234294585056206
300.0,300.0,0.001,1.55,20.0,0.0,20.0,1,0,0,0.0,0.0,,,0.0001819891956554425,0.0001257836054652844,0.0,0.0001563034642265765,0.004344991627225202,0.04188482079346709
300.0,300.0,0.001,1.55,20.0,20.0,0.0,0,0,0,0.0,0.0,,,27.20427196434545,18.97090596210727,0.0,1205.209781289757,1251.388840131572,0.02173926368201044
300.0,300.0,0.001,1.55,20.0,20.0,10.0,0,0,0,0.0,0.0,,,27.20337643082273,18.97028145325743,0.0,1205.220610833052,1251.398149632495,0.02173838633117023
300.0,300.0,0.001,1.55,20.0,20.0,20.0,0,0,0,0.0,0.0,,,27.20248091204229,18.96965695468972,0.0,1205.231440425165,1251.407459207259,0.02173750900388152
300.0,300.0,0.001,1.57,-20.0,-20.0,0.0,0,0,0,0.0,0.0,,,12586852.34090599,8777678.649795031,0.0,25891.83671245721,21390422.82743984,0.5884340128498747
300.0,300.0,0.001,1.57,-20.0,-20.0,10.0,0,0,0,0.0,0.0,,,12587267.63411163,8777968.262264185,0.0,25892.18601332054,21391128.0824155,0.5884340267430284
300.0,300.0,0.001,1.57,-20.0,-20.0,20.0,0,0,0,0.0,0.0,,,12587682.9337673,8778257.879394567,0.0,25892.53531759029,21391833.34850582,0.5884340406310489
300.0,300.0,0.001,1.57,-20.0,0.0,0.0,1,0,0,0.0,0.0,,,0.177833312310942,0.1240120413708889,0.0,2.359750890248686e-05,0.3018953149025104,0.5890562176109584
300.0,300.0,0.001,1.57,-20.0,0.0,10.0,1,0,0,0.0,0.0,,,0.1318961043147316,0.0919773317056004,0.0,1.423049543295827e-05,0.2239140302275406,0.589047967118002
300.0,300.0,0.001,1.57,-20.0,0.0,20.0,1,0,0,0.0,0.0,,,0.09280991231149732,0.06472030712063578,0.0,7.219641503517844e-06,0.157563802785414,0.5890306699305489
300.0,300.0,0.001,1.57,-20.0,20.0,0.0,1,0,0,0.0,0.0,,,12592837.51450679,8781852.466565976,0.0,25894.96342199354,21400584.94452112,0.5884342669675834
300.0,300.0,0.001,1.57,-20.0,20.0,10.0,1,0,0,0.0,0.0,,,12592422.12978318,8781562.790130846,0.0,25894.61410146282,21399879.53404185,0.5884342530878172
300.0,300.0,0.001,1.57,-20.0,20.0,20.0,1,0,0,0.0,0.0,,,12592006.75150938,8781273.11835682,0.0,25894.26478433861,21399174.1346769,0.5884342392029187
300.0,300.0,0.001,1.57,0.0,-20.0,0.0,0,0,0,0.0,0.0,,,12586868.30658513,8777689.783677492,0.0,25891.86955083794,21390449.95983982,0.5884340128523122
300.0,300.0,0.001,1.57,0.0,-20.0,10.0,0,0,0,0.0,0.0,,,12587283.60004645,8777979.396328144,0.0,25892.21885194296,21391155.2152529,0.5884340267453685
300.0,300.0,0.001,1.57,0.0,-20.0,20.0,0,0,0,0.0,0.0,,,12587698.90016604,8778269.013700573,0.0,25892.56815590908,21391860.48204889,0.5884340406356467
300.0,300.0,0.001,1.57,0.0,0.0,0.0,1,0,0,0.0,0.0,,,0.1759406662067933,0.1226921869352642,0.0,2.261654070166285e-05,0.2986818333945346,0.589057138853135
300.0,300.0,0.001,1.57,0.0,0.0,10.0,1,0,0,0.0,0.0,,,0.1302668398621637,0.09084115142722976,0.0,1.347103794138466e-05,0.2211478260391088,0.5890487019263156
300.0,300.0,0.001,1.57,0.0,0.0,20.0,1,0,0,0.0,0.0,,,0.09144402951067297,0.06376780099956686,0.0,6.681694721117026e-06,0.1552448759167367,0.5890309034078368
300.0,300.0,0.001,1.57,0.0,20.0,0.0,1,0,0,0.0,0.0,,,12592821.54528663,8781841.330129584,0.0,25894.93058110558,21400557.80602368,0.5884342669676624
300.0,300.0,0.001,1.57,0.0,20.0,10.0,1,0,0,0.0,0.0,,,12592406.16081876,8781551.653876018,0.0,25894.58126081654,21399852.39598196,0.5884342530877978
300.0,300.0,0.001,1.57,0.0,20.0,20.0,1,0,0,0.0,0.0,,,12591990.78280828,8781261.982285617,0.0,25894.23194391385,21399146.99706417,0.5884342392028907
300.0,300.0,0.001,1.57,20.0,-20.0,0.0,0,0,0,0.0,0.0,,,12586884.27209439,8777700.917529497,0.0,25891.90238980501,21390477.09204006,0.5884340128523029
300.0,300.0,0.001,1.57,20.0,-20.0,10.0,0,0,0,0.0,0.0,,,12587299.56599148,8777990.530399172,0.0,25892.25169058625,21391182.3481076,0.5884340267477095
300.0,300.0,0.001,1.57,20.0,-20.0,20.0,0,0,0,0.0,0.0,,,12587714.86617379,8778280.147896906,0.0,25892.60099529897,21391887.61509236,0.5884340406357097
300.0,300.0,0.001,1.57,20.0,0.0,0.0,1,0,0,0.0,0.0,,,0.1740581455899287,0.1213793937001164,0.0,2.165639748935411e-05,0.2954855593993099,0.5890580437966921
300.0,300.0,0.001,1.57,20.0,0.0,10.0,1,0,0,0.0,0.0,,,0.1286477008996644,0.08971203235014628,0.0,1.273240543787766e-05,0.2183988293670209,0.5890494068696264
300.0,300.0,0.001,1.57,20.0,0.0,20.0,1,0,0,0.0,0.0,,,0.09008827219848924,0.06282235607937113,0.0,6.164572926899346e-06,0.1529431565625631,0.5890310767951075
300.0,300.0,0.001,1.57,20.0,20.0,0.0,1,0,0,0.0,0.0,,,12592805.57604061,8781830.193675017,0.0,25894.89774023843,21400530.66748222,0.5884342669677429
300.0,300.0,0.001,1.57,20.0,20.0,10.0,1,0,0,0.0,0.0,,,12592390.19180777,8781540.517582005,0.0,25894.54842015073,21399825.25783629,0.5884342530879605
300.0,300.0,0.001,1.57,20.0,20.0,20.0,1,0,0,0.0,0.0,,,12591974.81406073,8781250.84617533,0.0,25894.19910346951,21399119.8593659,0.5884342392030445
300.0,300.0,0.001,1.59,-20.0,-20.0,0.0,0,0,0,,,,,,,,,,
300.0,300.0,0.001,1.59,-20.0,-20.0,10.0,0,0,0,,,,,,,,,,
300.0,300.0,0.001,1.59,-20.0,-20.0,20.0,0,0,0,,,,,,,,,,
300.0,300.0,0.001,1.59,-20.0,0.0,0.0,0,0,0,,,,,,,,,,
300.0,300.0,0.001,1.59,-20.0,0.0,10.0,0,0,0,,,,,,,,,,
300.0,300.0,0.001,1.59,-20.0,0.0,20.0,0,0,0,,,,,,,,,,
300.0,300.0,0.001,1.59,-20.0,20.0,0.0,0,0,0,,,,,,,,,,
300.0,300.0,0.001,1.59,-20.0,20.0,10.0,0,0,0,,,,,,,,,,
300.0,300.0,0.001,1.59,-20.0,20.0,20.0,0,0,0,,,,,,,,,,
300.0,300.0,0.001,1.59,0.0,-20.0,0.0,0,0,0,,,,,,,,,,
300.0,300.0,0.001,1.59,0.0,-20.0,10.0,0,0,0,,,,,,,,,,
300.0,300.0,0.001,1.59,0.0,-20.0,20.0,0,0,0,,,,,,,,,,
300.0,300.0,0.001,1.59,0.0,0.0,0.0,0,0,0,,,,,,,,,,
300.0,300.0,0.001,1.59,0.0,0.0,10.0,0,0,0,,,,,,,,,,
300.0,300.0,0.001,1.59,0.0,0.0,20.0,0,0,0,,,,,,,,,,
300.0,300.0,0.001,1.59,0.0,20.0,0.0,0,0,0,,,,,,,,,,
300.0,300.0,0.001,1.59,0.0,20.0,10.0,0,0,0,,,,,,,,,,
300.0,300.0,0.001,1.59,0.0,20.0,20.0,0,0,0,,,,,,,,,,
300.0,300.0,0.001,1.59,20.0,-20.0,0.0,0,0,0,,,,,,,,,,
300.0,300.0,0.001,1.59,20.0,-20.0,10.0,0,0,0,,,,,,,,,,
300.0,300.0,0.001,1.59,20.0,-20.0,20.0,0,0,0,,,,,,,,,,
300.0,300.0,0.001,1.59,20.0,0.0,0.0,0,0,0,,,,,,,,,,
300.0,300.0,0.001,1.59,20.0,0.0,10.0,0,0,0,,,,,,,,,,
300.0,300.0,0.001,1.59,20.0,0.0,20.0,0,0,0,,,,,,,,,,
300.0,300.0,0.001,1.59,20.0,20.0,0.0,0,0,0,,,,,,,,,,
300.0,300.0,0.001,1.59,20.0,20.0,10.0,0,0,0,,,,,,,,,,
300.0,300.0,0.001,1.59,20.0,20.0,20.0,0,0,0,,,,,,,,,,
300.0,300.0,0.0055000000000000005,1.55,-20.0,-20.0,0.0,0,0,0,0.0,0.0,,,26.86781556279415,18.7373840726514,0.0,2550.619212960669,2596.230061008488,0.01034878070565038
300.0,300.0,0.0055000000000000005,1.55,-20.0,-20.0,10.0,0,0,0,0.0,0.0,,,26.86870562618477,18.73800478516947,0.0,2550.614629040682,2596.22698786441,0.01034913578503638
300.0,300.0,0.0055000000000000005,1.55,-20.0,-20.0,20.0,0,0,0,0.0,0.0,,,26.86959570431909,18.73862550797081,0.0,2550.610045125176,2596.223914749839,0.01034949087082426
300.0,300.0,0.0055000000000000005,1.55,-20.0,0.0,0.0,1,0,0,0.0,0.0,,,0.0003287937726162325,0.000227428537742318,0.0,0.001334326873470519,0.007538961557185379,0.04361260766781061
300.0,300.0,0.0055000000000000005,1.55,-20.0,0.0,10.0,1,0,0,0.0,0.0,,,0.0003256878639247598,0.0002252726184747821,0.0,0.001337644406006026,0.00753701726176188,0.04321177099820332
300.0,300.0,0.0055000000000000005,1.55,-20.0,0.0,20.0,1,0,0,0.0,0.0,,,0.0003225966977737932,0.0002231269801956249,0.0,0.001340966057607653,0.007535102108933398,0.04281251841183836
300.0,300.0,0.0055000000000000005,1.55,-20.0,20.0,0.0,0,0,0,0.0,0.0,,,27.24504852056011,18.99923747993831,0.0,2558.003829104724,2604.253763517595,0.01046174873671294
300.0,300.0,0.0055000000000000005,1.55,-20.0,20.0,10.0,0,0,0,0.0,0.0,,,27.24415224535016,18.99861245557919,0.0,2558.008419659433,2604.256832772736,0.01046139224922124
300.0,300.0,0.0055000000000000005,1.55,-20.0,20.0,20.0,0,0,0,0.0,0.0,,,27.24325598488774,18.99798744150468,0.0,2558.013010218318,2604.259902057084,0.01046103576811535
300.0,300.0,0.0055000000000000005,1.55,0.0,-20.0,0.0,0,0,0,0.0,0.0,,,26.89114861507717,18.75365607953052,0.0,2552.828143818428,2598.478596925409,0.01034880512269584
300.0,300.0,0.0055000000000000005,1.55,0.0,-20.0,10.0,0,0,0,0.0,0.0,,,26.89203906486464,18.75427706151137,0.0,2552.823557914368,2598.475522453117,0.01034916004884161
300.0,300.0,0.0055000000000000005,1.55,0.0,-20.0,20.0,0,0,0,0.0,0.0,,,26.8929295293885,18.75489805376911,0.0,2552.818972014548,2598.472448010079,0.01034951498138193
300.0,300.0,0.0055000000000000005,1.55,0.0,0.0,0.0,1,0,0,0.0,0.0,,,0.0002522596658537328,0.0001743193031067413,0.0,0.0002150373677253552,0.00629002871004213,0.04010469228081523
300.0,300.0,0.0055000000000000005,1.55,0.0,0.0,10.0,1,0,0,0.0,0.0,,,0.0002495401528613137,0.0001724328441597919,0.0,0.0002163704066989177,0.006286755777076334,0.03969299296963669
300.0,300.0,0.0055000000000000005,1.55,0.0,0.0,20.0,1,0,0,0.0,0.0,,,0.0002468353824094008,0.0001705566662012195,0.0,0.0002177075647385967,0.006283511986705544,0.03928302881122012
300.0,300.0,0.0055000000000000005,1.55,0.0,20.0,0.0,0,0,0,0.0,0.0,,,27.22156240006512,18.98285925459032,0.0,2555.792659667769,2602.002729734798,0.010461773190699
300.0,300.0,0.0055000000000000005,1.55,0.0,20.0,10.0,0,0,0,0.0,0.0,,,27.22066651125568,18.98223449969489,0.0,2555.79724823799,2602.005797661313,0.01046141654861863
300.0,300.0,0.0055000000000000005,1.55,0.0,20.0,20.0,0,0,0,0.0,0.0,,,27.21977063718415,18.98160975507713,0.0,2555.801836812373,2602.008865617008,0.010461059912926
300.0,300.0,0.0055000000000000005,1.55,20.0,-20.0,0.0,0,0,0,0.0,0.0,,,26.91449179462585,18.7699351488507,0.0,2555.038030770685,2600.728106126535,0.01034882951863495
300.0,300.0,0.0055000000000000005,1.55,20.0,-20.0,10.0,0,0,0,0.0,0.0,,,26.9153826308055,18.77055640028897,0.0,2555.033442881946,2600.725030325415,0.01034918429167336
300.0,300.0,0.0055000000000000005,1.55,20.0,-20.0,20.0,0,0,0,0.0,0.0,,,26.91627348173108,18.77117766201061,0.0,2555.028854997513,2600.721954553628,0.01034953907110413
300.0,300.0,0.0055000000000000005,1.55,20.0,0.0,0.0,1,0,0,0.0,0.0,,,0.0001858528255678947,0.0001282725085504245,0.0,5.184193390876954e-05,0.006014379641382877,0.03090141238991721
300.0,300.0,0.0055000000000000005,1.55,20.0,0.0,10.0,1,0,0,0.0,0.0,,,0.0001835197082745295,0.0001266555099240595,0.0,5.119047932039058e-05,0.00600977807087478,0.03053685279393627
300.0,300.0,0.0055000000000000005,1.55,20.0,0.0,20.0,1,0,0,0.0,0.0,,,0.0001812013335216703,0.0001250487922860729,0.0,5.054314379812906e-05,0.006005205642961684,0.03017404303781749
300.0,300.0,0.0055000000000000005,1.55,20.0,20.0,0.0,0,0,0,0.0,0.0,,,27.19808640683799,18.96648809168273,0.0,2553.58244632472,2599.752669235615,0.01046179766586598
300.0,300.0,0.0055000000000000005,1.55,20.0,20.0,10.0,0,0,0,0.0,0.0,,,27.19719090441998,18.96586360624434,0.0,2553.587032910376,2599.755735833413,0.01046144086905968
300.0,300.0,0.0055000000000000005,1.55,20.0,20.0,20.0,0,0,0,0.0,0.0,,,27.19629541674844,18.9652391310902,0.0,2553.591619500336,2599.758802460547,0.01046108407864932
300.0,300.0,0.0055000000000000005,1.57,-20.0,-20.0,0.0,0,0,0,0.0,0.0,,,12586394.17411661,8777359.209424293,0.0,3907774.911373054,25271528.29523785,0.4980464191589227
300.0,300.0,0.0055000000000000005,1.57,-20.0,-20.0,10.0,0,0,0,0.0,0.0,,,12586809.45497789,8777648.813367598,0.0,3907882.095283632,25272340.36395301,0.4980468478072168
300.0,300.0,0.0055000000000000005,1.57,-20.0,-20.0,20.0,0,0,0,0.0,0.0,,,12587224.74289067,8777938.422147006,0.0,3907989.280584908,25273152.44594648,0.4980472764453061
300.0,300.0,0.0055000000000000005,1.57,-20.0,0.0,0.0,1,0,0,0.0,0.0,,,0.1778027822086284,0.1239823215548614,0.0,0.0086363442730946,0.3107453436816004,0.5721816459165057
300.0,300.0,0.0055000000000000005,1.57,-20.0,0.0,10.0,1,0,0,0.0,0.0,,,0.1318702814851661,0.09195206647884802,0.0,0.004332508027171385,0.228478751636204,0.5771665003454545
300.0,300.0,0.0055000000000000005,1.57,-20.0,0.0,20.0,1,0,0,0.0,0.0,,,0.09278864546882713,0.0646993909793196,0.0,0.001498591557284415,0.1593105236504521,0.5824388957029446
300.0,300.0,0.0055000000000000005,1.57,-20.0,20.0,0.0,1,0,0,0.0,0.0,,,12592378.7249304,8781532.449798213,0.0,3908509.780675128,25282420.95572764,0.4980685491702345
300.0,300.0,0.0055000000000000005,1.57,-20.0,20.0,10.0,1,0,0,0.0,0.0,,,12591963.35215938,8781242.7817812,0.0,3908402.588174521,25281608.722439,0.498068120996716
300.0,300.0,0.0055000000000000005,1.57,-20.0,20.0,20.0,1,0,0,0.0,0.0,,,12591547.98623928,8780953.118542032,0.0,3908295.397143831,25280796.50224904,0.4980676928086149
300.0,300.0,0.0055000000000000005,1.57,0.0,-20.0,0.0,0,0,0,0.0,0.0,,,12586410.13921453,8777370.342901418,0.0,3907779.867651799,25271560.35009164,0.4980464191705079
300.0,300.0,0.0055000000000000005,1.57,0.0,-20.0,10.0,0,0,0,0.0,0.0,,,12586825.42035957,8777659.947049154,0.0,3907887.051636442,25272372.41936906,0.4980468478184055
300.0,300.0,0.0055000000000000005,1.57,0.0,-20.0,20.0,0,0,0,0.0,0.0,,,12587240.70843545,8777949.555983061,0.0,3907994.237045296,25273184.5017877,0.4980472764540254
300.0,300.0,0.0055000000000000005,1.57,0.0,0.0,0.0,1,0,0,0.0,0.0,,,0.175910333395085,0.1226626497551816,0.0,0.008404912054966891,0.3073017908502294,0.5724351065718941
300.0,300.0,0.0055000000000000005,1.57,0.0,0.0,10.0,1,0,0,0.0,0.0,,,0.1302412066193945,0.09081606346401198,0.0,0.004169047776853839,0.2255502135052587,0.5774377447723318
300.0,300.0,0.0055000000000000005,1.57,0.0,0.0,20.0,1,0,0,0.0,0.0,,,0.09142294455093561,0.0637470567493604,0.0,0.001403103274747587,0.1568970002200444,0.5826940248871365
300.0,300.0,0.0055000000000000005,1.57,0.0,20.0,0.0,1,0,0,0.0,0.0,,,12592362.75626357,8781521.313744465,0.0,3908504.823848208,25282388.89418013,0.498068549177418
300.0,300.0,0.0055000000000000005,1.57,0.0,20.0,10.0,1,0,0,0.0,0.0,,,12591947.38374827,8781231.645908931,0.0,3908397.631418618,25281576.66139972,0.4980681210034595
300.0,300.0,0.0055000000000000005,1.57,0.0,20.0,20.0,1,0,0,0.0,0.0,,,12591532.01809156,8780941.982853424,0.0,3908290.4404559,25280764.44172478,0.4980676928150872
300.0,300.0,0.0055000000000000005,1.57,20.0,-20.0,0.0,0,0,0,0.0,0.0,,,12586426.10411423,8777381.476325076,0.0,3907784.82401595,25271592.40477915,0.4980464191775264
300.0,300.0,0.0055000000000000005,1.57,20.0,-20.0,10.0,0,0,0,0.0,0.0,,,12586841.38559473,8777671.08066278,0.0,3907892.008025902,25272404.47460731,0.4980468478273003
300.0,300.0,0.0055000000000000005,1.57,20.0,-20.0,20.0,0,0,0,0.0,0.0,,,12587256.67383363,8777960.689751105,0.0,3907999.193542345,25273216.55745098,0.4980472764604507
300.0,300.0,0.0055000000000000005,1.57,20.0,0.0,0.0,1,0,0,0.0,0.0,,,0.1740280097000935,0.1213500388988391,0.0,0.008176622993852854,0.3038785672377813,0.5726893189012527
300.0,300.0,0.0055000000000000005,1.57,20.0,0.0,10.0,1,0,0,0.0,0.0,,,0.1286222568739329,0.08968712139302538,0.0,0.004008730683422106,0.2226420045953687,0.5777088519648033
300.0,300.0,0.0055000000000000005,1.57,20.0,0.0,20.0,1,0,0,0.0,0.0,,,0.09006736875366846,0.06280178346334052,0.0,0.001310758149066458,0.1545038060110662,0.5829459550479777
300.0,300.0,0.0055000000000000005,1.57,20.0,20.0,0.0,1,0,0,0.0,0.0,,,12592346.78757111,8781510.177672599,0.0,3908499.867024432,25282356.83259204,0.4980685491843878
300.0,300.0,0.0055000000000000005,1.57,20.0,20.0,10.0,1,0,0,0.0,0.0,,,12591931.41531919,8781220.510020804,0.0,3908392.674662814,25281544.60032671,0.4980681210101565
300.0,300.0,0.0055000000000000005,1.57,20.0,20.0,20.0,1,0,0,0.0,0.0,,,12591516.04995395,8780930.847171884,0.0,3908285.483771114,25280732.38122085,0.4980676928215592
300.0,300.0,0.0055000000000000005,1.59,-20.0,-20.0,0.0,0,0,0,,,,,,,,,,
300.0,300.0,0.0055000000000000005,1.59,-20.0,-20.0,10.0,0,0,0,,,,,,,,,,
300.0,300.0,0.0055000000000000005,1.59,-20.0,-20.0,20.0,0,0,0,,,,,,,,,,
300.0,300.0,0.0055000000000000005,1.59,-20.0,0.0,0.0,0,0,0,,,,,,,,,,
300.0,300.0,0.0055000000000000005,1.59,-20.0,0.0,10.0,0,0,0,,,,,,,,,,
300.0,300.0,0.0055000000000000005,1.59,-20.0,0.0,20.0,0,0,0,,,,,,,,,,
300.0,300.0,0.0055000000000000005,1.59,-20.0,20.0,0.0,0,0,0,,,,,,,,,,
300.0,300.0,0.0055000000000000005,1.59,-20.0,20.0,10.0,0,0,0,,,,,,,,,,
300.0,300.0,0.0055000000000000005,1.59,-20.0,20.0,20.0,0,0,0,,,,,,,,,,
300.0,300.0,0.0055000000000000005,1.59,0.0,-20.0,0.0,0,0,0,,,,,,,,,,
300.0,300.0,0.0055000000000000005,1.59,0.0,-20.0,10.0,0,0,0,,,,,,,,,,
300.0,300.0,0.0055000000000000005,1.59,0.0,-20.0,20.0,0,0,0,,,,,,,,,,
300.0,300.0,0.0055000000000000005,1.59,0.0,0.0,0.0,0,0,0,,,,,,,,,,
300.0,300.0,0.0055000000000000005,1.59,0.0,0.0,10.0,0,0,0,,,,,,,,,,
300.0,300.0,0.0055000000000000005,1.59,0.0,0.0,20.0,0,0,0,,,,,,,,,,
300.0,300.0,0.0055000000000000005,1.59,0.0,20.0,0.0,0,0,0,,,,,,,,,,
300.0,300.0,0.0055000000000000005,1.59,0.0,20.0,10.0,0,0,0,,,,,,,,,,
300.0,300.0,0.0055000000000000005,1.59,0.0,20.0,20.0,0,0,0,,,,,,,,,,
300.0,300.0,0.0055000000000000005,1.59,20.0,-20.0,0.0,0,0,0,,,,,,,,,,
300.0,300.0,0.0055000000000000005,1.59,20.0,-20.0,10.0,0,0,0,,,,,,,,,,
300.0,300.0,0.0055000000000000005,1.59,20.0,-20.0,20.0,0,0,0,,,,,,,,,,
300.0,300.0,0.0055000000000000005,1.59,20.0,0.0,0.0,0,0,0,,,,,,,,,,
300.0,300.0,0.0055000000000000005,1.59,20.0,0.0,10.0,0,0,0,,,,,,,,,,
300.0,300.0,0.0055000000000000005,1.59,20.0,0.0,20.0,0,0,0,,,,,,,,,,
300.0,300.0,0.0055000000000000005,1.59,20.0,20.0,0.0,0,0,0,,,,,,,,,,
300.0,300.0,0.0055000000000000005,1.59,20.0,20.0,10.0,0,0,0,,,,,,,,,,
300.0,300.0,0.0055000000000000005,1.59,20.0,20.0,20.0,0,0,0,,,,,,,,,,
300.0,300.0,0.01,1.55,-20.0,-20.0,0.0,0,0,0,0.0,0.0,,,26.86120757812058,18.73287962490163,0.0,4794.414201535536,4840.016035084062,0.005549817889736403
300.0,300.0,0.01,1.55,-20.0,-20.0,10.0,0,0,0,0.0,0.0,,,26.8620975843017,18.73350029924379,0.0,4794.429995564601,4840.033339793651,0.005549981931621763
300.0,300.0,0.01,1.55,-20.0,-20.0,20.0,0,0,0,0.0,0.0,,,26.86298760523199,18.73412098387176,0.0,4794.445789619795,4840.050644554403,0.005550145975322768
300.0,300.0,0.01,1.55,-20.0,0.0,0.0,1,0,0,0.0,0.0,,,0.0003277006834810581,0.0002264038672969572,0.0,0.003745827522488879,0.01204627757814296,0.02720348102185904
300.0,300.0,0.01,1.55,-20.0,0.0,10.0,1,0,0,0.0,0.0,,,0.0003245998931062287,0.0002242532364815988,0.0,0.003731880103278505,0.01202707873774311,0.02698908855461106
300.0,300.0,0.01,1.55,-20.0,0.0,20.0,1,0,0,0.0,0.0,,,0.000321513847003137,0.0002221128878619225,0.0,0.003717958698814939,0.01200793093855679,0.0267751245945939
300.0,300.0,0.01,1.55,-20.0,20.0,0.0,0,0,0,0.0,0.0,,,27.23774996216077,18.99404341310253,0.0,4811.380431958751,4857.619971679519,0.005607221256697719
300.0,300.0,0.01,1.55,-20.0,20.0,10.0,0,0,0,0.0,0.0,,,27.23685375439419,18.99341843749533,0.0,4811.364610034753,4857.602628572147,0.005607056780270279
300.0,300.0,0.01,1.55,-20.0,20.0,20.0,0,0,0,0.0,0.0,,,27.23595756137489,18.99279347217324,0.0,4811.348788137171,4857.585285516224,0.005606892305644918
300.0,300.0,0.01,1.55,0.0,-20.0,0.0,0,0,0,0.0,0.0,,,26.88453476328443,18.7491475852349,0.0,4798.567008682594,4844.208437376618,0.005549830299590443
300.0,300.0,0.01,1.55,0.0,-20.0,10.0,0,0,0,0.0,0.0,,,26.8854251558382,18.74976852902165,0.0,4798.582809550619,4844.225749580984,0.005549994270635249
300.0,300.0,0.01,1.55,0.0,-20.0,20.0,0,0,0,0.0,0.0,,,26.88631556313331,18.75038948308809,0.0,4798.598610444293,4844.243061836019,0.005550158243493075
300.0,300.0,0.01,1.55,0.0,0.0,0.0,1,0,0,0.0,0.0,,,0.0002513146508146219,0.0001734428940233203,0.0,0.000974806988495156,0.009145910038209863,0.02747836462032508
300.0,300.0,0.01,1.55,0.0,0.0,10.0,1,0,0,0.0,0.0,,,0.0002486002291764494,0.0001715617047258085,0.0,0.0009676982886079317,0.009134205727386971,0.02721640354903268
300.0,300.0,0.01,1.55,0.0,0.0,20.0,1,0,0,0.0,0.0,,,0.0002459005518100075,0.0001696907976239766,0.0,0.0009606156034676838,0.009122552457778463,0.02695523571369953
300.0,300.0,0.01,1.55,0.0,20.0,0.0,0,0,0,0.0,0.0,,,27.21427000493157,18.9776695308227,0.0,4807.222082770619,4853.421768651878,0.005607233680103347
300.0,300.0,0.01,1.55,0.0,20.0,10.0,0,0,0,0.0,0.0,,,27.21337418353561,18.97704482465851,0.0,4807.206267685456,4853.404433039154,0.005607069132397618
300.0,300.0,0.01,1.55,0.0,20.0,20.0,0,0,0,0.0,0.0,,,27.21247837688271,18.97642012877521,0.0,4807.190452626078,4853.387097477241,0.005606904586495395
300.0,300.0,0.01,1.55,20.0,-20.0,0.0,0,0,0,0.0,0.0,,,26.90787207311371,18.76542260619468,0.0,4802.721613582609,4848.402654607423,0.00554984269871712
300.0,300.0,0.01,1.55,20.0,-20.0,10.0,0,0,0,0.0,0.0,,,26.9087628520333,18.7660438194205,0.0,4802.73742128899,4848.419974305949,0.005550006598981824
300.0,300.0,0.01,1.55,20.0,-20.0,20.0,0,0,0,0.0,0.0,,,26.90965364570086,18.76666504293044,0.0,4802.753229021066,4848.437294055202,0.005550170501059281
300.0,300.0,0.01,1.55,20.0,0.0,0.0,1,0,0,0.0,0.0,,,0.0001850532823815423,0.0001275425461055428,0.0,1.539168780055467e-06,0.008060480502143199,0.02295809565352072
300.0,300.0,0.01,1.55,20.0,0.0,10.0,1,0,0,0.0,0.0,,,0.000182725229480019,0.0001259307983258749,0.0,1.269188216122526e-06,0.00805627072089809,0.02268111832513608
300.0,300.0,0.01,1.55,20.0,0.0,20.0,1,0,0,0.0,0.0,,,0.0001804119208502285,0.0001243293327418883,0.0,1.02522239916293e-06,0.008052111980867374,0.02240554046924649
300.0,300.0,0.01,1.55,20.0,20.0,0.0,0,0,0,0.0,0.0,,,27.19080017236736,18.96130270916857,0.0,4803.065531335031,4849.225380562071,0.005607246114268189
300.0,300.0,0.01,1.55,20.0,20.0,10.0,0,0,0,0.0,0.0,,,27.18990473733615,18.96067827244387,0.0,4803.049723088928,4849.208052444213,0.005607081495220906
300.0,300.0,0.01,1.55,20.0,20.0,20.0,0,0,0,0.0,0.0,,,27.18900931705516,18.96005384600485,0.0,4803.03391486862,4849.190724377185,0.005606916877980136
300.0,300.0,0.01,1.57,-20.0,-20.0,0.0,0,0,0,0.0,0.0,,,12585426.28142126,8776684.30232879,0.0,33777420.25749711,55139530.84219945,0.228246887291057
300.0,300.0,0.01,1.57,-20.0,-20.0,10.0,0,0,0,0.0,0.0,,,12585841.53352103,8776973.886134345,0.0,33778425.05118825,55141240.47179592,0.2282473412972734
300.0,300.0,0.01,1.57,-20.0,-20.0,20.0,0,0,0,0.0,0.0,,,12586256.79227064,8777263.474658925,0.0,33779429.8605084,55142950.12839025,0.2282477952841813
300.0,300.0,0.01,1.57,-20.0,0.0,0.0,1,0,0,0.0,0.0,,,0.1777650583812996,0.1239476023453892,0.0,0.0838037391415032,0.3864686948494954,0.4599727241828154
300.0,300.0,0.01,1.57,-20.0,0.0,10.0,1,0,0,0.0,0.0,,,0.1318391249932201,0.09192309888975506,0.0,0.04122750840213461,0.2659420272663614,0.4957438519530163
300.0,300.0,0.01,1.57,-20.0,0.0,20.0,1,0,0,0.0,0.0,,,0.09276362756566442,0.06467587601784267,0.0,0.01359612187508395,0.171987920439909,0.5393612954235071
300.0,300.0,0.01,1.57,-20.0,20.0,0.0,1,0,0,0.0,0.0,,,12591409.96705117,8780856.79727523,0.0,33784150.43495745,55156417.20023615,0.2282854943485572
300.0,300.0,0.01,1.57,-20.0,20.0,10.0,1,0,0,0.0,0.0,,,12590994.62325553,8780567.149465937,0.0,33783145.55558204,55154707.3292558,0.228285040986463
300.0,300.0,0.01,1.57,-20.0,20.0,20.0,1,0,0,0.0,0.0,,,12590579.28631028,8780277.50643396,0.0,33782140.69115142,55152997.48484795,0.2282845876104786
300.0,300.0,0.01,1.57,0.0,-20.0,0.0,0,0,0,0.0,0.0,,,12585442.24529132,8776695.434949748,0.0,33777463.09793311,55139600.77912647,0.2282468873089056
300.0,300.0,0.01,1.57,0.0,-20.0,10.0,0,0,0,0.0,0.0,,,12585857.49764679,8776985.018936826,0.0,33778467.89228776,55141310.40982367,0.2282473413146265
300.0,300.0,0.01,1.57,0.0,-20.0,20.0,0,0,0,0.0,0.0,,,12586272.75665975,8777274.607645089,0.0,33779472.70224509,55143020.06750223,0.228247795301246
300.0,300.0,0.01,1.57,0.0,0.0,0.0,1,0,0,0.0,0.0,,,0.1758728834918016,0.1226281666182895,0.0,0.0816833971304185,0.3811367422217539,0.4614430045935449
300.0,300.0,0.01,1.57,0.0,0.0,10.0,1,0,0,0.0,0.0,,,0.130210305681363,0.09078731913675414,0.0,0.03974437026415167,0.2616942900634612,0.4975664759433107
300.0,300.0,0.01,1.57,0.0,0.0,20.0,1,0,0,0.0,0.0,,,0.09139816383160498,0.06372375223898528,0.0,0.01275018760984315,0.1688243986616923,0.541380064470172
300.0,300.0,0.01,1.57,0.0,20.0,0.0,1,0,0,0.0,0.0,,,12591393.99961285,8780845.662078261,0.0,33784107.58954402,55156347.25218742,0.2282854943610046
300.0,300.0,0.01,1.57,0.0,20.0,10.0,1,0,0,0.0,0.0,,,12590978.65610101,8780556.014473421,0.0,33783102.7108584,55154637.38238513,0.2282850409986055
300.0,300.0,0.01,1.57,0.0,20.0,20.0,1,0,0,0.0,0.0,,,12590563.31961973,8780266.371683436,0.0,33782097.84638077,55152927.53863623,0.2282845876277315
300.0,300.0,0.01,1.57,20.0,-20.0,0.0,0,0,0,0.0,0.0,,,12585458.20913558,8776706.567552593,0.0,33777505.93839629,55139670.71603676,0.2282468873263554
300.0,300.0,0.01,1.57,20.0,-20.0,10.0,0,0,0,0.0,0.0,,,12585873.46155381,8776996.151665,0.0,33778510.73407228,55141380.34824339,0.2282473413263902
300.0,300.0,0.01,1.57,20.0,-20.0,20.0,0,0,0,0.0,0.0,,,12586288.72103081,8777285.740615206,0.0,33779515.54398261,55143090.00658092,0.2282477953181211
300.0,300.0,0.01,1.57,20.0,0.0,0.0,1,0,0,0.0,0.0,,,0.1739908329448466,0.1213157912922328,0.0,0.07959022360435235,0.3758491428226169,0.4629273107773511
300.0,300.0,0.01,1.57,20.0,0.0,10.0,1,0,0,0.0,0.0,,,0.1285916107100041,0.08965859978420146,0.0,0.03828840061193661,0.2574909060873346,0.4994025329437808
300.0,300.0,0.01,1.57,20.0,0.0,20.0,1,0,0,0.0,0.0,,,0.09004282444010318,0.06277868886117531,0.0,0.01193142182956955,0.1657052301120478,0.543391565729201
300.0,300.0,0.01,1.57,20.0,20.0,0.0,1,0,0,0.0,0.0,,,12591378.03217686,8780834.526886053,0.0,33784064.74418401,55156277.30419922,0.2282854943732441
300.0,300.0,0.01,1.57,20.0,20.0,10.0,1,0,0,0.0,0.0,,,12590962.6891009,8780544.879500246,0.0,33783059.86542504,55154567.43497847,0.2282850410157661
300.0,300.0,0.01,1.57,20.0,20.0,20.0,1,0,0,0.0,0.0,,,12590547.35268235,8780255.236835597,0.0,33782055.00226888,55152857.59273912,0.2282845876392068
300.0,300.0,0.01,1.59,-20.0,-20.0,0.0,0,0,0,,,,,,,,,,
300.0,300.0,0.01,1.59,-20.0,-20.0,10.0,0,0,0,,,,,,,,,,
300.0,300.0,0.01,1.59,-20.0,-20.0,20.0,0,0,0,,,,,,,,,,
300.0,300.0,0.01,1.59,-20.0,0.0,0.0,0,0,0,,,,,,,,,,
300.0,300.0,0.01,1.59,-20.0,0.0,10.0,0,0,0,,,,,,,,,,
300.0,300.0,0.01,1.59,-20.0,0.0,20.0,0,0,0,,,,,,,,,,
300.0,300.0,0.01,1.59,-20.0,20.0,0.0,0,0,0,,,,,,,,,,
300.0,300.0,0.01,1.59,-20.0,20.0,10.0,0,0,0,,,,,,,,,,
300.0,300.0,0.01,1.59,-20.0,20.0,20.0,0,0,0,,,,,,,,,,
300.0,300.0,0.01,1.59,0.0,-20.0,0.0,0,0,0,,,,,,,,,,
300.0,300.0,0.01,1.59,0.0,-20.0,10.0,0,0,0,,,,,,,,,,
300.0,300.0,0.01,1.59,0.0,-20.0,20.0,0,0,0,,,,,,,,,,
300.0,300.0,0.01,1.59,0.0,0.0,0.0,0,0,0,,,,,,,,,,
300.0,300.0,0.01,1.59,0.0,0.0,10.0,0,0,0,,,,,,,,,,
300.0,300.0,0.01,1.59,0.0,0.0,20.0,0,0,0,,,,,,,,,,
300.0,300.0,0.01,1.59,0.0,20.0,0.0,0,0,0,,,,,,,,,,
300.0,300.0,0.01,1.59,0.0,20.0,10.0,0,0,0,,,,,,,,,,
300.0,300.0,0.01,1.59,0.0,20.0,20.0,0,0,0,,,,,,,,,,
300.0,300.0,0.01,1.59,20.0,-20.0,0.0,0,0,0,,,,,,,,,,
300.0,300.0,0.01,1.59,20.0,-20.0,10.0,0,0,0,,,,,,,,,,
300.0,300.0,0.01,1.59,20.0,-20.0,20.0,0,0,0,,,,,,,,,,
300.0,300.0,0.01,1.59,20.0,0.0,0.0,0,0,0,,,,,,,,,,
300.0,300.0,0.01,1.59,20.0,0.0,10.0,0,0,0,,,,,,,,,,
300.0,300.0,0.01,1.59,20.0,0.0,20.0,0,0,0,,,,,,,,,,
300.0,300.0,0.01,1.59,20.0,20.0,0.0,0,0,0,,,,,,,,,,
300.0,300.0,0.01,1.59,20.0,20.0,10.0,0,0,0,,,,,,,,,,
300.0,300.0,0.01,1.59,20.0,20.0,20.0,0,0,0,,,,,,,,,,
300.0,310.0,0.001,1.55,-20.0,-20.0,0.0,0,0,0,0.0,0.0,,,23.08490122050487,16.08393277838908,0.0,1204.902900077454,1244.07561499171,0.0185558666549852
300.0,310.0,0.001,1.55,-20.0,-20.0,10.0,0,0,0,0.0,0.0,,,23.08566582476901,16.08446549304446,0.0,1204.892071961502,1244.066084194677,0.01855662341258429
300.0,310.0,0.001,1.55,-20.0,-20.0,20.0,0,0,0,0.0,0.0,,,23.08643044169855,16.08499821652488,0.0,1204.881243894293,1244.056553467878,0.01855738019091159
300.0,310.0,0.001,1.55,-20.0,0.0,0.0,1,0,0,0.0,0.0,,,0.0002830171705689198,0.0001957265174278454,0.0,0.0002970186635736781,0.004656677713448333,0.0607766283141252
300.0,310.0,0.001,1.55,-20.0,0.0,10.0,1,0,0,0.0,0.0,,,0.0002803465547245333,0.0001938735954364812,0.0,0.000302419120416706,0.004657554632455618,0.06019179093917044
300.0,310.0,0.001,1.55,-20.0,0.0,20.0,1,0,0,0.0,0.0,,,0.0002776886010526455,0.0001920294952990053,0.0,0.0003078682320604859,0.004658501690290391,0.05960899437504242
300.0,310.0,0.001,1.55,-20.0,20.0,0.0,0,0,0,0.0,0.0,,,23.40932487510082,16.30902604649227,0.0,1207.297006534538,1247.019238371493,0.01877222432083046
300.0,310.0,0.001,1.55,-20.0,20.0,10.0,0,0,0,0.0,0.0,,,23.40855492960098,16.30848962599,0.0,1207.307845451393,1247.028770922346,0.01877146339798335
300.0,310.0,0.001,1.55,-20.0,20.0,20.0,0,0,0,0.0,0.0,,,23.40778499676625,16.30795321431061,0.0,1207.318684416819,1247.038303543258,0.01877070249587106
300.0,310.0,0.001,1.55,0.0,-20.0,0.0,0,0,0,0.0,0.0,,,23.10494910871669,16.09790053182348,0.0,1205.946154156677,1245.15288471258,0.01855591340821576
300.0,310.0,0.001,1.55,0.0,-20.0,10.0,0,0,0,0.0,0.0,,,23.10571404491439,16.09843347774059,0.0,1205.935321354076,1245.143349792093,0.01855666983947869
300.0,310.0,0.001,1.55,0.0,-20.0,20.0,0,0,0,0.0,0.0,,,23.10647899377492,16.0989664324799,0.0,1205.9244886001,1245.133814941717,0.01855742629145167
300.0,310.0,0.001,1.55,0.0,0.0,0.0,1,0,0,0.0,0.0,,,0.0002171931139939432,0.0001500686847194353,0.0,4.884423020820814e-06,0.004253061583612083,0.05106747450609055
300.0,310.0,0.001,1.55,0.0,0.0,10.0,1,0,0,0.0,0.0,,,0.0002148544304211833,0.000148447023043077,0.0,5.598171379395447e-06,0.00424981498672155,0.05055618446743942
300.0,310.0,0.001,1.55,0.0,0.0,20.0,1,0,0,0.0,0.0,,,0.0002125284090209258,0.0001468341832206073,0.0,6.360574538709102e-06,0.00424663852865814,0.05004626779197072
300.0,310.0,0.001,1.55,0.0,20.0,0.0,0,0,0,0.0,0.0,,,23.38914533877356,16.29496697739105,0.0,1206.253168186872,1245.941161418398,0.01877227116579647
300.0,310.0,0.001,1.55,0.0,20.0,10.0,0,0,0,0.0,0.0,,,23.38837572520796,16.29443078815028,0.0,1206.264002417007,1245.950689845728,0.01877150991272688
300.0,310.0,0.001,1.55,0.0,20.0,20.0,0,0,0,0.0,0.0,,,23.38760612430509,16.29389460773156,0.0,1206.274836695767,1245.960218343165,0.0187707486804074
300.0,310.0,0.001,1.55,20.0,-20.0,0.0,0,0,0,0.0,0.0,,,23.12500569836029,16.11187434762654,0.0,1206.989859686482,1246.230620647831,0.01855596012104017
300.0,310.0,0.001,1.55,20.0,-20.0,10.0,0,0,0,0.0,0.0,,,23.12577096648908,16.11240752480311,0.0,1206.979022197113,1246.221081603768,0.01855671622624809
300.0,310.0,0.001,1.55,20.0,-20.0,20.0,0,0,0,0.0,0.0,,,23.12653624728328,16.11294071080392,0.0,1206.968184756457,1246.211542629906,0.01855747235214887
300.0,310.0,0.001,1.55,20.0,0.0,0.0,1,0,0,0.0,0.0,,,0.000160070489413838,0.0001104732209824929,0.0,0.0001642007296775949,0.004315659801951457,0.03709061806527411
300.0,310.0,0.001,1.55,20.0,0.0,10.0,1,0,0,0.0,0.0,,,0.0001580637381127034,0.000109082819621139,0.0,0.0001602277695517133,0.004308289689163093,0.03668827992469748
300.0,310.0,0.001,1.55,20.0,0.0,20.0,1,0,0,0.0,0.0,,,0.0001560696489840696,0.0001077012401136751,0.0,0.0001563034642265788,0.004300989715202222,0.03628691517964525
300.0,310.0,0.001,1.55,20.0,20.0,0.0,0,0,0,0.0,0.0,,,23.36897450388018,16.28091397066009,0.0,1205.209781289741,1244.863550679644,0.0187723180513412
300.0,310.0,0.001,1.55,20.0,20.0,10.0,0,0,0,0.0,0.0,,,23.36820522224814,16.2803780126798,0.0,1205.220610833067,1244.873074983357,0.01877155646776324
300.0,310.0,0.001,1.55,20.0,20.0,20.0,0,0,0,0.0,0.0,,,23.36743595327894,16.2798420635226,0.0,1205.231440425149,1244.882599357313,0.01877079490495143
300.0,310.0,0.001,1.57,-20.0,-20.0,0.0,0,0,0,0.0,0.0,,,10812388.03893086,7533091.797234233,0.0,25891.83671245926,18371371.67290392,0.5885454952107979
300.0,310.0,0.001,1.57,-20.0,-20.0,10.0,0,0,0,0.0,0.0,,,10812744.78502615,7533340.345507081,0.0,25892.1860133024,18371977.3165729,0.5885455113899061
300.0,310.0,0.001,1.57,-20.0,-20.0,20.0,0,0,0,0.0,0.0,,,10813101.5367821,7533588.897870149,0.0,25892.53531759235,18372582.96999621,0.5885455275635821
300.0,310.0,0.001,1.57,-20.0,0.0,0.0,1,0,0,0.0,0.0,,,0.1527621024650858,0.1064276593790761,0.0,2.359750890248686e-05,0.2592397230648414,0.5892696561278025
300.0,310.0,0.001,1.57,-20.0,0.0,10.0,1,0,0,0.0,0.0,,,0.1133011085681307,0.0789352500783878,0.0,1.423049543295824e-05,0.1922769528537271,0.5892599549064184
300.0,310.0,0.001,1.57,-20.0,0.0,20.0,1,0,0,0.0,0.0,,,0.0797252908330366,0.0555430979985058,0.0,7.219641503517849e-06,0.1353019721848233,0.5892396802918094
300.0,310.0,0.001,1.57,-20.0,20.0,0.0,1,0,0,0.0,0.0,,,10817529.42533638,7536673.796507008,0.0,25894.9634219956,18380098.18529175,0.5885457910117619
300.0,310.0,0.001,1.57,-20.0,20.0,10.0,1,0,0,0.0,0.0,,,10817172.60048797,7536425.193236122,0.0,25894.61410144468,18379492.40785189,0.5885457748477737
300.0,310.0,0.001,1.57,-20.0,20.0,20.0,1,0,0,0.0,0.0,,,10816815.78130023,7536176.594055576,0.0,25894.26478434065,18378886.64016651,0.5885457586783521
300.0,310.0,0.001,1.57,0.0,-20.0,0.0,0,0,0,0.0,0.0,,,10812401.75372588,7533101.352386821,0.0,25891.86955083997,18371394.9756899,0.5885454952132637
300.0,310.0,0.001,1.57,0.0,-20.0,10.0,0,0,0,0.0,0.0,,,10812758.5000953,7533349.900856365,0.0,25892.21885194501,18372000.61982998,0.588545511392181
300.0,310.0,0.001,1.57,0.0,-20.0,20.0,0,0,0,0.0,0.0,,,10813115.25217542,7533598.453372061,0.0,25892.56815591114,18372606.27372976,0.5885455275682175
300.0,310.0,0.001,1.57,0.0,0.0,0.0,1,0,0,0.0,0.0,,,0.1511362807864592,0.1052949509028149,0.0,2.261654070166287e-05,0.2564802119417512,0.5892707263544508
300.0,310.0,0.001,1.57,0.0,0.0,10.0,1,0,0,0.0,0.0,,,0.111901537626617,0.07796017260488117,0.0,1.347103794138463e-05,0.1899015449812136,0.589260806897001
300.0,310.0,0.001,1.57,0.0,0.0,20.0,1,0,0,0.0,0.0,,,0.07855197062873524,0.05472565152776811,0.0,6.681694721117011e-06,0.1333106675630003,0.5892399465452602
300.0,310.0,0.001,1.57,0.0,20.0,0.0,1,0,0,0.0,0.0,,,10817515.70738773,7536664.239084027,0.0,25894.93058110763,18380074.87707923,0.5885457910118557
300.0,310.0,0.001,1.57,0.0,20.0,10.0,1,0,0,0.0,0.0,,,10817158.88281346,7536415.636009851,0.0,25894.58126081861,18379469.1001105,0.5885457748476768
300.0,310.0,0.001,1.57,0.0,20.0,20.0,1,0,0,0.0,0.0,,,10816802.06382797,7536167.036967334,0.0,25894.2319439159,18378863.33276559,0.588545758678336
300.0,310.0,0.001,1.57,20.0,-20.0,0.0,0,0,0,0.0,0.0,,,10812415.46845558,7533110.907570043,0.0,25891.90238980706,18371418.27844179,0.5885454952132665
300.0,310.0,0.001,1.57,20.0,-20.0,10.0,0,0,0,0.0,0.0,,,10812772.21514922,7533359.456192044,0.0,25892.25169058828,18372023.92305822,0.5885455113945509
300.0,310.0,0.001,1.57,20.0,-20.0,20.0,0,0,0,0.0,0.0,,,10813128.9673621,7533608.008870838,0.0,25892.60099530102,18372629.57725461,0.588545527568291
300.0,310.0,0.001,1.57,20.0,0.0,0.0,1,0,0,0.0,0.0,,,0.1495191571288743,0.1041683024200762,0.0,2.165639748935404e-05,0.2537354796582153,0.5892717775625168
300.0,310.0,0.001,1.57,20.0,0.0,10.0,1,0,0,0.0,0.0,,,0.1105106647078372,0.07699115512510021,0.0,1.273240543787762e-05,0.1875409159501476,0.5892616240458871
300.0,310.0,0.001,1.57,20.0,0.0,20.0,1,0,0,0.0,0.0,,,0.07738734844629944,0.05391426505065265,0.0,6.16457292689934e-06,0.1313341417816548,0.5892401427113843
300.0,310.0,0.001,1.57,20.0,20.0,0.0,1,0,0,0.0,0.0,,,10817501.98944778,7536654.681667112,0.0,25894.89774024047,18380051.5688815,0.5885457910119493
300.0,310.0,0.001,1.57,20.0,20.0,10.0,1,0,0,0.0,0.0,,,10817145.16507586,7536406.078731104,0.0,25894.54842015279,18379445.79225349,0.5885457748478489
300.0,310.0,0.001,1.57,20.0,20.0,20.0,1,0,0,0.0,0.0,,,10816788.34634527,7536157.479866322,0.0,25894.19910347155,18378840.02534143,0.5885457586784955
300.0,310.0,0.001,1.59,-20.0,-20.0,0.0,0,0,0,,,,,,,,,,
300.0,310.0,0.001,1.59,-20.0,-20.0,10.0,0,0,0,,,,,,,,,,
300.0,310.0,0.001,1.59,-20.0,-20.0,20.0,0,0,0,,,,,,,,,,
300.0,310.0,0.001,1.59,-20.0,0.0,0.0,0,0,0,,,,,,,,,,
300.0,310.0,0.001,1.59,-20.0,0.0,10.0,0,0,0,,,,,,,,,,
300.0,310.0,0.001,1.59,-20.0,0.0,20.0,0,0,0,,,,,,,,,,
300.0,310.0,0.001,1.59,-20.0,20.0,0.0,0,0,0,,,,,,,,,,
300.0,310.0,0.001,1.59,-20.0,20.0,10.0,0,0,0,,,,,,,,,,
300.0,310.0,0.001,1.59,-20.0,20.0,20.0,0,0,0,,,,,,,,,,
300.0,310.0,0.001,1.59,0.0,-20.0,0.0,0,0,0,,,,,,,,,,
300.0,310.0,0.001,1.59,0.0,-20.0,10.0,0,0,0,,,,,,,,,,
300.0,310.0,0.001,1.59,0.0,-20.0,20.0,0,0,0,,,,,,,,,,
300.0,310.0,0.001,1.59,0.0,0.0,0.0,0,0,0,,,,,,,,,,
300.0,310.0,0.001,1.59,0.0,0.0,10.0,0,0,0,,,,,,,,,,
300.0,310.0,0.001,1.59,0.0,0.0,20.0,0,0,0,,,,,,,,,,
300.0,310.0,0.001,1.59,0.0,20.0,0.0,0,0,0,,,,,,,,,,
300.0,310.0,0.001,1.59,0.0,20.0,10.0,0,0,0,,,,,,,,,,
300.0,310.0,0.001,1.59,0.0,20.0,20.0,0,0,0,,,,,,,,,,
300.0,310.0,0.001,1.59,20.0,-20.0,0.0,0,0,0,,,,,,,,,,
300.0,310.0,0.001,1.59,20.0,-20.0,10.0,0,0,0,,,,,,,,,,
300.0,310.0,0.001,1.59,20.0,-20.0,20.0,0,0,0,,,,,,,,,,
300.0,310.0,0.001,1.59,20.0,0.0,0.0,0,0,0,,,,,,,,,,
300.0,310.0,0.001,1.59,20.0,0.0,10.0,0,0,0,,,,,,,,,,
300.0,310.0,0.001,1.59,20.0,0.0,20.0,0,0,0,,,,,,,,,,
300.0,310.0,0.001,1.59,20.0,20.0,0.0,0,0,0,,,,,,,,,,
300.0,310.0,0.001,1.59,20.0,20.0,10.0,0,0,0,,,,,,,,,,
300.0,310.0,0.001,1.59,20.0,20.0,20.0,0,0,0,,,,,,,,,,
300.0,310.0,0.0055000000000000005,1.55,-20.0,-20.0,0.0,0,0,0,0.0,0.0,,,23.08018035369597,16.08073996591239,0.0,2550.619212960698,2589.78578169268,0.008912003655611546
300.0,310.0,0.0055000000000000005,1.55,-20.0,-20.0,10.0,0,0,0,0.0,0.0,,,23.08094494015247,16.08127266975455,0.0,2550.61462904065,2589.78249506293,0.008912310197537118
300.0,310.0,0.0055000000000000005,1.55,-20.0,-20.0,20.0,0,0,0,0.0,0.0,,,23.08170953927423,16.08180538242232,0.0,2550.610045125204,2589.779208459274,0.008912616745041416
300.0,310.0,0.0055000000000000005,1.55,-20.0,0.0,0.0,1,0,0,0.0,0.0,,,0.0002820133841576156,0.0001947749346573487,0.0,0.001334326873470521,0.007459527565641794,0.03780579690549773
300.0,310.0,0.0055000000000000005,1.55,-20.0,0.0,10.0,1,0,0,0.0,0.0,,,0.0002793474110303032,0.0001929268417470464,0.0,0.001337644406006023,0.007458331032139684,0.03745441303510533
300.0,310.0,0.0055000000000000005,1.55,-20.0,0.0,20.0,1,0,0,0.0,0.0,,,0.000276694102075438,0.0001910875720840177,0.0,0.001340966057607648,0.007457160105123431,0.03710448725451606
300.0,310.0,0.0055000000000000005,1.55,-20.0,20.0,0.0,0,0,0,0.0,0.0,,,23.40398085096721,16.30520605093929,0.0,2558.003829104757,2597.718664419036,0.009009436307145817
300.0,310.0,0.0055000000000000005,1.55,-20.0,20.0,10.0,0,0,0,0.0,0.0,,,23.40321093256313,16.30466965090874,0.0,2558.008419659401,2597.721948655246,0.009009128534590932
300.0,310.0,0.0055000000000000005,1.55,-20.0,20.0,20.0,0,0,0,0.0,0.0,,,23.40244102682619,16.30413325970415,0.0,2558.013010218342,2597.725232917246,0.009008820767601062
300.0,310.0,0.0055000000000000005,1.55,0.0,-20.0,0.0,0,0,0,0.0,0.0,,,23.10022402243703,16.09470482135308,0.0,2552.828143818455,2592.028721074619,0.008912024714317209
300.0,310.0,0.0055000000000000005,1.55,0.0,-20.0,10.0,0,0,0,0.0,0.0,,,23.10098894081591,16.09523775645005,0.0,2552.823557914335,2592.025433023974,0.008912331123952458
300.0,310.0,0.0055000000000000005,1.55,0.0,-20.0,20.0,0,0,0,0.0,0.0,,,23.10175387185712,16.0957707003699,0.0,2552.818972014578,2592.022144999178,0.00891263753916132
300.0,310.0,0.0055000000000000005,1.55,0.0,0.0,0.0,1,0,0,0.0,0.0,,,0.0002163231785813439,0.0001492521093350081,0.0,0.0002150373677253558,0.006229025028998008,0.0347282564405013
300.0,310.0,0.0055000000000000005,1.55,0.0,0.0,10.0,1,0,0,0.0,0.0,,,0.0002139891280125311,0.0001476352699724882,0.0,0.0002163704066989163,0.006226407178040246,0.03436799455828135
300.0,310.0,0.0055000000000000005,1.55,0.0,0.0,20.0,1,0,0,0.0,0.0,,,0.0002116677416161633,0.0001460272538572375,0.0,0.000217707564738594,0.006223814933568321,0.03400932448593987
300.0,310.0,0.0055000000000000005,1.55,0.0,20.0,0.0,0,0,0,0.0,0.0,,,23.3838058018161,16.29115014984795,0.0,2555.792659667797,2595.473264031834,0.00900945739872175
300.0,310.0,0.0055000000000000005,1.55,0.0,20.0,10.0,0,0,0,0.0,0.0,,,23.38303621533637,16.29061398107226,0.0,2555.797248237956,2595.476546846739,0.009009149492698971
300.0,310.0,0.0055000000000000005,1.55,0.0,20.0,20.0,0,0,0,0.0,0.0,,,23.38226664152006,16.29007782111993,0.0,2555.801836812401,2595.479829687414,0.00900884159224466
300.0,310.0,0.0055000000000000005,1.55,20.0,-20.0,0.0,0,0,0,0.0,0.0,,,23.12027639072641,16.10867573785188,0.0,2555.038030770714,2594.272631311665,0.008912045754819834
300.0,310.0,0.0055000000000000005,1.55,20.0,-20.0,10.0,0,0,0,0.0,0.0,,,23.12104164102655,16.10920890420114,0.0,2555.033442881975,2594.269341839576,0.00891235203228035
300.0,310.0,0.0055000000000000005,1.55,20.0,-20.0,20.0,0,0,0,0.0,0.0,,,23.1218069039936,16.10974207937622,0.0,2555.028854997483,2594.266052393226,0.0089126583153118
300.0,310.0,0.0055000000000000005,1.55,20.0,0.0,0.0,1,0,0,0.0,0.0,,,0.0001593325217002615,0.0001097903408716521,0.0,5.184193390876889e-05,0.005969377169836472,0.02669164925704072
300.0,310.0,0.0055000000000000005,1.55,20.0,0.0,10.0,1,0,0,0.0,0.0,,,0.0001573303936899465,0.0001084047550569117,0.0,5.119047932039101e-05,0.00596533800142305,0.0263740954246708
300.0,310.0,0.0055000000000000005,1.55,20.0,0.0,20.0,1,0,0,0.0,0.0,,,0.000155340929852074,0.0001070279924894358,0.0,5.054314379812974e-05,0.005961324439495453,0.02605812373218551
300.0,310.0,0.0055000000000000005,1.55,20.0,20.0,0.0,0,0,0,0.0,0.0,,,23.36363945221278,16.27710030981214,0.0,2553.582446324688,2593.228834499087,0.009009478508565849
300.0,310.0,0.0055000000000000005,1.55,20.0,20.0,10.0,0,0,0,0.0,0.0,,,23.36287019765559,16.27656437228991,0.0,2553.587032910402,2593.232115892721,0.009009170468958544
300.0,310.0,0.0055000000000000005,1.55,20.0,20.0,20.0,0,0,0,0.0,0.0,,,23.36210095576409,16.27602844359259,0.0,2553.5916195003,2593.23539731203,0.009008862434925748
300.0,310.0,0.0055000000000000005,1.57,-20.0,-20.0,0.0,0,0,0,0.0,0.0,,,10811994.4779509,7532817.665359706,0.0,3907774.911373365,22252587.05500787,0.4858758422660658
300.0,310.0,0.0055000000000000005,1.57,-20.0,-20.0,10.0,0,0,0,0.0,0.0,,,10812351.2134927,7533066.206351338,0.0,3907882.095280898,22253299.51544883,0.4858763171720436
300.0,310.0,0.0055000000000000005,1.57,-20.0,-20.0,20.0,0,0,0,0.0,0.0,,,10812707.95506058,7533314.751476524,0.0,3907989.280585215,22254011.98744621,0.4858767920660855
300.0,310.0,0.0055000000000000005,1.57,-20.0,0.0,0.0,1,0,0,0.0,0.0,,,0.1527341353880753,0.106400358368767,0.0,0.008636344273094603,0.2680947336749529,0.5697021097522016
300.0,310.0,0.0055000000000000005,1.57,-20.0,0.0,10.0,1,0,0,0.0,0.0,,,0.1132774268780006,0.07891202154748367,0.0,0.004332508027171379,0.1968458520976741,0.5754626052358615
300.0,310.0,0.0055000000000000005,1.57,-20.0,0.0,20.0,1,0,0,0.0,0.0,,,0.0797057645707392,0.05552385140177089,0.0,0.001498591557284414,0.1370521031748154,0.58157272106267
300.0,310.0,0.0055000000000000005,1.57,-20.0,20.0,0.0,1,0,0,0.0,0.0,,,10817135.30005834,7536399.139710414,0.0,3908509.780675438,22262044.22076808,0.4859003599483966
300.0,310.0,0.0055000000000000005,1.57,-20.0,20.0,10.0,1,0,0,0.0,0.0,,,10816778.48552828,7536150.543700065,0.0,3908402.588171785,22261331.61772403,0.4858998855628286
300.0,310.0,0.0055000000000000005,1.57,-20.0,20.0,20.0,1,0,0,0.0,0.0,,,10816421.67690227,7535901.951808505,0.0,3908295.397144137,22260619.02617881,0.4858994111611182
300.0,310.0,0.0055000000000000005,1.57,0.0,-20.0,0.0,0,0,0,0.0,0.0,,,10812008.19224654,7532827.220164506,0.0,3907779.867652107,22252615.28038706,0.4858758422780085
300.0,310.0,0.0055000000000000005,1.57,0.0,-20.0,10.0,0,0,0,0.0,0.0,,,10812364.9280863,7533075.761372181,0.0,3907887.051636749,22253327.74141912,0.4858763171838667
300.0,310.0,0.0055000000000000005,1.57,0.0,-20.0,20.0,0,0,0,0.0,0.0,,,10812721.66979569,7533324.306628278,0.0,3907994.2370456,22254040.21379347,0.4858767920754347
300.0,310.0,0.0055000000000000005,1.57,0.0,0.0,0.0,1,0,0,0.0,0.0,,,0.1511084924796571,0.1052678162244593,0.0,0.008404912054966894,0.2651051164040791,0.5699946290336175
300.0,310.0,0.0055000000000000005,1.57,0.0,0.0,10.0,1,0,0,0.0,0.0,,,0.1118780280889418,0.07793710579526793,0.0,0.004169047776853839,0.1943080773060619,0.575776517579959
300.0,310.0,0.0055000000000000005,1.57,0.0,0.0,20.0,1,0,0,0.0,0.0,,,0.07853260990110421,0.05470656204165548,0.0,0.001403103274747585,0.1349661708625081,0.5818688446092649
300.0,310.0,0.0055000000000000005,1.57,0.0,20.0,0.0,1,0,0,0.0,0.0,,,10817121.58258547,7536389.582616179,0.0,3908504.823848514,22262015.98937406,0.4859003599561071
300.0,310.0,0.0055000000000000005,1.57,0.0,20.0,10.0,1,0,0,0.0,0.0,,,10816764.7683294,7536140.986802339,0.0,3908397.631418926,22261303.38687456,0.4858998855703592
300.0,310.0,0.0055000000000000005,1.57,0.0,20.0,20.0,1,0,0,0.0,0.0,,,10816407.95990578,7535892.395048955,0.0,3908290.440456208,22260590.79573484,0.4858994111682885
300.0,310.0,0.0055000000000000005,1.57,20.0,-20.0,0.0,0,0,0,0.0,0.0,,,10812021.90645292,7532836.774980289,0.0,3907784.824016258,22252643.50577337,0.4858758422857843
300.0,310.0,0.0055000000000000005,1.57,20.0,-20.0,10.0,0,0,0,0.0,0.0,,,10812378.64255609,7533085.316333351,0.0,3907892.008026212,22253355.96723955,0.4858763171933985
300.0,310.0,0.0055000000000000005,1.57,20.0,-20.0,20.0,0,0,0,0.0,0.0,,,10812735.3844592,7533333.861759781,0.0,3907999.193542651,22254068.44008553,0.4858767920827713
300.0,310.0,0.0055000000000000005,1.57,20.0,0.0,0.0,1,0,0,0.0,0.0,,,0.1494915472755292,0.1041413338529908,0.0,0.008176622993852849,0.2621333997673687,0.5702880571807943
300.0,310.0,0.0055000000000000005,1.57,20.0,0.0,10.0,1,0,0,0.0,0.0,,,0.1104873270052396,0.07696824981601884,0.0,0.004008730683422101,0.1917882031496688,0.576090318334214
300.0,310.0,0.0055000000000000005,1.57,20.0,0.0,20.0,1,0,0,0.0,0.0,,,0.07736815293702051,0.05389533245453112,0.0,0.001310758149066458,0.1328981391856088,0.5821612959453574
300.0,310.0,0.0055000000000000005,1.57,20.0,20.0,0.0,1,0,0,0.0,0.0,,,10817107.86512125,7536380.025527943,0.0,3908499.86702474,22261987.75799783,0.4859003599638178
300.0,310.0,0.0055000000000000005,1.57,20.0,20.0,10.0,1,0,0,0.0,0.0,,,10816751.05109153,7536131.429871766,0.0,3908392.674663124,22261275.15595032,0.4858998855777708
300.0,310.0,0.0055000000000000005,1.57,20.0,20.0,20.0,1,0,0,0.0,0.0,,,10816394.24294664,7535882.838315588,0.0,3908285.483771424,22260562.56535755,0.485899411175681
300.0,310.0,0.0055000000000000005,1.59,-20.0,-20.0,0.0,0,0,0,,,,,,,,,,
300.0,310.0,0.0055000000000000005,1.59,-20.0,-20.0,10.0,0,0,0,,,,,,,,,,
300.0,310.0,0.0055000000000000005,1.59,-20.0,-20.0,20.0,0,0,0,,,,,,,,,,
300.0,310.0,0.0055000000000000005,1.59,-20.0,0.0,0.0,0,0,0,,,,,,,,,,
300.0,310.0,0.0055000000000000005,1.59,-20.0,0.0,10.0,0,0,0,,,,,,,,,,
300.0,310.0,0.0055000000000000005,1.59,-20.0,0.0,20.0,0,0,0,,,,,,,,,,
300.0,310.0,0.0055000000000000005,1.59,-20.0,20.0,0.0,0,0,0,,,,,,,,,,
300.0,310.0,0.0055000000000000005,1.59,-20.0,20.0,10.0,0,0,0,,,,,,,,,,
300.0,310.0,0.0055000000000000005,1.59,-20.0,20.0,20.0,0,0,0,,,,,,,,,,
300.0,310.0,0.0055000000000000005,1.59,0.0,-20.0,0.0,0,0,0,,,,,,,,,,
300.0,310.0,0.0055000000000000005,1.59,0.0,-20.0,10.0,0,0,0,,,,,,,,,,
300.0,310.0,0.0055000000000000005,1.59,0.0,-20.0,20.0,0,0,0,,,,,,,,,,
300.0,310.0,0.0055000000000000005,1.59,0.0,0.0,0.0,0,0,0,,,,,,,,,,
300.0,310.0,0.0055000000000000005,1.59,0.0,0.0,10.0,0,0,0,,,,,,,,,,
300.0,310.0,0.0055000000000000005,1.59,0.0,0.0,20.0,0,0,0,,,,,,,,,,
300.0,310.0,0.0055000000000000005,1.59,0.0,20.0,0.0,0,0,0,,,,,,,,,,
300.0,310.0,0.0055000000000000005,1.59,0.0,20.0,10.0,0,0,0,,,,,,,,,,
300.0,310.0,0.0055000000000000005,1.59,0.0,20.0,20.0,0,0,0,,,,,,,,,,
300.0,310.0,0.0055000000000000005,1.59,20.0,-20.0,0.0,0,0,0,,,,,,,,,,
300.0,310.0,0.0055000000000000005,1.59,20.0,-20.0,10.0,0,0,0,,,,,,,,,,
300.0,310.0,0.0055000000000000005,1.59,20.0,-20.0,20.0,0,0,0,,,,,,,,,,
300.0,310.0,0.0055000000000000005,1.59,20.0,0.0,0.0,0,0,0,,,,,,,,,,
300.0,310.0,0.0055000000000000005,1.59,20.0,0.0,10.0,0,0,0,,,,,,,,,,
300.0,310.0,0.0055000000000000005,1.59,20.0,0.0,20.0,0,0,0,,,,,,,,,,
300.0,310.0,0.0055000000000000005,1.59,20.0,20.0,0.0,0,0,0,,,,,,,,,,
300.0,310.0,0.0055000000000000005,1.59,20.0,20.0,10.0,0,0,0,,,,,,,,,,
300.0,310.0,0.0055000000000000005,1.59,20.0,20.0,20.0,0,0,0,,,,,,,,,,
300.0,310.0,0.01,1.55,-20.0,-20.0,0.0,0,0,0,0.0,0.0,,,23.07452533295258,16.07689629042089,0.0,4794.414201535591,4833.573369504469,0.004773802644340153
300.0,310.0,0.01,1.55,-20.0,-20.0,10.0,0,0,0,0.0,0.0,,,23.0752898706203,16.07742896186692,0.0,4794.429995564536,4833.590460742527,0.004773943936300204
300.0,310.0,0.01,1.55,-20.0,-20.0,20.0,0,0,0,0.0,0.0,,,23.07605442095672,16.07796164213979,0.0,4794.445789619848,4833.607552028449,0.004774085229834748
300.0,310.0,0.01,1.55,-20.0,0.0,0.0,1,0,0,0.0,0.0,,,0.0002810040255916439,0.0001938359446354782,0.0,0.003745827522488908,0.01196701299759209,0.02348155096415332
300.0,310.0,0.01,1.55,-20.0,0.0,10.0,1,0,0,0.0,0.0,,,0.0002783428038245341,0.0001919927563410789,0.0,0.003731880103278479,0.01194856116832088,0.02329508966841145
300.0,310.0,0.01,1.55,-20.0,0.0,20.0,1,0,0,0.0,0.0,,,0.0002756942477170307,0.0001901583923300623,0.0,0.003717958698814943,0.01193015684373883,0.0231090212247897
300.0,310.0,0.01,1.55,-20.0,20.0,0.0,0,0,0,0.0,0.0,,,23.39768969904389,16.3007262447948,0.0,4811.380431958811,4851.086594248154,0.004823185330640379
300.0,310.0,0.01,1.55,-20.0,20.0,10.0,0,0,0,0.0,0.0,,,23.39691983892968,16.30018988696976,0.0,4811.364610034689,4851.069466106093,0.004823043661279534
300.0,310.0,0.01,1.55,-20.0,20.0,20.0,0,0,0,0.0,0.0,,,23.39614999148304,16.29965353797117,0.0,4811.348788137227,4851.052338012186,0.004822901993481702
300.0,310.0,0.01,1.55,0.0,-20.0,0.0,0,0,0,0.0,0.0,,,23.09456397099112,16.09085768265679,0.0,4798.567008682091,4837.760176681244,0.00477381332012085
300.0,310.0,0.01,1.55,0.0,-20.0,10.0,0,0,0,0.0,0.0,,,23.09532884055806,16.09139058534113,0.0,4798.582809550555,4837.777275321959,0.004773954551064164
300.0,310.0,0.01,1.55,0.0,-20.0,20.0,0,0,0,0.0,0.0,,,23.09609372279259,16.09192349685037,0.0,4798.598610444345,4837.794374009492,0.004774095783581411
300.0,310.0,0.01,1.55,0.0,0.0,0.0,1,0,0,0.0,0.0,,,0.0002154503012930219,0.0001484499394627361,0.0,0.0009748069884951576,0.009085052734127682,0.02371481020508449
300.0,310.0,0.01,1.55,0.0,0.0,10.0,1,0,0,0.0,0.0,,,0.0002131209789231065,0.0001468379885794149,0.0,0.0009676982886079285,0.009074002760987233,0.02348698634293994
300.0,310.0,0.01,1.55,0.0,0.0,20.0,1,0,0,0.0,0.0,,,0.0002108043222127949,0.0001452348619794797,0.0,0.0009606156034676762,0.009063000292536748,0.02325988253430702
300.0,310.0,0.01,1.55,0.0,20.0,0.0,0,0,0,0.0,0.0,,,23.37751995355821,16.2866740805487,0.0,4807.222082770669,4846.89402315028,0.004823196018295402
300.0,310.0,0.01,1.55,0.0,20.0,10.0,0,0,0,0.0,0.0,,,23.37675042534299,16.28613795396089,0.0,4807.206267685394,4846.876902410203,0.004823054287538941
300.0,310.0,0.01,1.55,0.0,20.0,20.0,0,0,0,0.0,0.0,,,23.37598090979539,16.28560183619884,0.0,4807.190452626132,4846.859781717631,0.0048229125583475
300.0,310.0,0.01,1.55,20.0,-20.0,0.0,0,0,0,0.0,0.0,,,23.11461130634133,16.10482513439311,0.0,4802.721613582663,4841.948796368903,0.004773823986671555
300.0,310.0,0.01,1.55,20.0,-20.0,10.0,0,0,0,0.0,0.0,,,23.11537650780785,16.10535826831374,0.0,4802.737421289049,4841.965902410676,0.004773965156652458
300.0,310.0,0.01,1.55,20.0,-20.0,20.0,0,0,0,0.0,0.0,,,23.11614172194177,16.10589141106039,0.0,4802.753229021568,4841.983008500075,0.004774106328205099
300.0,310.0,0.01,1.55,20.0,0.0,0.0,1,0,0,0.0,0.0,,,0.0001585938903043156,0.0001091234337351679,0.0,1.539168780055316e-06,0.008015601997695599,0.01978564933113067
300.0,310.0,0.01,1.55,20.0,0.0,10.0,1,0,0,0.0,0.0,,,0.0001565964673315881,0.0001077427202629244,0.0,1.269188216122389e-06,0.00801195388068671,0.01954535306413498
300.0,310.0,0.01,1.55,20.0,0.0,20.0,1,0,0,0.0,0.0,,,0.0001546117100184659,0.0001063708310740665,0.0,1.025222399162715e-06,0.00800835326836778,0.0193063049090463
300.0,310.0,0.01,1.55,20.0,20.0,0.0,0,0,0,0.0,0.0,,,23.3573589053846,16.2726279758008,0.0,4803.065531334965,4842.703264561655,0.004823206715206167
300.0,310.0,0.01,1.55,20.0,20.0,10.0,0,0,0,0.0,0.0,,,23.35658970906939,16.27209208045157,0.0,4803.049723088977,4842.686151224003,0.004823064923000625
300.0,310.0,0.01,1.55,20.0,20.0,20.0,0,0,0,0.0,0.0,,,23.35582052542257,16.27155619392809,0.0,4803.033914868559,4842.669037933414,0.004822923132362056
300.0,310.0,0.01,1.57,-20.0,-20.0,0.0,0,0,0,0.0,0.0,,,10811163.05115205,7532238.468483998,0.0,33777420.25749978,52120821.77808812,0.2074250305795662
300.0,310.0,0.01,1.57,-20.0,-20.0,10.0,0,0,0,0.0,0.0,,,10811519.76193685,7532486.992157958,0.0,33778425.05116464,52122431.80621174,0.20742546706442
300.0,310.0,0.01,1.57,-20.0,-20.0,20.0,0,0,0,0.0,0.0,,,10811876.47850371,7532735.519936132,0.0,33779429.86051106,52124041.8599032,0.2074259035314915
300.0,310.0,0.01,1.57,-20.0,0.0,0.0,1,0,0,0.0,0.0,,,0.1526999897451146,0.1063687699197197,0.0,0.0838037391415032,0.3438247937876409,0.4441215191695216
300.0,310.0,0.01,1.57,-20.0,0.0,10.0,1,0,0,0.0,0.0,,,0.1132491644318365,0.0788856186770961,0.0,0.04122750840213464,0.2343145864923188,0.4833210178127299
300.0,310.0,0.01,1.57,-20.0,0.0,20.0,1,0,0,0.0,0.0,,,0.07968301701952381,0.05550237751222075,0.0,0.01359612187508393,0.1497338113881465,0.53216448763844
300.0,310.0,0.01,1.57,-20.0,20.0,0.0,1,0,0,0.0,0.0,,,10816303.10074126,7535819.272853209,0.0,33784150.43496011,52136272.80950687,0.2074621471362437
300.0,310.0,0.01,1.57,-20.0,20.0,10.0,1,0,0,0.0,0.0,,,10815946.31110179,7535570.694185427,0.0,33783145.55555839,52134662.5617979,0.2074617112613147
300.0,310.0,0.01,1.57,-20.0,20.0,20.0,1,0,0,0.0,0.0,,,10815589.52736626,7535322.119636442,0.0,33782140.69115415,52133052.33910915,0.2074612753731403
300.0,310.0,0.01,1.57,0.0,-20.0,0.0,0,0,0,0.0,0.0,,,10811176.76439299,7532248.022553975,0.0,33777463.09793579,52120887.88583505,0.2074250305956733
300.0,310.0,0.01,1.57,0.0,-20.0,10.0,0,0,0,0.0,0.0,,,10811533.47545185,7532496.546424464,0.0,33778467.89229041,52122497.91511902,0.2074254670806131
300.0,310.0,0.01,1.57,0.0,-20.0,20.0,0,0,0,0.0,0.0,,,10811890.19222094,7532745.074340719,0.0,33779472.70224774,52124107.96976169,0.2074259035472252
300.0,310.0,0.01,1.57,0.0,0.0,0.0,1,0,0,0.0,0.0,,,0.1510745914356657,0.1052364399661105,0.0,0.08168339713041843,0.338946723513439,0.4457178103675509
300.0,310.0,0.01,1.57,0.0,0.0,10.0,1,0,0,0.0,0.0,,,0.1118499944613997,0.07791090412127498,0.0,0.03974437026415167,0.2304575638280188,0.4853387869051191
300.0,310.0,0.01,1.57,0.0,0.0,20.0,1,0,0,0.0,0.0,,,0.07851007538819695,0.0546852783542004,0.0,0.01275018760984315,0.1468978363334993,0.5344535858918781
300.0,310.0,0.01,1.57,0.0,20.0,0.0,1,0,0,0.0,0.0,,,10816289.38432361,7535809.71649409,0.0,33784107.58954668,52136206.69131668,0.2074621471478298
300.0,310.0,0.01,1.57,0.0,20.0,10.0,1,0,0,0.0,0.0,,,10815932.59498205,7535561.138042372,0.0,33783102.7108611,52134596.44483782,0.2074617112731676
300.0,310.0,0.01,1.57,0.0,20.0,20.0,1,0,0,0.0,0.0,,,10815575.81157077,7535312.563645971,0.0,33782097.84638345,52132986.22255249,0.207461275389055
300.0,310.0,0.01,1.57,20.0,-20.0,0.0,0,0,0,0.0,0.0,,,10811190.47764265,7532257.576630008,0.0,33777505.93839895,52120953.9936239,0.2074250306117807
300.0,310.0,0.01,1.57,20.0,-20.0,10.0,0,0,0,0.0,0.0,,,10811547.18880586,7532506.100643516,0.0,33778510.73407495,52122564.02447662,0.2074254670919255
300.0,310.0,0.01,1.57,20.0,-20.0,20.0,0,0,0,0.0,0.0,,,10811903.90595175,7532754.628752055,0.0,33779515.54398529,52124174.07964139,0.2074259035631348
300.0,310.0,0.01,1.57,20.0,0.0,0.0,1,0,0,0.0,0.0,,,0.1494578901632036,0.1041101693194509,0.0,0.0795902236043523,0.334110578068192,0.4473306143952714
300.0,310.0,0.01,1.57,20.0,0.0,10.0,1,0,0,0.0,0.0,,,0.1104595215267068,0.07694224887225522,0.0,0.03828840061193658,0.2266424659920911,0.4873734542341302
300.0,310.0,0.01,1.57,20.0,0.0,20.0,1,0,0,0.0,0.0,,,0.07734583079386306,0.05387423850312844,0.0,0.01193142182956955,0.1441037861077608,0.5367369788329077
300.0,310.0,0.01,1.57,20.0,20.0,0.0,1,0,0,0.0,0.0,,,10816275.66793855,7535800.160160563,0.0,33784064.74418668,52136140.57323809,0.2074621471595968
300.0,310.0,0.01,1.57,20.0,20.0,10.0,1,0,0,0.0,0.0,,,10815918.87879926,7535551.581847,0.0,33783059.86611199,52134530.32771054,0.2074617112844764
300.0,310.0,0.01,1.57,20.0,20.0,20.0,1,0,0,0.0,0.0,,,10815562.09564291,7535303.00762837,0.0,33782055.00227155,52132920.10649513,0.2074612754004437
300.0,310.0,0.01,1.59,-20.0,-20.0,0.0,0,0,0,,,,,,,,,,
300.0,310.0,0.01,1.59,-20.0,-20.0,10.0,0,0,0,,,,,,,,,,
300.0,310.0,0.01,1.59,-20.0,-20.0,20.0,0,0,0,,,,,,,,,,
300.0,310.0,0.01,1.59,-20.0,0.0,0.0,0,0,0,,,,,,,,,,
300.0,310.0,0.01,1.59,-20.0,0.0,10.0,0,0,0,,,,,,,,,,
300.0,310.0,0.01,1.59,-20.0,0.0,20.0,0,0,0,,,,,,,,,,
300.0,310.0,0.01,1.59,-20.0,20.0,0.0,0,0,0,,,,,,,,,,
300.0,310.0,0.01,1.59,-20.0,20.0,10.0,0,0,0,,,,,,,,,,
300.0,310.0,0.01,1.59,-20.0,20.0,20.0,0,0,0,,,,,,,,,,
300.0,310.0,0.01,1.59,0.0,-20.0,0.0,0,0,0,,,,,,,,,,
300.0,310.0,0.01,1.59,0.0,-20.0,10.0,0,0,0,,,,,,,,,,
300.0,310.0,0.01,1.59,0.0,-20.0,20.0,0,0,0,,,,,,,,,,
300.0,310.0,0.01,1.59,0.0,0.0,0.0,0,0,0,,,,,,,,,,
300.0,310.0,0.01,1.59,0.0,0.0,10.0,0,0,0,,,,,,,,,,
300.0,310.0,0.01,1.59,0.0,0.0,20.0,0,0,0,,,,,,,,,,
300.0,310.0,0.01,1.59,0.0,20.0,0.0,0,0,0,,,,,,,,,,
300.0,310.0,0.01,1.59,0.0,20.0,10.0,0,0,0,,,,,,,,,,
300.0,310.0,0.01,1.59,0.0,20.0,20.0,0,0,0,,,,,,,,,,
300.0,310.0,0.01,1.59,20.0,-20.0,0.0,0,0,0,,,,,,,,,,
300.0,310.0,0.01,1.59,20.0,-20.0,10.0,0,0,0,,,,,,,,,,
300.0,310.0,0.01,1.59,20.0,-20.0,20.0,0,0,0,,,,,,,,,,
300.0,310.0,0.01,1.59,20.0,0.0,0.0,0,0,0,,,,,,,,,,
300.0,310.0,0.01,1.59,20.0,0.0,10.0,0,0,0,,,,,,,,,,
300.0,310.0,0.01,1.59,20.0,0.0,20.0,0,0,0,,,,,,,,,,
300.0,310.0,0.01,1.59,20.0,20.0,0.0,0,0,0,,,,,,,,,,
300.0,310.0,0.01,1.59,20.0,20.0,10.0,0,0,0,,,,,,,,,,
300.0,310.0,0.01,1.59,20.0,20.0,20.0,0,0,0,,,,,,,,,,
300.0,320.0,0.001,1.55,-20.0,-20.0,0.0,0,0,0,0.0,0.0,,,19.95699558712169,13.89288227939336,0.0,1204.902900077452,1238.756658859329,0.0161105051943765
300.0,320.0,0.001,1.55,-20.0,-20.0,10.0,0,0,0,0.0,0.0,,,19.95765658923738,13.89334242285867,0.0,1204.892071961528,1238.746951888986,0.01611116504367871
300.0,320.0,0.001,1.55,-20.0,-20.0,20.0,0,0,0,0.0,0.0,,,19.95831760230232,13.89380257394646,0.0,1204.881243894291,1238.737244985902,0.01611182491128655
300.0,320.0,0.001,1.55,-20.0,0.0,0.0,1,0,0,0.0,0.0,,,0.0002443508894316149,0.0001687579824425509,0.0,0.0002970186635736786,0.004591042897325728,0.05322339496630466
300.0,320.0,0.001,1.55,-20.0,0.0,10.0,1,0,0,0.0,0.0,,,0.0002420436736374988,0.0001671590679959363,0.0,0.0003024191204167074,0.004592537223928037,0.05270369336940871
300.0,320.0,0.001,1.55,-20.0,0.0,20.0,1,0,0,0.0,0.0,,,0.0002397474042947716,0.0001655677735846188,0.0,0.000307868232060487,0.004594098771818132,0.05218594901909143
300.0,320.0,0.001,1.55,-20.0,20.0,0.0,0,0,0,0.0,0.0,,,20.23727421915731,14.08711912512695,0.0,1207.297006534536,1241.625280794182,0.01629901914224308
300.0,320.0,0.001,1.55,-20.0,20.0,10.0,0,0,0,0.0,0.0,,,20.23660860260578,14.0866557838295,0.0,1207.307845451319,1241.634990753116,0.01629835559831575
300.0,320.0,0.001,1.55,-20.0,20.0,20.0,0,0,0,0.0,0.0,,,20.23594299700479,14.08619245015494,0.0,1207.318684416816,1241.644700779338,0.01629769207270275
300.0,320.0,0.001,1.55,0.0,-20.0,0.0,0,0,0,0.0,0.0,,,19.97432703181384,13.90494721959349,0.0,1205.946154156676,1239.829309323445,0.01611054592886944
300.0,320.0,0.001,1.55,0.0,-20.0,10.0,0,0,0,0.0,0.0,,,19.97498832088807,13.90540756281652,0.0,1205.935321354075,1239.819598153142,0.01611120549364052
300.0,320.0,0.001,1.55,0.0,-20.0,20.0,0,0,0,0.0,0.0,,,19.97564962090714,13.90586791365829,0.0,1205.924488600099,1239.809887050026,0.01611186507669875
300.0,320.0,0.001,1.55,0.0,0.0,0.0,1,0,0,0.0,0.0,,,0.0001874861437869579,0.0001293616337822518,0.0,4.884423020820814e-06,0.004202647562467915,0.04461143624350473
300.0,320.0,0.001,1.55,0.0,0.0,10.0,1,0,0,0.0,0.0,,,0.0001854658835272024,0.0001279624746007973,0.0,5.598171379395284e-06,0.004199941891385285,0.04415915465583487
300.0,320.0,0.001,1.55,0.0,0.0,20.0,1,0,0,0.0,0.0,,,0.0001834565697188392,0.0001265709354546403,0.0,6.360574538709294e-06,0.004197303441590088,0.04370819795895895
300.0,320.0,0.001,1.55,0.0,20.0,0.0,0,0,0,0.0,0.0,,,20.21982904496944,14.07497539222611,0.0,1206.253168186797,1240.551853539354,0.01629905996051781
300.0,320.0,0.001,1.55,0.0,20.0,10.0,0,0,0,0.0,0.0,,,20.21916371537725,14.07451225068732,0.0,1206.264002417005,1240.561559298432,0.01629839612861428
300.0,320.0,0.001,1.55,0.0,20.0,20.0,0,0,0,0.0,0.0,,,20.21849839673055,14.07404911676705,0.0,1206.274836695765,1240.571265124624,0.01629773231503912
300.0,320.0,0.001,1.55,20.0,-20.0,0.0,0,0,0,0.0,0.0,,,19.99166599889921,13.91701739627634,0.0,1206.98985968648,1240.902423997017,0.01611058662816123
300.0,320.0,0.001,1.55,20.0,-20.0,10.0,0,0,0,0.0,0.0,,,19.99232757492613,13.91747793925226,0.0,1206.979022197112,1240.892708626652,0.01611124590864304
300.0,320.0,0.001,1.55,20.0,-20.0,20.0,0,0,0,0.0,0.0,,,19.99298916190064,13.91793848984948,0.0,1206.968184756456,1240.882993323568,0.01611190520739721
300.0,320.0,0.001,1.55,20.0,0.0,0.0,1,0,0,0.0,0.0,,,0.0001381437883442493,9.520176558498042e-05,0.0,0.0001642007296775941,0.004278461645484356,0.03228819136197032
300.0,320.0,0.001,1.55,20.0,0.0,10.0,1,0,0,0.0,0.0,,,0.0001364104836188544,9.4002361668688e-05,0.0,0.0001602277695517127,0.004271555976716792,0.03193461220276512
300.0,320.0,0.001,1.55,20.0,0.0,20.0,1,0,0,0.0,0.0,,,0.0001346881253448495,9.28105777876924e-05,0.0,0.000156303464226578,0.004264717529237018,0.03158195693419018
300.0,320.0,0.001,1.55,20.0,20.0,0.0,0,0,0,0.0,0.0,,,20.20239139317689,14.06283689581031,0.0,1205.209781289769,1239.478890494118,0.016299100814152
300.0,320.0,0.001,1.55,20.0,20.0,10.0,0,0,0,0.0,0.0,,,20.20172635053845,14.06237395402426,0.0,1205.220610833065,1239.48859205299,0.01629843669402227
300.0,320.0,0.001,1.55,20.0,20.0,20.0,0,0,0,0.0,0.0,,,20.20106131884704,14.06191101985944,0.0,1205.231440425147,1239.498293679216,0.01629777259223489
300.0,320.0,0.001,1.57,-20.0,-20.0,0.0,0,0,0,0.0,0.0,,,9347312.25132094,6506843.816501546,0.0,25891.83671245938,15880047.90456131,0.5886199026286352
300.0,320.0,0.001,1.57,-20.0,-20.0,10.0,0,0,0,0.0,0.0,,,9347620.658378066,6507058.504527812,0.0,25892.18601330253,15880571.34894555,0.5886199213480275
300.0,320.0,0.001,1.57,-20.0,-20.0,20.0,0,0,0,0.0,0.0,,,9347929.070430562,6507273.196158676,0.0,25892.53531759246,15881094.8019332,0.5886199400618555
300.0,320.0,0.001,1.57,-20.0,0.0,0.0,1,0,0,0.0,0.0,,,0.1320622566293597,0.09192816936182696,0.0,2.359750890248684e-05,0.2240403872118662,0.5894573664723836
300.0,320.0,0.001,1.57,-20.0,0.0,10.0,1,0,0,0.0,0.0,,,0.09794830333561598,0.06818119412253089,0.0,1.423049543295831e-05,0.1661700916653554,0.5894460450372195
300.0,320.0,0.001,1.57,-20.0,0.0,20.0,1,0,0,0.0,0.0,,,0.06892208635125387,0.04797588995847658,0.0,7.219641503517845e-06,0.1169315596630114,0.5894224497636269
300.0,320.0,0.001,1.57,-20.0,20.0,0.0,1,0,0,0.0,0.0,,,9351756.970715063,6509937.822138673,0.0,25894.96342199572,15887589.75630209,0.588620244742002
300.0,320.0,0.001,1.57,-20.0,20.0,10.0,1,0,0,0.0,0.0,,,9351448.495507583,6509723.086558952,0.0,25894.6141014448,15887066.19619435,0.5886202260394476
300.0,320.0,0.001,1.57,-20.0,20.0,20.0,1,0,0,0.0,0.0,,,9351140.025295345,6509508.354583587,0.0,25894.26478434078,15886542.64468964,0.5886202073313372
300.0,320.0,0.001,1.57,0.0,-20.0,0.0,0,0,0,0.0,0.0,,,9347324.107749168,6506852.069925727,0.0,25891.8695508401,15880068.0472521,0.5886199026311248
300.0,320.0,0.001,1.57,0.0,-20.0,10.0,0,0,0,0.0,0.0,,,9347632.515019797,6507066.75810541,0.0,25892.21885194513,15880591.49200352,0.5886199213503279
300.0,320.0,0.001,1.57,0.0,-20.0,20.0,0,0,0,0.0,0.0,,,9347940.9273141,6507281.449840935,0.0,25892.56815591126,15881114.94533731,0.5886199400665287
300.0,320.0,0.001,1.57,0.0,0.0,0.0,1,0,0,0.0,0.0,,,0.1306567366786981,0.0909497754137077,0.0,2.261654070166283e-05,0.2216554923448828,0.5894586021599858
300.0,320.0,0.001,1.57,0.0,0.0,10.0,1,0,0,0.0,0.0,,,0.09673837720564223,0.06733895679417805,0.0,1.347103794138464e-05,0.1641171687495356,0.5894470270400394
300.0,320.0,0.001,1.57,0.0,0.0,20.0,1,0,0,0.0,0.0,,,0.06790775404202046,0.04726980924987742,0.0,6.681694721117008e-06,0.1152106086983948,0.5894227520296628
300.0,320.0,0.001,1.57,0.0,20.0,0.0,1,0,0,0.0,0.0,,,9351745.111567868,6509929.566758429,0.0,25894.93058110774,15887569.60893377,0.5886202447421077
300.0,320.0,0.001,1.57,0.0,20.0,10.0,1,0,0,0.0,0.0,,,9351436.636573853,6509714.831331988,0.0,25894.58126081871,15887046.04919302,0.5886202260393684
300.0,320.0,0.001,1.57,0.0,20.0,20.0,1,0,0,0.0,0.0,,,9351128.166536856,6509500.099476245,0.0,25894.23194391601,15886522.49798338,0.5886202073313325
300.0,320.0,0.001,1.57,20.0,-20.0,0.0,0,0,0,0.0,0.0,,,9347335.964136183,6506860.323387173,0.0,25891.90238980717,15880088.18993953,0.5886199026311439
300.0,320.0,0.001,1.57,20.0,-20.0,10.0,0,0,0,0.0,0.0,,,9347644.371648664,6507075.011671666,0.0,25892.25169058842,15880611.63503728,0.5886199213527155
300.0,320.0,0.001,1.57,20.0,-20.0,20.0,0,0,0,0.0,0.0,,,9347952.784071906,6507289.703558047,0.0,25892.60099530115,15881135.08865162,0.5886199400666133
300.0,320.0,0.001,1.57,20.0,0.0,0.0,1,0,0,0.0,0.0,,,0.1292587361700172,0.0899766158946018,0.0,2.165639748935404e-05,0.2192833721738838,0.5894598158018098
300.0,320.0,0.001,1.57,20.0,0.0,10.0,1,0,0,0.0,0.0,,,0.0955359705185735,0.0665019538946332,0.0,1.273240543787766e-05,0.1620770205304169,0.589447968662802
300.0,320.0,0.001,1.57,20.0,0.0,20.0,1,0,0,0.0,0.0,,,0.06690094117521693,0.0465689629701922,0.0,6.16457292689933e-06,0.1135024324301118,0.5894229730839524
300.0,320.0,0.001,1.57,20.0,20.0,0.0,1,0,0,0.0,0.0,,,9351733.252405247,6509921.311367305,0.0,25894.89774024059,15887549.46153916,0.5886202447422164
300.0,320.0,0.001,1.57,20.0,20.0,10.0,1,0,0,0.0,0.0,,,9351424.77758642,6509706.576060393,0.0,25894.54842015291,15887025.90209333,0.5886202260395537
300.0,320.0,0.001,1.57,20.0,20.0,20.0,1,0,0,0.0,0.0,,,9351116.307744965,6509491.844340749,0.0,25894.19910347168,15886502.35121555,0.5886202073315067
300.0,320.0,0.001,1.59,-20.0,-20.0,0.0,0,0,0,,,,,,,,,,
300.0,320.0,0.001,1.59,-20.0,-20.0,10.0,0,0,0,,,,,,,,,,
300.0,320.0,0.001,1.59,-20.0,-20.0,20.0,0,0,0,,,,,,,,,,
300.0,320.0,0.001,1.59,-20.0,0.0,0.0,0,0,0,,,,,,,,,,
300.0,320.0,0.001,1.59,-20.0,0.0,10.0,0,0,0,,,,,,,,,,
300.0,320.0,0.001,1.59,-20.0,0.0,20.0,0,0,0,,,,,,,,,,
300.0,320.0,0.001,1.59,-20.0,20.0,0.0,0,0,0,,,,,,,,,,
300.0,320.0,0.001,1.59,-20.0,20.0,10.0,0,0,0,,,,,,,,,,
300.0,320.0,0.001,1.59,-20.0,20.0,20.0,0,0,0,,,,,,,,,,
300.0,320.0,0.001,1.59,0.0,-20.0,0.0,0,0,0,,,,,,,,,,
300.0,320.0,0.001,1.59,0.0,-20.0,10.0,0,0,0,,,,,,,,,,
300.0,320.0,0.001,1.59,0.0,-20.0,20.0,0,0,0,,,,,,,,,,
300.0,320.0,0.001,1.59,0.0,0.0,0.0,0,0,0,,,,,,,,,,
300.0,320.0,0.001,1.59,0.0,0.0,10.0,0,0,0,,,,,,,,,,
300.0,320.0,0.001,1.59,0.0,0.0,20.0,0,0,0,,,,,,,,,,
300.0,320.0,0.001,1.59,0.0,20.0,0.0,0,0,0,,,,,,,,,,
300.0,320.0,0.001,1.59,0.0,20.0,10.0,0,0,0,,,,,,,,,,
300.0,320.0,0.001,1.59,0.0,20.0,20.0,0,0,0,,,,,,,,,,
300.0,320.0,0.001,1.59,20.0,-20.0,0.0,0,0,0,,,,,,,,,,
300.0,320.0,0.001,1.59,20.0,-20.0,10.0,0,0,0,,,,,,,,,,
300.0,320.0,0.001,1.59,20.0,-20.0,20.0,0,0,0,,,,,,,,,,
300.0,320.0,0.001,1.59,20.0,0.0,0.0,0,0,0,,,,,,,,,,
300.0,320.0,0.001,1.59,20.0,0.0,10.0,0,0,0,,,,,,,,,,
300.0,320.0,0.001,1.59,20.0,0.0,20.0,0,0,0,,,,,,,,,,
300.0,320.0,0.001,1.59,20.0,20.0,0.0,0,0,0,,,,,,,,,,
300.0,320.0,0.001,1.59,20.0,20.0,10.0,0,0,0,,,,,,,,,,
300.0,320.0,0.001,1.59,20.0,20.0,20.0,0,0,0,,,,,,,,,,
300.0,320.0,0.0055000000000000005,1.55,-20.0,-20.0,0.0,0,0,0,0.0,0.0,,,19.95293348676537,13.89014412919057,0.0,2550.619212960695,2584.467938989024,0.007720325404605499
300.0,320.0,0.0055000000000000005,1.55,-20.0,-20.0,10.0,0,0,0,0.0,0.0,,,19.95359447380192,13.89060426364174,0.0,2550.614629040706,2584.464476190523,0.007720591502659514
300.0,320.0,0.0055000000000000005,1.55,-20.0,-20.0,20.0,0,0,0,0.0,0.0,,,19.95425547178874,13.89106440571662,0.0,2550.6100451252,2584.461013415078,0.007720857605594678
300.0,320.0,0.0055000000000000005,1.55,-20.0,0.0,0.0,1,0,0,0.0,0.0,,,0.0002434198807981759,0.000167881364326277,0.0,0.001334326873470522,0.007394040491951283,0.03292109112239085
300.0,320.0,0.0055000000000000005,1.55,-20.0,0.0,10.0,1,0,0,0.0,0.0,,,0.0002411169950654927,0.0001662869474349087,0.0,0.001337644406006025,0.007393460721862739,0.03261219666082769
300.0,320.0,0.0055000000000000005,1.55,-20.0,0.0,20.0,1,0,0,0.0,0.0,,,0.000238825057513148,0.00016470015178239,0.0,0.001340966057607656,0.007392903640259523,0.03230463551730591
300.0,320.0,0.0055000000000000005,1.55,-20.0,20.0,0.0,0,0,0,0.0,0.0,,,20.23263509223062,14.08379972665778,0.0,2558.003829104749,2592.325912336011,0.007804819215033992
300.0,320.0,0.0055000000000000005,1.55,-20.0,20.0,10.0,0,0,0,0.0,0.0,,,20.23196949941905,14.08333640336936,0.0,2558.008419659394,2592.329373974556,0.007804552038230938
300.0,320.0,0.0055000000000000005,1.55,-20.0,20.0,20.0,0,0,0,0.0,0.0,,,20.23130391756153,14.08287308770664,0.0,2558.013010218338,2592.33283563598,0.007804284866298105
300.0,320.0,0.0055000000000000005,1.55,0.0,-20.0,0.0,0,0,0,0.0,0.0,,,19.97026129200932,13.90220657474194,0.0,2552.828143818453,2586.706260097577,0.007720343666410731
300.0,320.0,0.0055000000000000005,1.55,0.0,-20.0,10.0,0,0,0,0.0,0.0,,,19.9709225659951,13.90266690894503,0.0,2552.823557914331,2586.702795801644,0.007720609649631558
300.0,320.0,0.0055000000000000005,1.55,0.0,-20.0,20.0,0,0,0,0.0,0.0,,,19.97158385092776,13.90312725076816,0.0,2552.818972014273,2586.699331528342,0.007720875637729268
300.0,320.0,0.0055000000000000005,1.55,0.0,0.0,0.0,1,0,0,0.0,0.0,,,0.0001866791353878399,0.0001286101764543344,0.0,0.0002150373677253552,0.006178739052923829,0.03021314442782656
300.0,320.0,0.0055000000000000005,1.55,0.0,0.0,10.0,1,0,0,0.0,0.0,,,0.000184663196792517,0.000127215508982813,0.0,0.0002163704066989172,0.006176661485830559,0.02989692687807802
300.0,320.0,0.0055000000000000005,1.55,0.0,0.0,20.0,1,0,0,0.0,0.0,,,0.0001826582063775327,0.0001258284627501421,0.0,0.0002177075647385944,0.006174606607222596,0.02958216093700167
300.0,320.0,0.0055000000000000005,1.55,0.0,20.0,0.0,0,0,0,0.0,0.0,,,20.21519380549368,14.07165873872821,0.0,2555.792659667682,2590.085160624277,0.007804837506046053
300.0,320.0,0.0055000000000000005,1.55,0.0,20.0,10.0,0,0,0,0.0,0.0,,,20.21452849963355,14.07119561519258,0.0,2555.797248237953,2590.088620765152,0.007804570213378207
300.0,320.0,0.0055000000000000005,1.55,0.0,20.0,20.0,0,0,0,0.0,0.0,,,20.21386320471987,14.07073249927704,0.0,2555.801836812396,2590.092080928766,0.007804302925582282
300.0,320.0,0.0055000000000000005,1.55,20.0,-20.0,0.0,0,0,0,0.0,0.0,,,19.98759661801889,13.91427425564404,0.0,2555.03803077071,2588.945550056746,0.007720361912432182
300.0,320.0,0.0055000000000000005,1.55,20.0,-20.0,10.0,0,0,0,0.0,0.0,,,19.98825817894906,13.91473478959426,0.0,2555.033442881973,2588.94208426289,0.007720627780918481
300.0,320.0,0.0055000000000000005,1.55,20.0,-20.0,20.0,0,0,0,0.0,0.0,,,19.98891975082865,13.91519533116685,0.0,2555.028854997481,2588.938618491849,0.007720893654277877
300.0,320.0,0.0055000000000000005,1.55,20.0,0.0,0.0,1,0,0,0.0,0.0,,,0.0001374591520663891,9.457433568461073e-05,0.0,5.184193390876915e-05,0.005932287795015561,0.02317135594498388
300.0,320.0,0.0055000000000000005,1.55,20.0,0.0,10.0,1,0,0,0.0,0.0,,,0.0001357301606084245,9.337941763293744e-05,0.0,5.119047932039101e-05,0.005928712430917553,0.02289369946509926
300.0,320.0,0.0055000000000000005,1.55,20.0,0.0,20.0,1,0,0,0.0,0.0,,,0.0001340121173307995,9.21921208201126e-05,0.0,5.054314379812865e-05,0.005925159755304854,0.02261746904137347
300.0,320.0,0.0055000000000000005,1.55,20.0,20.0,0.0,0,0,0,0.0,0.0,,,20.19776003952144,14.05952298614813,0.0,2553.582446324743,2587.845377762786,0.007804855812901224
300.0,320.0,0.0055000000000000005,1.55,20.0,20.0,10.0,0,0,0,0.0,0.0,,,20.1970950206055,14.05906006235947,0.0,2553.587032910513,2587.848836405851,0.007804588404265666
300.0,320.0,0.0055000000000000005,1.55,20.0,20.0,20.0,0,0,0,0.0,0.0,,,20.19643001263946,14.05859714619348,0.0,2553.591619500298,2587.852295071505,0.007804321000508034
300.0,320.0,0.0055000000000000005,1.57,-20.0,-20.0,0.0,0,0,0,0.0,0.0,,,9346972.030748842,6506607.043583375,0.0,3907774.911373379,19761353.98602949,0.4729924901581535
300.0,320.0,0.0055000000000000005,1.57,-20.0,-20.0,10.0,0,0,0,0.0,0.0,,,9347280.428721469,6506821.72534788,0.0,3907882.095280911,19761984.24967416,0.4729930107537451
300.0,320.0,0.0055000000000000005,1.57,-20.0,-20.0,20.0,0,0,0,0.0,0.0,,,9347588.83188925,6507036.410672605,0.0,3907989.280585235,19762614.52347099,0.4729935313360297
300.0,320.0,0.0055000000000000005,1.57,-20.0,0.0,0.0,1,0,0,0.0,0.0,,,0.1320365257070007,0.09190298733209143,0.0,0.0086363442730946,0.2328997529572027,0.5669242840771219
300.0,320.0,0.0055000000000000005,1.57,-20.0,0.0,10.0,1,0,0,0.0,0.0,,,0.09792649281703618,0.06815975221615062,0.0,0.004332508027171383,0.1707426487053766,0.5735327029277396
300.0,320.0,0.0055000000000000005,1.57,-20.0,0.0,20.0,1,0,0,0.0,0.0,,,0.06890408388596557,0.04795810996476856,0.0,0.001498591557284417,0.1186846810530395,0.5805642587957307
300.0,320.0,0.0055000000000000005,1.57,-20.0,20.0,0.0,1,0,0,0.0,0.0,,,9351416.236155728,6509700.568838689,0.0,3908509.780675456,19769626.58599377,0.4730193661210043
300.0,320.0,0.0055000000000000005,1.57,-20.0,20.0,10.0,1,0,0,0.0,0.0,,,9351107.769907314,6509485.839557583,0.0,3908402.588171802,19768996.1979606,0.4730188460895142
300.0,320.0,0.0055000000000000005,1.57,-20.0,20.0,20.0,1,0,0,0.0,0.0,,,9350799.308787437,6509271.113851509,0.0,3908295.397144157,19768365.820107,0.4730183260407118
300.0,320.0,0.0055000000000000005,1.57,0.0,-20.0,0.0,0,0,0,0.0,0.0,,,9346983.886745516,6506615.296707203,0.0,3907779.867652125,19761379.05142874,0.4729924901708584
300.0,320.0,0.0055000000000000005,1.57,0.0,-20.0,10.0,0,0,0,0.0,0.0,,,9347292.284951935,6506829.978641795,0.0,3907887.051636766,19762009.31555439,0.4729930107661075
300.0,320.0,0.0055000000000000005,1.57,0.0,-20.0,20.0,0,0,0,0.0,0.0,,,9347600.688261617,6507044.664093325,0.0,3907994.237045622,19762639.58972446,0.4729935313459787
300.0,320.0,0.0055000000000000005,1.57,0.0,0.0,0.0,1,0,0,0.0,0.0,,,0.1306311685949922,0.09092474560784715,0.0,0.008404912054966894,0.2302847219028021,0.5672593801082845
300.0,320.0,0.0055000000000000005,1.57,0.0,0.0,10.0,1,0,0,0.0,0.0,,,0.0967167238046572,0.06731766312912332,0.0,0.004169047776853839,0.1685273303556327,0.5738934070845478
300.0,320.0,0.0055000000000000005,1.57,0.0,0.0,20.0,1,0,0,0.0,0.0,,,0.06788990297325223,0.04725217351495162,0.0,0.001403103274747584,0.1168690754079523,0.5809056222638065
300.0,320.0,0.0055000000000000005,1.57,0.0,20.0,0.0,1,0,0,0.0,0.0,,,9351404.377420103,6509692.313742458,0.0,3908504.823848533,19769601.51533499,0.4730193661296792
300.0,320.0,0.0055000000000000005,1.57,0.0,20.0,10.0,1,0,0,0.0,0.0,,,9351095.911385095,6509477.584614851,0.0,3908397.631418945,19768971.12774279,0.4730188460977735
300.0,320.0,0.0055000000000000005,1.57,0.0,20.0,20.0,1,0,0,0.0,0.0,,,9350787.450440457,6509262.859028208,0.0,3908290.440456229,19768340.75024879,0.473018326048572
300.0,320.0,0.0055000000000000005,1.57,20.0,-20.0,0.0,0,0,0,0.0,0.0,,,9346995.742680479,6506623.549851554,0.0,3907784.824016276,19761404.11687221,0.4729924901793822
300.0,320.0,0.0055000000000000005,1.57,20.0,-20.0,10.0,0,0,0,0.0,0.0,,,9347304.141095435,6506838.231898229,0.0,3907892.008026227,19762034.38134379,0.4729930107762434
300.0,320.0,0.0055000000000000005,1.57,20.0,-20.0,20.0,0,0,0,0.0,0.0,,,9347612.544567358,6507052.917493306,0.0,3907999.19354267,19762664.65592723,0.47299353135377
300.0,320.0,0.0055000000000000005,1.57,20.0,0.0,0.0,1,0,0,0.0,0.0,,,0.1292333306511327,0.08995173812199637,0.0,0.008176622993852856,0.2276855874119778,0.5675955694872155
300.0,320.0,0.0055000000000000005,1.57,20.0,0.0,10.0,1,0,0,0.0,0.0,,,0.0955144739610106,0.06648080828036058,0.0,0.004008730683422107,0.1663279085697816,0.5742540430064882
300.0,320.0,0.0055000000000000005,1.57,20.0,0.0,20.0,1,0,0,0.0,0.0,,,0.06688324122937583,0.04655147130337464,0.0,0.001310758149066458,0.1150693663268077,0.5812428047915135
300.0,320.0,0.0055000000000000005,1.57,20.0,20.0,0.0,1,0,0,0.0,0.0,,,9351392.518669065,6509684.058635442,0.0,3908499.867024761,19769576.44465316,0.473019366138126
300.0,320.0,0.0055000000000000005,1.57,20.0,20.0,10.0,1,0,0,0.0,0.0,,,9351084.052829698,6509469.329643922,0.0,3908392.674663142,19768946.05746066,0.4730188461058937
300.0,320.0,0.0055000000000000005,1.57,20.0,20.0,20.0,1,0,0,0.0,0.0,,,9350775.592100944,6509254.604210132,0.0,3908285.483771445,19768315.68040642,0.4730183260564311
300.0,320.0,0.0055000000000000005,1.59,-20.0,-20.0,0.0,0,0,0,,,,,,,,,,
300.0,320.0,0.0055000000000000005,1.59,-20.0,-20.0,10.0,0,0,0,,,,,,,,,,
300.0,320.0,0.0055000000000000005,1.59,-20.0,-20.0,20.0,0,0,0,,,,,,,,,,
300.0,320.0,0.0055000000000000005,1.59,-20.0,0.0,0.0,0,0,0,,,,,,,,,,
300.0,320.0,0.0055000000000000005,1.59,-20.0,0.0,10.0,0,0,0,,,,,,,,,,
300.0,320.0,0.0055000000000000005,1.59,-20.0,0.0,20.0,0,0,0,,,,,,,,,,
300.0,320.0,0.0055000000000000005,1.59,-20.0,20.0,0.0,0,0,0,,,,,,,,,,
300.0,320.0,0.0055000000000000005,1.59,-20.0,20.0,10.0,0,0,0,,,,,,,,,,
300.0,320.0,0.0055000000000000005,1.59,-20.0,20.0,20.0,0,0,0,,,,,,,,,,
300.0,320.0,0.0055000000000000005,1.59,0.0,-20.0,0.0,0,0,0,,,,,,,,,,
300.0,320.0,0.0055000000000000005,1.59,0.0,-20.0,10.0,0,0,0,,,,,,,,,,
300.0,320.0,0.0055000000000000005,1.59,0.0,-20.0,20.0,0,0,0,,,,,,,,,,
300.0,320.0,0.0055000000000000005,1.59,0.0,0.0,0.0,0,0,0,,,,,,,,,,
300.0,320.0,0.0055000000000000005,1.59,0.0,0.0,10.0,0,0,0,,,,,,,,,,
300.0,320.0,0.0055000000000000005,1.59,0.0,0.0,20.0,0,0,0,,,,,,,,,,
300.0,320.0,0.0055000000000000005,1.59,0.0,20.0,0.0,0,0,0,,,,,,,,,,
300.0,320.0,0.0055000000000000005,1.59,0.0,20.0,10.0,0,0,0,,,,,,,,,,
300.0,320.0,0.0055000000000000005,1.59,0.0,20.0,20.0,0,0,0,,,,,,,,,,
300.0,320.0,0.0055000000000000005,1.59,20.0,-20.0,0.0,0,0,0,,,,,,,,,,
300.0,320.0,0.0055000000000000005,1.59,20.0,-20.0,10.0,0,0,0,,,,,,,,,,
300.0,320.0,0.0055000000000000005,1.59,20.0,-20.0,20.0,0,0,0,,,,,,,,,,
300.0,320.0,0.0055000000000000005,1.59,20.0,0.0,0.0,0,0,0,,,,,,,,,,
300.0,320.0,0.0055000000000000005,1.59,20.0,0.0,10.0,0,0,0,,,,,,,,,,
300.0,320.0,0.0055000000000000005,1.59,20.0,0.0,20.0,0,0,0,,,,,,,,,,
300.0,320.0,0.0055000000000000005,1.59,20.0,20.0,0.0,0,0,0,,,,,,,,,,
300.0,320.0,0.0055000000000000005,1.59,20.0,20.0,10.0,0,0,0,,,,,,,,,,
300.0,320.0,0.0055000000000000005,1.59,20.0,20.0,20.0,0,0,0,,,,,,,,,,
300.0,320.0,0.01,1.55,-20.0,-20.0,0.0,0,0,0,0.0,0.0,,,19.94806380182458,13.88684377777392,0.0,4794.414201535582,4828.256855460685,0.004131524978681204
300.0,320.0,0.01,1.55,-20.0,-20.0,10.0,0,0,0,0.0,0.0,,,19.94872474700039,13.88730388456901,0.0,4794.429995564646,4828.27377054172,0.004131647395123204
300.0,320.0,0.01,1.55,-20.0,-20.0,20.0,0,0,0,0.0,0.0,,,19.94938570312846,13.8877639989884,0.0,4794.445789619841,4828.290685667463,0.004131769812937569
300.0,320.0,0.01,1.55,-20.0,0.0,0.0,1,0,0,0.0,0.0,,,0.0002424848611225485,0.0001670184263085363,0.0,0.003745827522488879,0.01190167631479602,0.0203740090646806
300.0,320.0,0.01,1.55,-20.0,0.0,10.0,1,0,0,0.0,0.0,,,0.0002401863993419853,0.0001654285721846811,0.0,0.003731880103278493,0.01188384057968194,0.02021117649058985
300.0,320.0,0.01,1.55,-20.0,0.0,20.0,1,0,0,0.0,0.0,,,0.0002378988870274157,0.0001638463401946429,0.0,0.003717958698814936,0.0118660494309138,0.02004870183733047
300.0,320.0,0.01,1.55,-20.0,20.0,0.0,0,0,0,0.0,0.0,,,20.22717718296417,14.07991041705756,0.0,4811.380431958797,4845.695265904324,0.004174256958601644
300.0,320.0,0.01,1.55,-20.0,20.0,10.0,0,0,0,0.0,0.0,,,20.22651164086043,14.0794471305511,0.0,4811.36461003468,4845.678315151596,0.0041741342130813
300.0,320.0,0.01,1.55,-20.0,20.0,20.0,0,0,0,0.0,0.0,,,20.22584610971161,14.07898385167126,0.0,4811.348788137219,4845.661364444107,0.004174011468923998
300.0,320.0,0.01,1.55,0.0,-20.0,0.0,0,0,0,0.0,0.0,,,19.96538726630718,13.89890324046136,0.0,4798.567008682078,4832.439045534352,0.004131534216609966
300.0,320.0,0.01,1.55,0.0,-20.0,10.0,0,0,0,0.0,0.0,,,19.96604849841211,13.89936354699418,0.0,4798.582809550545,4832.455967941456,0.00413165658018759
300.0,320.0,0.01,1.55,0.0,-20.0,20.0,0,0,0,0.0,0.0,,,19.96670974146608,13.89982386114808,0.0,4798.598610444338,4832.472890392457,0.004131778945136417
300.0,320.0,0.01,1.55,0.0,0.0,0.0,1,0,0,0.0,0.0,,,0.0001858703858985956,0.0001278739609843346,0.0,0.000974806988495156,0.009034896840254852,0.02057249675175623
300.0,320.0,0.01,1.55,0.0,0.0,10.0,1,0,0,0.0,0.0,,,0.0001838588512324364,0.0001264838423419599,0.0,0.0009676982886079299,0.009024386487059109,0.02037355686129893
300.0,320.0,0.01,1.55,0.0,0.0,20.0,1,0,0,0.0,0.0,,,0.0001818582660322673,0.0001251013458334022,0.0,0.0009606156034676817,0.009013920720210148,0.0201752679746253
300.0,320.0,0.01,1.55,0.0,20.0,0.0,0,0,0,0.0,0.0,,,20.20974048952881,14.06777266543722,0.0,4807.222082770664,4841.507342271135,0.004174266206947131
300.0,320.0,0.01,1.55,0.0,20.0,10.0,0,0,0,0.0,0.0,,,20.20907523435445,14.06730957866873,0.0,4807.206267685959,4841.490398844487,0.004174143408231839
300.0,320.0,0.01,1.55,0.0,20.0,20.0,0,0,0,0.0,0.0,,,20.20840999013107,14.06684649952158,0.0,4807.190452626124,4841.473455461281,0.004174020610881501
300.0,320.0,0.01,1.55,20.0,-20.0,0.0,0,0,0,0.0,0.0,,,19.98271824962222,13.91096793715456,0.0,4802.721613582661,4836.623046114943,0.004131543446552756
300.0,320.0,0.01,1.55,20.0,-20.0,10.0,0,0,0,0.0,0.0,,,19.98337976865232,13.9114284434203,0.0,4802.737421289044,4836.639975846621,0.004131665757312102
300.0,320.0,0.01,1.55,20.0,-20.0,20.0,0,0,0,0.0,0.0,,,19.98404129863271,13.91188895730835,0.0,4802.753229020995,4836.656905622441,0.004131788069441515
300.0,320.0,0.01,1.55,20.0,0.0,0.0,1,0,0,0.0,0.0,,,0.0001367747402723786,9.396349751810256e-05,0.0,1.539168780055429e-06,0.007978622911446595,0.01714265002750708
300.0,320.0,0.01,1.55,20.0,0.0,10.0,1,0,0,0.0,0.0,,,0.0001350501327206198,9.27731143572091e-05,0.0,1.26918821612256e-06,0.007975437940170025,0.01693325604609253
300.0,320.0,0.01,1.55,20.0,0.0,20.0,1,0,0,0.0,0.0,,,0.0001333364746348523,9.159035333013168e-05,0.0,1.025222399163024e-06,0.007972297555240232,0.01672497466520295
300.0,320.0,0.01,1.55,20.0,20.0,0.0,0,0,0,0.0,0.0,,,20.1923113149263,14.0556401478208,0.0,4803.065531335078,4837.32122914333,0.004174275463302709
300.0,320.0,0.01,1.55,20.0,20.0,10.0,0,0,0,0.0,0.0,,,20.19164634667762,14.05517726078646,0.0,4803.049723088974,4837.304293041943,0.004174152611346283
300.0,320.0,0.01,1.55,20.0,20.0,20.0,0,0,0,0.0,0.0,,,20.19098138938078,14.05471438137512,0.0,4803.033914868261,4837.287356984521,0.004174029760755722
300.0,320.0,0.01,1.57,-20.0,-20.0,0.0,0,0,0,0.0,0.0,,,9346253.275178174,6506106.765352464,0.0,33777420.25749995,49629780.29898288,0.1883194569646265
300.0,320.0,0.01,1.57,-20.0,-20.0,10.0,0,0,0,0.0,0.0,,,9346561.651709914,6506321.432131495,0.0,33778425.05116481,49631308.13595851,0.1883198731354456
300.0,320.0,0.01,1.57,-20.0,-20.0,20.0,0,0,0,0.0,0.0,,,9346870.033303114,6506536.102499901,0.0,33779429.86051124,49632835.99726655,0.1883202892902972
300.0,320.0,0.01,1.57,-20.0,0.0,0.0,1,0,0,0.0,0.0,,,0.1320054543657404,0.09187410490626324,0.0,0.08380373914150317,0.3086355933948103,0.4277065160040614
300.0,320.0,0.01,1.57,-20.0,0.0,10.0,1,0,0,0.0,0.0,,,0.09790072316404876,0.06813557135032901,0.0,0.04122750840213461,0.208216097897764,0.4701880601571877
300.0,320.0,0.01,1.57,-20.0,0.0,20.0,1,0,0,0.0,0.0,,,0.06888329752504341,0.04793840901854648,0.0,0.01359612187508392,0.1313701233999918,0.5243452296631373
300.0,320.0,0.01,1.57,-20.0,20.0,0.0,1,0,0,0.0,0.0,,,9350696.786594752,6509199.684931306,0.0,33784150.43496031,49644046.90743867,0.1883548455271813
300.0,320.0,0.01,1.57,-20.0,20.0,10.0,1,0,0,0.0,0.0,,,9350388.34186456,6508984.970630577,0.0,33783145.55555858,49642518.86900601,0.1883544299300738
300.0,320.0,0.01,1.57,-20.0,20.0,20.0,1,0,0,0.0,0.0,,,9350079.902262485,6508770.259904469,0.0,33782140.69115429,49640990.85427354,0.1883540143207586
300.0,320.0,0.01,1.57,0.0,-20.0,0.0,0,0,0,0.0,0.0,,,9346265.13026303,6506115.017841638,0.0,33777463.09793594,49629843.24699291,0.1883194569797342
300.0,320.0,0.01,1.57,0.0,-20.0,10.0,0,0,0,0.0,0.0,,,9346573.507008247,6506329.684773947,0.0,33778467.89229055,49631371.08502504,0.1883198731503174
300.0,320.0,0.01,1.57,0.0,-20.0,20.0,0,0,0,0.0,0.0,,,9346881.888776587,6506544.355261873,0.0,33779472.70224788,49632898.94723864,0.1883202893047336
300.0,320.0,0.01,1.57,0.0,0.0,0.0,1,0,0,0.0,0.0,,,0.13060031700041,0.09089605501623077,0.0,0.0816833971304184,0.3041320641283035,0.4294197567584124
300.0,320.0,0.01,1.57,0.0,0.0,10.0,1,0,0,0.0,0.0,,,0.09669116025623997,0.06729366460098851,0.0,0.03974437026415167,0.2046814901025726,0.4723981646204786
300.0,320.0,0.01,1.57,0.0,0.0,20.0,1,0,0,0.0,0.0,,,0.06786930907480807,0.04723264540988716,0.0,0.01275018760984316,0.1288044370757973,0.5269174775001669
300.0,320.0,0.01,1.57,0.0,20.0,0.0,1,0,0,0.0,0.0,,,9350684.928771418,6509191.430470251,0.0,33784107.58954684,49643983.9497408,0.1883548455385446
300.0,320.0,0.01,1.57,0.0,20.0,10.0,1,0,0,0.0,0.0,,,9350376.48427508,6508976.716339461,0.0,33783102.71086124,49642455.91242808,0.1883544299413719
300.0,320.0,0.01,1.57,0.0,20.0,20.0,1,0,0,0.0,0.0,,,9350068.044914778,6508762.005718097,0.0,33782097.84638361,49640927.89796878,0.1883540143353639
300.0,320.0,0.01,1.57,20.0,-20.0,0.0,0,0,0,0.0,0.0,,,9346276.985332528,6506123.2703199,0.0,33777505.93839911,49629906.19500384,0.1883194569945289
300.0,320.0,0.01,1.57,20.0,-20.0,10.0,0,0,0,0.0,0.0,,,9346585.362206647,6506337.937403179,0.0,33778510.73407511,49631434.03463723,0.1883198731611053
300.0,320.0,0.01,1.57,20.0,-20.0,20.0,0,0,0,0.0,0.0,,,9346893.744237183,6506552.608012453,0.0,33779515.54398546,49632961.8971874,0.188320289318999
300.0,320.0,0.01,1.57,20.0,0.0,0.0,1,0,0,0.0,0.0,,,0.1292026982258056,0.08992323896179204,0.0,0.07959022360435226,0.2996684557731351,0.4311521474372962
300.0,320.0,0.01,1.57,20.0,0.0,10.0,1,0,0,0.0,0.0,,,0.09548911593847721,0.06645699168739207,0.0,0.03828840061193656,0.2011868032189983,0.4746291228383118
300.0,320.0,0.01,1.57,20.0,0.0,20.0,1,0,0,0.0,0.0,,,0.06686283921530242,0.04653211563681871,0.0,0.01193142182956955,0.1262786716628904,0.5294863996811541
300.0,320.0,0.01,1.57,20.0,20.0,0.0,1,0,0,0.0,0.0,,,9350673.070953013,6509183.176014943,0.0,33784064.74418683,49643920.99210709,0.1883548455497639
300.0,320.0,0.01,1.57,20.0,20.0,10.0,1,0,0,0.0,0.0,,,9350364.62669855,6508968.461988902,0.0,33783059.86542781,49642392.95506756,0.1883544299559003
300.0,320.0,0.01,1.57,20.0,20.0,20.0,1,0,0,0.0,0.0,,,9350056.187467175,6508753.75151846,0.0,33782055.0022717,49640864.94220963,0.1883540143458866
300.0,320.0,0.01,1.59,-20.0,-20.0,0.0,0,0,0,,,,,,,,,,
300.0,320.0,0.01,1.59,-20.0,-20.0,10.0,0,0,0,,,,,,,,,,
300.0,320.0,0.01,1.59,-20.0,-20.0,20.0,0,0,0,,,,,,,,,,
300.0,320.0,0.01,1.59,-20.0,0.0,0.0,0,0,0,,,,,,,,,,
300.0,320.0,0.01,1.59,-20.0,0.0,10.0,0,0,0,,,,,,,,,,
300.0,320.0,0.01,1.59,-20.0,0.0,20.0,0,0,0,,,,,,,,,,
300.0,320.0,0.01,1.59,-20.0,20.0,0.0,0,0,0,,,,,,,,,,
300.0,320.0,0.01,1.59,-20.0,20.0,10.0,0,0,0,,,,,,,,,,
300.0,320.0,0.01,1.59,-20.0,20.0,20.0,0,0,0,,,,,,,,,,
300.0,320.0,0.01,1.59,0.0,-20.0,0.0,0,0,0,,,,,,,,,,
300.0,320.0,0.01,1.59,0.0,-20.0,10.0,0,0,0,,,,,,,,,,
300.0,320.0,0.01,1.59,0.0,-20.0,20.0,0,0,0,,,,,,,,,,
300.0,320.0,0.01,1.59,0.0,0.0,0.0,0,0,0,,,,,,,,,,
300.0,320.0,0.01,1.59,0.0,0.0,10.0,0,0,0,,,,,,,,,,
300.0,320.0,0.01,1.59,0.0,0.0,20.0,0,0,0,,,,,,,,,,
300.0,320.0,0.01,1.59,0.0,20.0,0.0,0,0,0,,,,,,,,,,
300.0,320.0,0.01,1.59,0.0,20.0,10.0,0,0,0,,,,,,,,,,
300.0,320.0,0.01,1.59,0.0,20.0,20.0,0,0,0,,,,,,,,,,
300.0,320.0,0.01,1.59,20.0,-20.0,0.0,0,0,0,,,,,,,,,,
300.0,320.0,0.01,1.59,20.0,-20.0,10.0,0,0,0,,,,,,,,,,
300.0,320.0,0.01,1.59,20.0,-20.0,20.0,0,0,0,,,,,,,,,,
300.0,320.0,0.01,1.59,20.0,0.0,0.0,0,0,0,,,,,,,,,,
300.0,320.0,0.01,1.59,20.0,0.0,10.0,0,0,0,,,,,,,,,,
300.0,320.0,0.01,1.59,20.0,0.0,20.0,0,0,0,,,,,,,,,,
300.0,320.0,0.01,1.59,20.0,20.0,0.0,0,0,0,,,,,,,,,,
300.0,320.0,0.01,1.59,20.0,20.0,10.0,0,0,0,,,,,,,,,,
300.0,320.0,0.01,1.59,20.0,20.0,20.0,0,0,0,,,,,,,,,,
