point_id_old,point_id_new,mass_region,field,old,new,rel_delta
point_e1d6c530d8cd9662,point_b9fc4588e0c8cf1d,R150_anchor,campaign_id,high_mass_h2_physical_point_scan_v1,high_mass_h2_physical_point_scan_v2_mh12520,
point_e1d6c530d8cd9662,point_b9fc4588e0c8cf1d,R150_anchor,m_h_GeV,125.13,125.2,5.594182e-04
point_e1d6c530d8cd9662,point_b9fc4588e0c8cf1d,R150_anchor,lambda1,7.321621519204089,7.321910562085459,3.947799e-05
point_e1d6c530d8cd9662,point_b9fc4588e0c8cf1d,R150_anchor,lambda2,0.7247296177658202,0.7250186606471896,3.988286e-04
point_e1d6c530d8cd9662,point_b9fc4588e0c8cf1d,R150_anchor,lambda3,8.012294579935856,8.012583622817228,3.607492e-05
point_e1d6c530d8cd9662,point_b9fc4588e0c8cf1d,R150_anchor,g_hH2H2_GeV,970.095706458674,970.1668747614117,7.336215e-05
point_e1d6c530d8cd9662,point_b9fc4588e0c8cf1d,R150_anchor,width_bb_GeV,0.0007766155292098757,0.000776615529209877,1.675272e-15
point_e1d6c530d8cd9662,point_b9fc4588e0c8cf1d,R150_anchor,width_cc_GeV,3.477009904721255e-05,3.477009904721258e-05,7.795507e-16
point_e1d6c530d8cd9662,point_b9fc4588e0c8cf1d,R150_anchor,width_tautau_GeV,7.763787718489062e-05,7.763787718489074e-05,1.571047e-15
point_e1d6c530d8cd9662,point_b9fc4588e0c8cf1d,R150_anchor,width_gg_GeV,0.0001363935153256404,0.0001363935153256411,5.166898e-15
point_e1d6c530d8cd9662,point_b9fc4588e0c8cf1d,R150_anchor,width_gammagamma_GeV,2.027183321891556e-07,2.027183321891546e-07,-4.961819e-15
point_e1d6c530d8cd9662,point_b9fc4588e0c8cf1d,R150_anchor,width_Zgamma_GeV,1.2167832985043094e-08,1.2167832985043607e-08,4.214818e-14
point_e1d6c530d8cd9662,point_b9fc4588e0c8cf1d,R150_anchor,total_width_GeV,0.0010261896746527445,0.0010261896746527465,1.901758e-15
point_e1d6c530d8cd9662,point_b9fc4588e0c8cf1d,R150_anchor,BR_bb,0.7567953063576449,0.7567953063576447,-2.934011e-16
point_e1d6c530d8cd9662,point_b9fc4588e0c8cf1d,R150_anchor,BR_cc,0.033882721592359145,0.033882721592359104,-1.228749e-15
point_e1d6c530d8cd9662,point_b9fc4588e0c8cf1d,R150_anchor,BR_tautau,0.07565645913477227,0.07565645913477224,-3.668633e-16
point_e1d6c530d8cd9662,point_b9fc4588e0c8cf1d,R150_anchor,BR_gg,0.1329125781467203,0.13291257814672075,3.341213e-15
point_e1d6c530d8cd9662,point_b9fc4588e0c8cf1d,R150_anchor,BR_gammagamma,0.00019754470074721234,0.00019754470074721098,-6.860486e-15
point_e1d6c530d8cd9662,point_b9fc4588e0c8cf1d,R150_anchor,BR_Zgamma,1.1857294304935005e-05,1.1857294304935482e-05,4.028968e-14
point_e1d6c530d8cd9662,point_b9fc4588e0c8cf1d,R150_anchor,ctau_physical_mm,1.9229094315997096e-10,1.922909431599706e-10,-1.882000e-15
point_64ed6c770b4d1532,point_a95441d1b152a47d,R150_anchor,campaign_id,high_mass_h2_physical_point_scan_v1,high_mass_h2_physical_point_scan_v2_mh12520,
point_64ed6c770b4d1532,point_a95441d1b152a47d,R150_anchor,m_h_GeV,125.13,125.2,5.594182e-04
point_64ed6c770b4d1532,point_a95441d1b152a47d,R150_anchor,lambda1,6.252747934465261,6.253036977346629,4.622654e-05
point_64ed6c770b4d1532,point_a95441d1b152a47d,R150_anchor,lambda2,0.6579250187196434,0.6582140616010128,4.393250e-04
point_64ed6c770b4d1532,point_a95441d1b152a47d,R150_anchor,lambda3,7.74507618375115,7.745365226632521,3.731957e-05
point_64ed6c770b4d1532,point_a95441d1b152a47d,R150_anchor,g_hH2H2_GeV,838.5063753076686,838.577543610406,8.487509e-05
point_64ed6c770b4d1532,point_a95441d1b152a47d,R150_anchor,width_bb_GeV,0.0007766155292098761,0.0007766155292098767,6.980302e-16
point_64ed6c770b4d1532,point_a95441d1b152a47d,R150_anchor,width_tautau_GeV,7.763787718489066e-05,7.76378771848907e-05,5.236823e-16
point_64ed6c770b4d1532,point_a95441d1b152a47d,R150_anchor,width_gg_GeV,0.0001363935153256404,0.0001363935153256411,5.166898e-15
point_64ed6c770b4d1532,point_a95441d1b152a47d,R150_anchor,width_gammagamma_GeV,2.1404120588090135e-07,2.1404120588090408e-07,1.273767e-14
point_64ed6c770b4d1532,point_a95441d1b152a47d,R150_anchor,width_Zgamma_GeV,1.3522010342098156e-08,1.3522010342098525e-08,2.728311e-14
point_64ed6c770b4d1532,point_a95441d1b152a47d,R150_anchor,total_width_GeV,0.0010262023517037936,0.001026202351703795,1.267823e-15
point_64ed6c770b4d1532,point_a95441d1b152a47d,R150_anchor,BR_bb,0.756785957389855,0.7567859573898545,-5.868095e-16
point_64ed6c770b4d1532,point_a95441d1b152a47d,R150_anchor,BR_cc,0.03388230302677061,0.03388230302677057,-1.228764e-15
point_64ed6c770b4d1532,point_a95441d1b152a47d,R150_anchor,BR_tautau,0.07565552452300392,0.07565552452300386,-7.337356e-16
point_64ed6c770b4d1532,point_a95441d1b152a47d,R150_anchor,BR_gg,0.13291093622928032,0.13291093622928082,3.758911e-15
point_64ed6c770b4d1532,point_a95441d1b152a47d,R150_anchor,BR_gammagamma,0.00020857602355474128,0.00020857602355474366,1.143585e-14
point_64ed6c770b4d1532,point_a95441d1b152a47d,R150_anchor,BR_Zgamma,1.3176748542475756e-05,1.31767485424761e-05,2.609865e-14
point_64ed6c770b4d1532,point_a95441d1b152a47d,R150_anchor,ctau_physical_mm,1.922885677199823e-10,1.9228856771998206e-10,-1.209872e-15
point_0e51641965b6c906,point_e8b7ce7612f33f15,R150_anchor,campaign_id,high_mass_h2_physical_point_scan_v1,high_mass_h2_physical_point_scan_v2_mh12520,
point_0e51641965b6c906,point_e8b7ce7612f33f15,R150_anchor,m_h_GeV,125.13,125.2,5.594182e-04
point_0e51641965b6c906,point_e8b7ce7612f33f15,R150_anchor,lambda1,5.183874349726432,5.184163392607801,5.575808e-05
point_0e51641965b6c906,point_e8b7ce7612f33f15,R150_anchor,lambda2,0.5911204196734665,0.591409462554836,4.889746e-04
point_0e51641965b6c906,point_e8b7ce7612f33f15,R150_anchor,lambda3,7.477857787566444,7.478146830447813,3.865317e-05
point_0e51641965b6c906,point_e8b7ce7612f33f15,R150_anchor,g_hH2H2_GeV,706.917044156663,706.9882124594005,1.006742e-04
point_0e51641965b6c906,point_e8b7ce7612f33f15,R150_anchor,width_bb_GeV,0.0007766155292098758,0.0007766155292098759,1.396060e-16
point_0e51641965b6c906,point_e8b7ce7612f33f15,R150_anchor,width_cc_GeV,3.477009904721254e-05,3.477009904721255e-05,3.897753e-16
point_0e51641965b6c906,point_e8b7ce7612f33f15,R150_anchor,width_tautau_GeV,7.763787718489062e-05,7.763787718489063e-05,1.745608e-16
point_0e51641965b6c906,point_e8b7ce7612f33f15,R150_anchor,width_gg_GeV,0.0001363935153256402,0.0001363935153256406,2.782176e-15
point_0e51641965b6c906,point_e8b7ce7612f33f15,R150_anchor,width_gammagamma_GeV,2.2567194487219985e-07,2.2567194487219916e-07,-3.049623e-15
point_0e51641965b6c906,point_e8b7ce7612f33f15,R150_anchor,width_Zgamma_GeV,1.4947643748875717e-08,1.4947643748875406e-08,-2.080729e-14
point_0e51641965b6c906,point_e8b7ce7612f33f15,R150_anchor,total_width_GeV,0.0010262154080761911,0.0010262154080761918,6.339033e-16
point_0e51641965b6c906,point_e8b7ce7612f33f15,R150_anchor,BR_bb,0.7567763289247126,0.7567763289247122,-4.401127e-16
point_0e51641965b6c906,point_e8b7ce7612f33f15,R150_anchor,BR_cc,0.03388187194771786,0.03388187194771785,-4.095933e-16
point_0e51641965b6c906,point_e8b7ce7612f33f15,R150_anchor,BR_tautau,0.07565456197002103,0.07565456197002099,-5.503087e-16
point_0e51641965b6c906,point_e8b7ce7612f33f15,R150_anchor,BR_gg,0.13290924522496908,0.13290924522496939,2.297141e-15
point_0e51641965b6c906,point_e8b7ce7612f33f15,R150_anchor,BR_gammagamma,0.00021990699330392912,0.0002199069933039283,-3.697707e-15
point_0e51641965b6c906,point_e8b7ce7612f33f15,R150_anchor,BR_Zgamma,1.4565795476504805e-05,1.4565795476504492e-05,-2.151631e-14
point_0e51641965b6c906,point_e8b7ce7612f33f15,R150_anchor,ctau_physical_mm,1.9228612126368454e-10,1.9228612126368441e-10,-6.721596e-16
point_8fd53f6e18e1d68d,point_dc82aac7a10aec3a,R150_anchor,campaign_id,high_mass_h2_physical_point_scan_v1,high_mass_h2_physical_point_scan_v2_mh12520,
point_8fd53f6e18e1d68d,point_dc82aac7a10aec3a,R150_anchor,m_h_GeV,125.13,125.2,5.594182e-04
point_8fd53f6e18e1d68d,point_dc82aac7a10aec3a,R150_anchor,lambda1,4.115000764987602,4.115289807868972,7.024127e-05
point_8fd53f6e18e1d68d,point_dc82aac7a10aec3a,R150_anchor,lambda2,0.5243158206272897,0.524604863508659,5.512763e-04
point_8fd53f6e18e1d68d,point_dc82aac7a10aec3a,R150_anchor,lambda3,7.210639391381736,7.210928434263106,4.008561e-05
point_8fd53f6e18e1d68d,point_dc82aac7a10aec3a,R150_anchor,g_hH2H2_GeV,575.327713005657,575.3988813083945,1.237005e-04
point_8fd53f6e18e1d68d,point_dc82aac7a10aec3a,R150_anchor,width_bb_GeV,0.0007766155292098763,0.0007766155292098761,-1.396060e-16
point_8fd53f6e18e1d68d,point_dc82aac7a10aec3a,R150_anchor,width_gg_GeV,0.0001363935153256413,0.0001363935153256404,-6.557986e-15
point_8fd53f6e18e1d68d,point_dc82aac7a10aec3a,R150_anchor,width_gammagamma_GeV,2.3761054916304246e-07,2.3761054916304278e-07,1.336798e-15
point_8fd53f6e18e1d68d,point_dc82aac7a10aec3a,R150_anchor,width_Zgamma_GeV,1.6444733205373776e-08,1.6444733205373402e-08,-2.273589e-14
point_8fd53f6e18e1d68d,point_dc82aac7a10aec3a,R150_anchor,total_width_GeV,0.00102622884376994,0.001026228843769939,-1.056492e-15
point_8fd53f6e18e1d68d,point_dc82aac7a10aec3a,R150_anchor,BR_bb,0.7567664209835617,0.7567664209835624,8.802370e-16
point_8fd53f6e18e1d68d,point_dc82aac7a10aec3a,R150_anchor,BR_cc,0.03388142835615652,0.033881428356156554,1.023997e-15
point_8fd53f6e18e1d68d,point_dc82aac7a10aec3a,R150_anchor,BR_tautau,0.07565357147795732,0.0756535714779574,1.100632e-15
point_8fd53f6e18e1d68d,point_dc82aac7a10aec3a,R150_anchor,BR_gg,0.13290750513753635,0.1329075051375356,-5.638512e-15
point_8fd53f6e18e1d68d,point_dc82aac7a10aec3a,R150_anchor,BR_gammagamma,0.00023153758599315884,0.00023153758599315938,2.341309e-15
point_8fd53f6e18e1d68d,point_dc82aac7a10aec3a,R150_anchor,BR_Zgamma,1.6024430910519558e-05,1.6024430910519213e-05,-2.156641e-14
point_8fd53f6e18e1d68d,point_dc82aac7a10aec3a,R150_anchor,ctau_physical_mm,1.9228360379650053e-10,1.9228360379650074e-10,1.075470e-15
point_f999def9d725cc41,point_178edb211606d46a,R150_anchor,campaign_id,high_mass_h2_physical_point_scan_v1,high_mass_h2_physical_point_scan_v2_mh12520,
point_f999def9d725cc41,point_178edb211606d46a,R150_anchor,m_h_GeV,125.13,125.2,5.594182e-04
point_f999def9d725cc41,point_178edb211606d46a,R150_anchor,lambda1,3.046127180248774,3.0464162231301435,9.488865e-05
point_f999def9d725cc41,point_178edb211606d46a,R150_anchor,lambda2,0.4575112215811128,0.4578002644624821,6.317722e-04
point_f999def9d725cc41,point_178edb211606d46a,R150_anchor,lambda3,6.943420995197029,6.9437100380783985,4.162831e-05
point_f999def9d725cc41,point_178edb211606d46a,R150_anchor,g_hH2H2_GeV,443.73838185465115,443.8095501573887,1.603835e-04
point_f999def9d725cc41,point_178edb211606d46a,R150_anchor,width_bb_GeV,0.0007766155292098773,0.0007766155292098767,-8.376362e-16
point_f999def9d725cc41,point_178edb211606d46a,R150_anchor,width_cc_GeV,3.477009904721259e-05,3.4770099047212564e-05,-7.795507e-16
point_f999def9d725cc41,point_178edb211606d46a,R150_anchor,width_tautau_GeV,7.76378771848908e-05,7.76378771848907e-05,-1.221925e-15
point_f999def9d725cc41,point_178edb211606d46a,R150_anchor,width_gg_GeV,0.00013639351532564127,0.0001363935153256411,-1.192361e-15
point_f999def9d725cc41,point_178edb211606d46a,R150_anchor,width_gammagamma_GeV,2.498570187534405e-07,2.498570187534383e-07,-8.687056e-15
point_f999def9d725cc41,point_178edb211606d46a,R150_anchor,width_Zgamma_GeV,1.801327871159441e-08,1.801327871159383e-08,-3.214442e-14
point_f999def9d725cc41,point_178edb211606d46a,R150_anchor,total_width_GeV,0.001026242658785038,0.001026242658785037,-8.451819e-16
point_f999def9d725cc41,point_178edb211606d46a,R150_anchor,BR_bb,0.7567562335883673,0.7567562335883674,1.467081e-16
point_f999def9d725cc41,point_178edb211606d46a,R150_anchor,BR_tautau,0.07565255304900868,0.07565255304900866,-3.668822e-16
point_f999def9d725cc41,point_178edb211606d46a,R150_anchor,BR_gg,0.13290571597083742,0.13290571597083736,-4.176732e-16
point_f999def9d725cc41,point_178edb211606d46a,R150_anchor,BR_gammagamma,0.00024346777695759072,0.0002434677769575888,-7.904368e-15
point_f999def9d725cc41,point_178edb211606d46a,R150_anchor,BR_Zgamma,1.755265049390971e-05,1.7552650493909162e-05,-3.127034e-14
point_f999def9d725cc41,point_178edb211606d46a,R150_anchor,ctau_physical_mm,1.9228101532401133e-10,1.9228101532401148e-10,8.066130e-16
point_2d5805b3f33ee136,point_312232762f79b50d,R150_anchor,campaign_id,high_mass_h2_physical_point_scan_v1,high_mass_h2_physical_point_scan_v2_mh12520,
point_2d5805b3f33ee136,point_312232762f79b50d,R150_anchor,m_h_GeV,125.13,125.2,5.594182e-04
point_2d5805b3f33ee136,point_312232762f79b50d,R150_anchor,lambda1,1.9772535955099453,1.9775426383913144,1.461840e-04
point_2d5805b3f33ee136,point_312232762f79b50d,R150_anchor,lambda2,0.39070662253493593,0.39099566541630526,7.397952e-04
point_2d5805b3f33ee136,point_312232762f79b50d,R150_anchor,lambda3,6.6762025990123215,6.6764916418936915,4.329450e-05
point_2d5805b3f33ee136,point_312232762f79b50d,R150_anchor,g_hH2H2_GeV,312.14905070364557,312.2202190063831,2.279946e-04
point_2d5805b3f33ee136,point_312232762f79b50d,R150_anchor,width_bb_GeV,0.000776615529209877,0.0007766155292098767,-4.188181e-16
point_2d5805b3f33ee136,point_312232762f79b50d,R150_anchor,width_cc_GeV,3.477009904721258e-05,3.4770099047212564e-05,-3.897753e-16
point_2d5805b3f33ee136,point_312232762f79b50d,R150_anchor,width_tautau_GeV,7.763787718489074e-05,7.76378771848907e-05,-5.236823e-16
point_2d5805b3f33ee136,point_312232762f79b50d,R150_anchor,width_gammagamma_GeV,2.624113536433791e-07,2.6241135364338025e-07,4.438338e-15
point_2d5805b3f33ee136,point_312232762f79b50d,R150_anchor,width_Zgamma_GeV,1.9653280267535407e-08,1.965328026753553e-08,6.229125e-15
point_2d5805b3f33ee136,point_312232762f79b50d,R150_anchor,total_width_GeV,0.0010262568531214833,0.0010262568531214829,-4.225851e-16
point_2d5805b3f33ee136,point_312232762f79b50d,R150_anchor,BR_gg,0.13290387772883938,0.13290387772883944,4.176789e-16
point_2d5805b3f33ee136,point_312232762f79b50d,R150_anchor,BR_gammagamma,0.0002556975408692507,0.00025569754086925193,4.876201e-15
point_2d5805b3f33ee136,point_312232762f79b50d,R150_anchor,BR_Zgamma,1.9150449721975153e-05,1.915044972197528e-05,6.723028e-15
point_2d5805b3f33ee136,point_312232762f79b50d,R150_anchor,ctau_physical_mm,1.9227835585195492e-10,1.92278355851955e-10,4.033121e-16
point_59f69187b3072323,point_81ba94519b3ba5aa,R150_anchor,campaign_id,high_mass_h2_physical_point_scan_v1,high_mass_h2_physical_point_scan_v2_mh12520,
point_59f69187b3072323,point_81ba94519b3ba5aa,R150_anchor,m_h_GeV,125.13,125.2,5.594182e-04
point_59f69187b3072323,point_81ba94519b3ba5aa,R150_anchor,lambda1,0.9083800107711164,0.9086690536524857,3.181960e-04
point_59f69187b3072323,point_81ba94519b3ba5aa,R150_anchor,lambda2,0.32390202348875907,0.3241910663701284,8.923775e-04
point_59f69187b3072323,point_81ba94519b3ba5aa,R150_anchor,lambda3,6.408984202827615,6.4092732457089845,4.509964e-05
point_59f69187b3072323,point_81ba94519b3ba5aa,R150_anchor,g_hH2H2_GeV,180.55971955264,180.6308878553773,3.941538e-04
point_59f69187b3072323,point_81ba94519b3ba5aa,R150_anchor,width_bb_GeV,0.000776615529209877,0.0007766155292098764,-8.376362e-16
point_59f69187b3072323,point_81ba94519b3ba5aa,R150_anchor,width_tautau_GeV,7.763787718489075e-05,7.763787718489069e-05,-8.728038e-16
point_59f69187b3072323,point_81ba94519b3ba5aa,R150_anchor,width_gg_GeV,0.0001363935153256408,0.00013639351532564062,-1.391088e-15
point_59f69187b3072323,point_81ba94519b3ba5aa,R150_anchor,width_gammagamma_GeV,2.7527355383287005e-07,2.7527355383287154e-07,5.384853e-15
point_59f69187b3072323,point_81ba94519b3ba5aa,R150_anchor,width_Zgamma_GeV,2.1364737873198846e-08,2.1364737873198343e-08,-2.353999e-14
point_59f69187b3072323,point_81ba94519b3ba5aa,R150_anchor,total_width_GeV,0.0010262714267792782,0.0010262714267792773,-8.451582e-16
point_59f69187b3072323,point_81ba94519b3ba5aa,R150_anchor,BR_cc,0.03388002251639287,0.033880022516392896,8.192313e-16
point_59f69187b3072323,point_81ba94519b3ba5aa,R150_anchor,BR_gg,0.1329019904156166,0.13290199041561654,-4.176849e-16
point_59f69187b3072323,point_81ba94519b3ba5aa,R150_anchor,BR_gammagamma,0.00026822685173721937,0.00026822685173722105,6.265269e-15
point_59f69187b3072323,point_81ba94519b3ba5aa,R150_anchor,BR_Zgamma,2.0817823935961333e-05,2.081782393596086e-05,-2.262246e-14
point_59f69187b3072323,point_81ba94519b3ba5aa,R150_anchor,ctau_physical_mm,1.9227562538622586e-10,1.9227562538622602e-10,8.066356e-16
point_e73df58f1c260a52,point_98cf22cd4f42d369,R150_anchor,campaign_id,high_mass_h2_physical_point_scan_v1,high_mass_h2_physical_point_scan_v2_mh12520,
point_e73df58f1c260a52,point_98cf22cd4f42d369,R150_anchor,m_h_GeV,125.13,125.2,5.594182e-04
point_e73df58f1c260a52,point_98cf22cd4f42d369,R150_anchor,lambda1,6.552747934165261,6.553036977046629,4.411018e-05
point_e73df58f1c260a52,point_98cf22cd4f42d369,R150_anchor,lambda2,0.6516750187258934,0.6519640616072628,4.435384e-04
point_e73df58f1c260a52,point_98cf22cd4f42d369,R150_anchor,lambda3,7.770076183726151,7.770365226607522,3.719949e-05
point_e73df58f1c260a52,point_98cf22cd4f42d369,R150_anchor,g_hH2H2_GeV,838.5063753076686,838.577543610406,8.487509e-05
point_e73df58f1c260a52,point_98cf22cd4f42d369,R150_anchor,width_bb_GeV,0.0007766155292098773,0.0007766155292098774,1.396060e-16
point_e73df58f1c260a52,point_98cf22cd4f42d369,R150_anchor,width_cc_GeV,3.477009904721259e-05,3.47700990472126e-05,1.948877e-16
point_e73df58f1c260a52,point_98cf22cd4f42d369,R150_anchor,width_gg_GeV,0.00013639351532564127,0.00013639351532564151,1.788542e-15
point_e73df58f1c260a52,point_98cf22cd4f42d369,R150_anchor,width_gammagamma_GeV,2.122554000604088e-07,2.122554000604082e-07,-2.743559e-15
point_e73df58f1c260a52,point_98cf22cd4f42d369,R150_anchor,width_Zgamma_GeV,1.3306154693890029e-08,1.3306154693889866e-08,-1.218439e-14
point_e73df58f1c260a52,point_98cf22cd4f42d369,R150_anchor,total_width_GeV,0.0010262003500423273,0.0010262003500423277,4.226084e-16
point_e73df58f1c260a52,point_98cf22cd4f42d369,R150_anchor,BR_bb,0.7567874335434056,0.7567874335434054,-2.934042e-16
point_e73df58f1c260a52,point_98cf22cd4f42d369,R150_anchor,BR_cc,0.033882369116107244,0.03388236911610724,-2.047936e-16
point_e73df58f1c260a52,point_98cf22cd4f42d369,R150_anchor,BR_tautau,0.0756556720933573,0.07565567209335727,-3.668671e-16
point_e73df58f1c260a52,point_98cf22cd4f42d369,R150_anchor,BR_gg,0.1329111954795333,0.1329111954795335,1.461796e-15
point_e73df58f1c260a52,point_98cf22cd4f42d369,R150_anchor,BR_gammagamma,0.00020683621872829606,0.00020683621872829541,-3.145103e-15
point_e73df58f1c260a52,point_98cf22cd4f42d369,R150_anchor,BR_Zgamma,1.296642969702865e-05,1.2966429697028487e-05,-1.254241e-14
point_e73df58f1c260a52,point_98cf22cd4f42d369,R150_anchor,ctau_physical_mm,1.9228894278964234e-10,1.9228894278964226e-10,-4.032899e-16
point_ddc69ede3eed1b36,point_33fdbfe2a0cc1b21,R150_anchor,campaign_id,high_mass_h2_physical_point_scan_v1,high_mass_h2_physical_point_scan_v2_mh12520,
point_ddc69ede3eed1b36,point_33fdbfe2a0cc1b21,R150_anchor,m_h_GeV,125.13,125.2,5.594182e-04
point_ddc69ede3eed1b36,point_33fdbfe2a0cc1b21,R150_anchor,lambda1,5.483874349426432,5.484163392307801,5.270779e-05
point_ddc69ede3eed1b36,point_33fdbfe2a0cc1b21,R150_anchor,lambda2,0.5848704196797165,0.585159462561086,4.941999e-04
point_ddc69ede3eed1b36,point_33fdbfe2a0cc1b21,R150_anchor,lambda3,7.502857787541445,7.503146830422814,3.852437e-05
point_ddc69ede3eed1b36,point_33fdbfe2a0cc1b21,R150_anchor,g_hH2H2_GeV,706.9170441566629,706.9882124594004,1.006742e-04
point_ddc69ede3eed1b36,point_33fdbfe2a0cc1b21,R150_anchor,width_bb_GeV,0.0007766155292098773,0.0007766155292098769,-5.584242e-16
point_ddc69ede3eed1b36,point_33fdbfe2a0cc1b21,R150_anchor,width_cc_GeV,3.477009904721259e-05,3.4770099047212564e-05,-7.795507e-16
point_ddc69ede3eed1b36,point_33fdbfe2a0cc1b21,R150_anchor,width_tautau_GeV,7.76378771848908e-05,7.763787718489073e-05,-8.728038e-16
point_ddc69ede3eed1b36,point_33fdbfe2a0cc1b21,R150_anchor,width_gg_GeV,0.00013639351532564127,0.00013639351532564138,7.949074e-16
point_ddc69ede3eed1b36,point_33fdbfe2a0cc1b21,R150_anchor,width_gammagamma_GeV,2.23838134419597e-07,2.238381344195939e-07,-1.383573e-14
point_ddc69ede3eed1b36,point_33fdbfe2a0cc1b21,R150_anchor,width_Zgamma_GeV,1.4720646145454395e-08,1.4720646145454095e-08,-2.034146e-14
point_ddc69ede3eed1b36,point_33fdbfe2a0cc1b21,R150_anchor,total_width_GeV,0.0010262133472681379,0.0010262133472681376,-2.113015e-16
point_ddc69ede3eed1b36,point_33fdbfe2a0cc1b21,R150_anchor,width_unaccounted_GeV,5.577677199507507e-07,5.577677199509676e-07,3.887648e-13
point_ddc69ede3eed1b36,point_33fdbfe2a0cc1b21,R150_anchor,BR_bb,0.7567778486581666,0.7567778486581663,-2.934079e-16
point_ddc69ede3eed1b36,point_33fdbfe2a0cc1b21,R150_anchor,BR_cc,0.03388193998818412,0.0338819399881841,-6.143887e-16
point_ddc69ede3eed1b36,point_33fdbfe2a0cc1b21,R150_anchor,BR_tautau,0.07565471389703617,0.07565471389703612,-5.503076e-16
point_ddc69ede3eed1b36,point_33fdbfe2a0cc1b21,R150_anchor,BR_gg,0.1329095121289659,0.13290951212896604,1.044153e-15
point_ddc69ede3eed1b36,point_33fdbfe2a0cc1b21,R150_anchor,BR_gammagamma,0.00021812046687511133,0.00021812046687510838,-1.354504e-14
point_ddc69ede3eed1b36,point_33fdbfe2a0cc1b21,R150_anchor,BR_Zgamma,1.434462549589901e-05,1.4344625495898722e-05,-2.007659e-14
point_ddc69ede3eed1b36,point_33fdbfe2a0cc1b21,R150_anchor,ctau_physical_mm,1.9228650740637923e-10,1.9228650740637928e-10,2.688633e-16
point_1db32f912fad3fb9,point_9b7fa7675b1c32ba,R150_anchor,campaign_id,high_mass_h2_physical_point_scan_v1,high_mass_h2_physical_point_scan_v2_mh12520,
point_1db32f912fad3fb9,point_9b7fa7675b1c32ba,R150_anchor,m_h_GeV,125.13,125.2,5.594182e-04
point_1db32f912fad3fb9,point_9b7fa7675b1c32ba,R150_anchor,lambda1,4.415000764687602,4.415289807568972,6.546836e-05
point_1db32f912fad3fb9,point_9b7fa7675b1c32ba,R150_anchor,lambda2,0.5180658206335397,0.518354863514909,5.579269e-04
point_1db32f912fad3fb9,point_9b7fa7675b1c32ba,R150_anchor,lambda3,7.235639391356737,7.235928434238107,3.994711e-05
point_1db32f912fad3fb9,point_9b7fa7675b1c32ba,R150_anchor,g_hH2H2_GeV,575.327713005657,575.3988813083945,1.237005e-04
point_1db32f912fad3fb9,point_9b7fa7675b1c32ba,R150_anchor,width_bb_GeV,0.000776615529209877,0.0007766155292098769,-1.396060e-16
point_1db32f912fad3fb9,point_9b7fa7675b1c32ba,R150_anchor,width_cc_GeV,3.477009904721258e-05,3.4770099047212564e-05,-3.897753e-16
point_1db32f912fad3fb9,point_9b7fa7675b1c32ba,R150_anchor,width_tautau_GeV,7.763787718489075e-05,7.763787718489073e-05,-3.491215e-16
point_1db32f912fad3fb9,point_9b7fa7675b1c32ba,R150_anchor,width_gg_GeV,0.0001363935153256408,0.00013639351532564138,4.173264e-15
point_1db32f912fad3fb9,point_9b7fa7675b1c32ba,R150_anchor,width_gammagamma_GeV,2.3572873407832772e-07,2.3572873407832815e-07,1.796626e-15
point_1db32f912fad3fb9,point_9b7fa7675b1c32ba,R150_anchor,width_Zgamma_GeV,1.620659364674036e-08,1.620659364674091e-08,3.389040e-14
point_1db32f912fad3fb9,point_9b7fa7675b1c32ba,R150_anchor,total_width_GeV,0.001026226723815297,0.0010262267238152975,4.225975e-16
point_1db32f912fad3fb9,point_9b7fa7675b1c32ba,R150_anchor,BR_bb,0.756767984293551,0.7567679842935505,-5.868235e-16
point_1db32f912fad3fb9,point_9b7fa7675b1c32ba,R150_anchor,BR_cc,0.03388149834760159,0.03388149834760156,-8.191956e-16
point_1db32f912fad3fb9,point_9b7fa7675b1c32ba,R150_anchor,BR_tautau,0.07565372776129753,0.07565372776129747,-7.337530e-16
point_1db32f912fad3fb9,point_9b7fa7675b1c32ba,R150_anchor,BR_gg,0.13290777969468398,0.13290777969468448,3.759000e-15
point_1db32f912fad3fb9,point_9b7fa7675b1c32ba,R150_anchor,BR_gammagamma,0.00022970434174812503,0.00022970434174812536,1.415997e-15
point_1db32f912fad3fb9,point_9b7fa7675b1c32ba,R150_anchor,BR_Zgamma,1.579241045924786e-05,1.5792410459248388e-05,3.346852e-14
point_1db32f912fad3fb9,point_9b7fa7675b1c32ba,R150_anchor,ctau_physical_mm,1.922840010113744e-10,1.922840010113743e-10,-4.033002e-16
point_b253316330cd7f4d,point_370e28d76916936a,R150_anchor,campaign_id,high_mass_h2_physical_point_scan_v1,high_mass_h2_physical_point_scan_v2_mh12520,
point_b253316330cd7f4d,point_370e28d76916936a,R150_anchor,m_h_GeV,125.13,125.2,5.594182e-04
point_b253316330cd7f4d,point_370e28d76916936a,R150_anchor,lambda1,3.3461271799487737,3.3464162228301433,8.638132e-05
point_b253316330cd7f4d,point_370e28d76916936a,R150_anchor,lambda2,0.45126122158736276,0.4515502644687321,6.405223e-04
point_b253316330cd7f4d,point_370e28d76916936a,R150_anchor,lambda3,6.96842099517203,6.968710038053399,4.147896e-05
point_b253316330cd7f4d,point_370e28d76916936a,R150_anchor,g_hH2H2_GeV,443.7383818546508,443.8095501573889,1.603835e-04
point_b253316330cd7f4d,point_370e28d76916936a,R150_anchor,width_bb_GeV,0.000776615529209877,0.0007766155292098761,-1.116848e-15
point_b253316330cd7f4d,point_370e28d76916936a,R150_anchor,width_cc_GeV,3.477009904721258e-05,3.4770099047212564e-05,-3.897753e-16
point_b253316330cd7f4d,point_370e28d76916936a,R150_anchor,width_tautau_GeV,7.763787718489075e-05,7.763787718489066e-05,-1.221925e-15
point_b253316330cd7f4d,point_370e28d76916936a,R150_anchor,width_gg_GeV,0.0001363935153256408,0.0001363935153256404,-2.980903e-15
point_b253316330cd7f4d,point_370e28d76916936a,R150_anchor,width_gammagamma_GeV,2.4792719903661186e-07,2.479271990366109e-07,-3.843516e-15
point_b253316330cd7f4d,point_370e28d76916936a,R150_anchor,width_Zgamma_GeV,1.776399719774857e-08,1.7763997197748406e-08,-9.126741e-15
point_b253316330cd7f4d,point_370e28d76916936a,R150_anchor,total_width_GeV,0.0010262404796838064,0.0010262404796838051,-1.267776e-15
point_b253316330cd7f4d,point_370e28d76916936a,R150_anchor,BR_bb,0.7567578404714254,0.7567578404714255,1.467078e-16
point_b253316330cd7f4d,point_370e28d76916936a,R150_anchor,BR_cc,0.03388104419533865,0.033881044195338675,8.192066e-16
point_b253316330cd7f4d,point_370e28d76916936a,R150_anchor,BR_gg,0.13290599818052865,0.1329059981805284,-1.879525e-15
point_b253316330cd7f4d,point_370e28d76916936a,R150_anchor,BR_gammagamma,0.0002415878187859052,0.00024158781878590459,-2.580495e-15
point_b253316330cd7f4d,point_370e28d76916936a,R150_anchor,BR_Zgamma,1.7309780260491976e-05,1.730978026049184e-05,-7.829405e-15
point_b253316330cd7f4d,point_370e28d76916936a,R150_anchor,ctau_physical_mm,1.922814236101836e-10,1.9228142361018385e-10,1.344352e-15
point_54aeae24488312a6,point_bf00229946451e39,R150_anchor,campaign_id,high_mass_h2_physical_point_scan_v1,high_mass_h2_physical_point_scan_v2_mh12520,
point_54aeae24488312a6,point_bf00229946451e39,R150_anchor,m_h_GeV,125.13,125.2,5.594182e-04
point_54aeae24488312a6,point_bf00229946451e39,R150_anchor,lambda1,2.2772535952099453,2.2775426380913144,1.269261e-04
point_54aeae24488312a6,point_bf00229946451e39,R150_anchor,lambda2,0.3844566225411859,0.3847456654225553,7.518218e-04
point_54aeae24488312a6,point_bf00229946451e39,R150_anchor,lambda3,6.701202598987322,6.701491641868692,4.313299e-05
point_54aeae24488312a6,point_bf00229946451e39,R150_anchor,g_hH2H2_GeV,312.14905070364546,312.220219006383,2.279946e-04
point_54aeae24488312a6,point_bf00229946451e39,R150_anchor,width_bb_GeV,0.0007766155292098773,0.000776615529209877,-4.188181e-16
point_54aeae24488312a6,point_bf00229946451e39,R150_anchor,width_cc_GeV,3.477009904721259e-05,3.477009904721258e-05,-3.897753e-16
point_54aeae24488312a6,point_bf00229946451e39,R150_anchor,width_tautau_GeV,7.76378771848908e-05,7.763787718489074e-05,-6.982431e-16
point_54aeae24488312a6,point_bf00229946451e39,R150_anchor,width_gg_GeV,0.00013639351532564127,0.0001363935153256411,-1.192361e-15
point_54aeae24488312a6,point_bf00229946451e39,R150_anchor,width_gammagamma_GeV,2.604335292944477e-07,2.604335292944449e-07,-1.077356e-14
point_54aeae24488312a6,point_bf00229946451e39,R150_anchor,width_Zgamma_GeV,1.9392856798479034e-08,1.9392856798478548e-08,-2.508048e-14
point_54aeae24488312a6,point_bf00229946451e39,R150_anchor,total_width_GeV,0.0010262546148736658,0.0010262546148736653,-4.225860e-16
point_54aeae24488312a6,point_bf00229946451e39,R150_anchor,width_unaccounted_GeV,5.577677199507507e-07,5.577677199509676e-07,3.887648e-13
point_54aeae24488312a6,point_bf00229946451e39,R150_anchor,BR_tautau,0.07565167168037358,0.07565167168037355,-3.668865e-16
point_54aeae24488312a6,point_bf00229946451e39,R150_anchor,BR_gg,0.1329041675904489,0.1329041675904488,-8.353561e-16
point_54aeae24488312a6,point_bf00229946451e39,R150_anchor,BR_gammagamma,0.00025377087276387805,0.00025377087276387544,-1.025368e-14
point_54aeae24488312a6,point_bf00229946451e39,R150_anchor,BR_Zgamma,1.8896730418957814e-05,1.8896730418957346e-05,-2.474302e-14
point_54aeae24488312a6,point_bf00229946451e39,R150_anchor,ctau_physical_mm,1.9227877520852017e-10,1.9227877520852024e-10,4.033112e-16
point_db2d5dff03998f1b,point_a139e207ee4b64aa,R150_anchor,campaign_id,high_mass_h2_physical_point_scan_v1,high_mass_h2_physical_point_scan_v2_mh12520,
point_db2d5dff03998f1b,point_a139e207ee4b64aa,R150_anchor,m_h_GeV,125.13,125.2,5.594182e-04
point_db2d5dff03998f1b,point_a139e207ee4b64aa,R150_anchor,lambda1,1.2083800104711164,1.2086690533524858,2.391987e-04
point_db2d5dff03998f1b,point_a139e207ee4b64aa,R150_anchor,lambda2,0.3176520234950091,0.3179410663763784,9.099356e-04
point_db2d5dff03998f1b,point_a139e207ee4b64aa,R150_anchor,lambda3,6.433984202802616,6.434273245683985,4.492440e-05
point_db2d5dff03998f1b,point_a139e207ee4b64aa,R150_anchor,g_hH2H2_GeV,180.55971955263976,180.6308878553773,3.941538e-04
point_db2d5dff03998f1b,point_a139e207ee4b64aa,R150_anchor,width_bb_GeV,0.000776615529209877,0.0007766155292098767,-4.188181e-16
point_db2d5dff03998f1b,point_a139e207ee4b64aa,R150_anchor,width_cc_GeV,3.477009904721258e-05,3.4770099047212564e-05,-3.897753e-16
point_db2d5dff03998f1b,point_a139e207ee4b64aa,R150_anchor,width_tautau_GeV,7.763787718489074e-05,7.76378771848907e-05,-5.236823e-16
point_db2d5dff03998f1b,point_a139e207ee4b64aa,R150_anchor,width_gammagamma_GeV,2.7324772485182624e-07,2.732477248518266e-07,1.356194e-15
point_db2d5dff03998f1b,point_a139e207ee4b64aa,R150_anchor,width_Zgamma_GeV,2.10931724489299e-08,2.1093172448930117e-08,1.019605e-14
point_db2d5dff03998f1b,point_a139e207ee4b64aa,R150_anchor,total_width_GeV,0.0010262691293848733,0.0010262691293848728,-4.225801e-16
point_db2d5dff03998f1b,point_a139e207ee4b64aa,R150_anchor,BR_gg,0.13290228792850162,0.13290228792850167,4.176839e-16
point_db2d5dff03998f1b,point_a139e207ee4b64aa,R150_anchor,BR_gammagamma,0.0002662534777944708,0.0002662534777944713,1.832430e-15
point_db2d5dff03998f1b,point_a139e207ee4b64aa,R150_anchor,BR_Zgamma,2.055325629990718e-05,2.0553256299907395e-05,1.055017e-14
point_db2d5dff03998f1b,point_a139e207ee4b64aa,R150_anchor,ctau_physical_mm,1.9227605581225477e-10,1.9227605581225485e-10,4.033169e-16
point_dcefa28a9987ccc0,point_04c01590abdbb8a1,R150_anchor,campaign_id,high_mass_h2_physical_point_scan_v1,high_mass_h2_physical_point_scan_v2_mh12520,
point_dcefa28a9987ccc0,point_04c01590abdbb8a1,R150_anchor,m_h_GeV,125.13,125.2,5.594182e-04
point_dcefa28a9987ccc0,point_04c01590abdbb8a1,R150_anchor,lambda1,0.1395064257322876,0.13979546861365696,2.071897e-03
point_dcefa28a9987ccc0,point_04c01590abdbb8a1,R150_anchor,lambda2,0.25084742444883223,0.2511364673302016,1.152266e-03
point_dcefa28a9987ccc0,point_04c01590abdbb8a1,R150_anchor,lambda3,6.166765806617908,6.167054849499277,4.687107e-05
point_dcefa28a9987ccc0,point_04c01590abdbb8a1,R150_anchor,g_hH2H2_GeV,48.970388401633954,49.041556704371374,1.453293e-03
point_dcefa28a9987ccc0,point_04c01590abdbb8a1,R150_anchor,width_bb_GeV,0.0007766155292098767,0.0007766155292098769,2.792121e-16
point_dcefa28a9987ccc0,point_04c01590abdbb8a1,R150_anchor,width_tautau_GeV,7.76378771848907e-05,7.763787718489073e-05,3.491215e-16
point_dcefa28a9987ccc0,point_04c01590abdbb8a1,R150_anchor,width_gg_GeV,0.0001363935153256409,0.00013639351532564138,3.577083e-15
point_dcefa28a9987ccc0,point_04c01590abdbb8a1,R150_anchor,width_gammagamma_GeV,2.8636978570875906e-07,2.863697857087564e-07,-9.243217e-15
point_dcefa28a9987ccc0,point_04c01590abdbb8a1,R150_anchor,width_Zgamma_GeV,2.2864944149103175e-08,2.2864944149103225e-08,2.170608e-15
point_dcefa28a9987ccc0,point_04c01590abdbb8a1,R150_anchor,total_width_GeV,0.0010262840232174296,0.0010262840232174303,6.338609e-16
point_dcefa28a9987ccc0,point_04c01590abdbb8a1,R150_anchor,BR_bb,0.7567257324879373,0.7567257324879371,-2.934281e-16
point_dcefa28a9987ccc0,point_04c01590abdbb8a1,R150_anchor,BR_cc,0.033879606678672944,0.033879606678672916,-8.192414e-16
point_dcefa28a9987ccc0,point_04c01590abdbb8a1,R150_anchor,BR_tautau,0.0756495038688157,0.07564950386881569,-1.834485e-16
point_dcefa28a9987ccc0,point_04c01590abdbb8a1,R150_anchor,BR_gg,0.13290035919885348,0.13290035919885387,2.923830e-15
point_dcefa28a9987ccc0,point_04c01590abdbb8a1,R150_anchor,BR_gammagamma,0.00027903560732727925,0.00027903560732727654,-9.713834e-15
point_dcefa28a9987ccc0,point_04c01590abdbb8a1,R150_anchor,BR_Zgamma,2.227935311457049e-05,2.2279353114570524e-05,1.520750e-15
point_dcefa28a9987ccc0,point_04c01590abdbb8a1,R150_anchor,ctau_physical_mm,1.922732654274148e-10,1.922732654274147e-10,-5.377637e-16
point_43a7b378e4ae524d,point_508cf1664dc89678,R150_anchor,campaign_id,high_mass_h2_physical_point_scan_v1,high_mass_h2_physical_point_scan_v2_mh12520,
point_43a7b378e4ae524d,point_508cf1664dc89678,R150_anchor,m_h_GeV,125.13,125.2,5.594182e-04
point_43a7b378e4ae524d,point_508cf1664dc89678,R150_anchor,lambda1,6.852747934465261,6.853036977346629,4.217912e-05
point_43a7b378e4ae524d,point_508cf1664dc89678,R150_anchor,lambda2,0.6454250187196434,0.6457140616010129,4.478334e-04
point_43a7b378e4ae524d,point_508cf1664dc89678,R150_anchor,lambda3,7.795076183751151,7.795365226632522,3.708019e-05
point_43a7b378e4ae524d,point_508cf1664dc89678,R150_anchor,g_hH2H2_GeV,838.5063753076686,838.577543610406,8.487509e-05
point_43a7b378e4ae524d,point_508cf1664dc89678,R150_anchor,width_bb_GeV,0.0007766155292098774,0.0007766155292098769,-6.980302e-16
point_43a7b378e4ae524d,point_508cf1664dc89678,R150_anchor,width_cc_GeV,3.47700990472126e-05,3.4770099047212564e-05,-9.744383e-16
point_43a7b378e4ae524d,point_508cf1664dc89678,R150_anchor,width_tautau_GeV,7.76378771848908e-05,7.763787718489073e-05,-8.728038e-16
point_43a7b378e4ae524d,point_508cf1664dc89678,R150_anchor,width_gg_GeV,0.00013639351532564151,0.00013639351532564138,-9.936343e-16
point_43a7b378e4ae524d,point_508cf1664dc89678,R150_anchor,width_gammagamma_GeV,2.1047707947327324e-07,2.1047707947327046e-07,-1.320489e-14
point_43a7b378e4ae524d,point_508cf1664dc89678,R150_anchor,width_Zgamma_GeV,1.309203638123073e-08,1.3092036381230561e-08,-1.288912e-14
point_43a7b378e4ae524d,point_508cf1664dc89678,R150_anchor,total_width_GeV,0.0010261983576034279,0.0010261983576034272,-6.339138e-16
point_43a7b378e4ae524d,point_508cf1664dc89678,R150_anchor,BR_cc,0.0338824349011962,0.03388243490119618,-4.095865e-16
point_43a7b378e4ae524d,point_508cf1664dc89678,R150_anchor,BR_tautau,0.07565581898435837,0.07565581898435834,-3.668664e-16
point_43a7b378e4ae524d,point_508cf1664dc89678,R150_anchor,BR_gg,0.13291145353630598,0.13291145353630593,-4.176551e-16
point_43a7b378e4ae524d,point_508cf1664dc89678,R150_anchor,BR_gammagamma,0.0002051036994103353,0.00020510369941033273,-1.255453e-14
point_43a7b378e4ae524d,point_508cf1664dc89678,R150_anchor,BR_Zgamma,1.275780289865765e-05,1.2757802898657492e-05,-1.234916e-14
point_43a7b378e4ae524d,point_508cf1664dc89678,R150_anchor,ctau_physical_mm,1.9228931613263855e-10,1.9228931613263868e-10,6.721485e-16
point_2f99acf7f0b23641,point_47e1a9021ad18ab0,R150_anchor,campaign_id,high_mass_h2_physical_point_scan_v1,high_mass_h2_physical_point_scan_v2_mh12520,
point_2f99acf7f0b23641,point_47e1a9021ad18ab0,R150_anchor,m_h_GeV,125.13,125.2,5.594182e-04
point_2f99acf7f0b23641,point_47e1a9021ad18ab0,R150_anchor,lambda1,5.783874349726432,5.784163392607801,4.997392e-05
point_2f99acf7f0b23641,point_47e1a9021ad18ab0,R150_anchor,lambda2,0.5786204196734666,0.578909462554836,4.995380e-04
point_2f99acf7f0b23641,point_47e1a9021ad18ab0,R150_anchor,lambda3,7.527857787566445,7.528146830447814,3.839643e-05
point_2f99acf7f0b23641,point_47e1a9021ad18ab0,R150_anchor,g_hH2H2_GeV,706.917044156663,706.9882124594001,1.006742e-04
point_2f99acf7f0b23641,point_47e1a9021ad18ab0,R150_anchor,width_tautau_GeV,7.763787718489074e-05,7.763787718489075e-05,1.745608e-16
point_2f99acf7f0b23641,point_47e1a9021ad18ab0,R150_anchor,width_gg_GeV,0.0001363935153256411,0.0001363935153256408,-2.185995e-15
point_2f99acf7f0b23641,point_47e1a9021ad18ab0,R150_anchor,width_gammagamma_GeV,2.220118092002533e-07,2.2201180920025165e-07,-7.392068e-15
point_2f99acf7f0b23641,point_47e1a9021ad18ab0,R150_anchor,width_Zgamma_GeV,1.4495385877560938e-08,1.44953858775606e-08,-2.328256e-14
point_2f99acf7f0b23641,point_47e1a9021ad18ab0,R150_anchor,total_width_GeV,0.0010262112956826502,0.00102621129568265,-2.113019e-16
point_2f99acf7f0b23641,point_47e1a9021ad18ab0,R150_anchor,BR_bb,0.7567793615965428,0.7567793615965429,1.467037e-16
point_2f99acf7f0b23641,point_47e1a9021ad18ab0,R150_anchor,BR_cc,0.03388200772442582,0.033882007724425824,2.047958e-16
point_2f99acf7f0b23641,point_47e1a9021ad18ab0,R150_anchor,BR_tautau,0.07565486514475066,0.07565486514475069,3.668710e-16
point_2f99acf7f0b23641,point_47e1a9021ad18ab0,R150_anchor,BR_gg,0.13290977783957272,0.13290977783957245,-2.088302e-15
point_2f99acf7f0b23641,point_47e1a9021ad18ab0,R150_anchor,BR_gammagamma,0.00021634122537363799,0.00021634122537363644,-7.141441e-15
point_2f99acf7f0b23641,point_47e1a9021ad18ab0,R150_anchor,BR_Zgamma,1.4125147460902195e-05,1.4125147460901868e-05,-2.314699e-14
point_2f99acf7f0b23641,point_47e1a9021ad18ab0,R150_anchor,ctau_physical_mm,1.922868918225416e-10,1.9228689182254164e-10,2.688628e-16
point_27c2552d359eff68,point_74738511fb7600b5,R150_anchor,campaign_id,high_mass_h2_physical_point_scan_v1,high_mass_h2_physical_point_scan_v2_mh12520,
point_27c2552d359eff68,point_74738511fb7600b5,R150_anchor,m_h_GeV,125.13,125.2,5.594182e-04
point_27c2552d359eff68,point_74738511fb7600b5,R150_anchor,lambda1,4.715000764987602,4.715289807868972,6.130283e-05
point_27c2552d359eff68,point_74738511fb7600b5,R150_anchor,lambda2,0.5118158206272897,0.512104863508659,5.647400e-04
point_27c2552d359eff68,point_74738511fb7600b5,R150_anchor,lambda3,7.260639391381737,7.260928434263107,3.980956e-05
point_27c2552d359eff68,point_74738511fb7600b5,R150_anchor,g_hH2H2_GeV,575.327713005657,575.3988813083944,1.237005e-04
point_fc1def0c8ab0b0dc,point_f02a2eee44730cc5,R150_anchor,campaign_id,high_mass_h2_physical_point_scan_v1,high_mass_h2_physical_point_scan_v2_mh12520,
point_fc1def0c8ab0b0dc,point_f02a2eee44730cc5,R150_anchor,m_h_GeV,125.13,125.2,5.594182e-04
point_fc1def0c8ab0b0dc,point_f02a2eee44730cc5,R150_anchor,lambda1,3.6461271802487736,3.646416223130143,7.927394e-05
point_fc1def0c8ab0b0dc,point_f02a2eee44730cc5,R150_anchor,lambda2,0.4450112215811127,0.44530026446248205,6.495182e-04
point_fc1def0c8ab0b0dc,point_f02a2eee44730cc5,R150_anchor,lambda3,6.99342099519703,6.993710038078399,4.133069e-05
point_fc1def0c8ab0b0dc,point_f02a2eee44730cc5,R150_anchor,g_hH2H2_GeV,443.7383818546514,443.8095501573889,1.603835e-04
point_fc1def0c8ab0b0dc,point_f02a2eee44730cc5,R150_anchor,width_bb_GeV,0.000776615529209877,0.0007766155292098763,-9.772423e-16
point_fc1def0c8ab0b0dc,point_f02a2eee44730cc5,R150_anchor,width_cc_GeV,3.477009904721258e-05,3.4770099047212564e-05,-3.897753e-16
point_fc1def0c8ab0b0dc,point_f02a2eee44730cc5,R150_anchor,width_tautau_GeV,7.763787718489075e-05,7.763787718489066e-05,-1.221925e-15
point_fc1def0c8ab0b0dc,point_f02a2eee44730cc5,R150_anchor,width_gg_GeV,0.0001363935153256408,0.0001363935153256413,3.577083e-15
point_fc1def0c8ab0b0dc,point_f02a2eee44730cc5,R150_anchor,width_gammagamma_GeV,2.4600486455286086e-07,2.4600486455285964e-07,-4.949536e-15
point_fc1def0c8ab0b0dc,point_f02a2eee44730cc5,R150_anchor,width_Zgamma_GeV,1.7516453019386988e-08,1.751645301938719e-08,1.152243e-14
point_fc1def0c8ab0b0dc,point_f02a2eee44730cc5,R150_anchor,total_width_GeV,0.0010262383098051443,0.001026238309805144,-2.112964e-16
point_fc1def0c8ab0b0dc,point_f02a2eee44730cc5,R150_anchor,BR_bb,0.7567594405604834,0.7567594405604828,-7.335376e-16
point_fc1def0c8ab0b0dc,point_f02a2eee44730cc5,R150_anchor,BR_cc,0.033881115833431036,0.03388111583343103,-2.048012e-16
point_fc1def0c8ab0b0dc,point_f02a2eee44730cc5,R150_anchor,BR_tautau,0.0756528736484532,0.07565287364845312,-1.100642e-15
point_fc1def0c8ab0b0dc,point_f02a2eee44730cc5,R150_anchor,BR_gg,0.1329062791970204,0.1329062791970209,3.759043e-15
point_fc1def0c8ab0b0dc,point_f02a2eee44730cc5,R150_anchor,BR_gammagamma,0.00023971514433092128,0.00023971514433092014,-4.749021e-15
point_fc1def0c8ab0b0dc,point_f02a2eee44730cc5,R150_anchor,BR_Zgamma,1.7068601758506658e-05,1.706860175850686e-05,1.191005e-14
point_fc1def0c8ab0b0dc,point_f02a2eee44730cc5,R150_anchor,ctau_physical_mm,1.9228183017009686e-10,1.9228183017009691e-10,2.688699e-16
point_6d171d0c1e0b16d1,point_d561cbeb99ae12e8,R150_anchor,campaign_id,high_mass_h2_physical_point_scan_v1,high_mass_h2_physical_point_scan_v2_mh12520,
point_6d171d0c1e0b16d1,point_d561cbeb99ae12e8,R150_anchor,m_h_GeV,125.13,125.2,5.594182e-04
point_6d171d0c1e0b16d1,point_d561cbeb99ae12e8,R150_anchor,lambda1,2.577253595509945,2.5775426383913143,1.121515e-04
point_6d171d0c1e0b16d1,point_d561cbeb99ae12e8,R150_anchor,lambda2,0.37820662253493587,0.3784956654163053,7.642460e-04
point_6d171d0c1e0b16d1,point_d561cbeb99ae12e8,R150_anchor,lambda3,6.726202599012322,6.726491641893692,4.297267e-05
point_6d171d0c1e0b16d1,point_d561cbeb99ae12e8,R150_anchor,g_hH2H2_GeV,312.1490507036458,312.220219006383,2.279946e-04
point_6d171d0c1e0b16d1,point_d561cbeb99ae12e8,R150_anchor,width_tautau_GeV,7.763787718489074e-05,7.763787718489075e-05,1.745608e-16
point_6d171d0c1e0b16d1,point_d561cbeb99ae12e8,R150_anchor,width_gg_GeV,0.0001363935153256411,0.0001363935153256408,-2.185995e-15
point_6d171d0c1e0b16d1,point_d561cbeb99ae12e8,R150_anchor,width_gammagamma_GeV,2.5846319017848787e-07,2.584631901784883e-07,1.638595e-15
point_6d171d0c1e0b16d1,point_d561cbeb99ae12e8,R150_anchor,width_Zgamma_GeV,1.9134170664882624e-08,1.9134170664882634e-08,5.187665e-16
point_6d171d0c1e0b16d1,point_d561cbeb99ae12e8,R150_anchor,total_width_GeV,0.0010262523858484158,0.0010262523858484156,-2.112935e-16
point_6d171d0c1e0b16d1,point_d561cbeb99ae12e8,R150_anchor,BR_bb,0.7567490608734022,0.7567490608734023,1.467095e-16
point_6d171d0c1e0b16d1,point_d561cbeb99ae12e8,R150_anchor,BR_cc,0.0338806511211837,0.03388065112118371,2.048040e-16
point_6d171d0c1e0b16d1,point_d561cbeb99ae12e8,R150_anchor,BR_tautau,0.075651835996178,0.07565183599617803,3.668857e-16
point_6d171d0c1e0b16d1,point_d561cbeb99ae12e8,R150_anchor,BR_gg,0.13290445625895705,0.1329044562589568,-1.879547e-15
point_6d171d0c1e0b16d1,point_d561cbeb99ae12e8,R150_anchor,BR_gammagamma,0.00025185148774569045,0.00025185148774569093,1.937217e-15
point_6d171d0c1e0b16d1,point_d561cbeb99ae12e8,R150_anchor,BR_Zgamma,1.8644702734663232e-05,1.8644702734663246e-05,7.268835e-16
point_6d171d0c1e0b16d1,point_d561cbeb99ae12e8,R150_anchor,ctau_physical_mm,1.9227919283896944e-10,1.9227919283896947e-10,1.344368e-16
point_40ec63be6285b102,point_0ddb50aaffa37085,R150_anchor,campaign_id,high_mass_h2_physical_point_scan_v1,high_mass_h2_physical_point_scan_v2_mh12520,
point_40ec63be6285b102,point_0ddb50aaffa37085,R150_anchor,m_h_GeV,125.13,125.2,5.594182e-04
point_40ec63be6285b102,point_0ddb50aaffa37085,R150_anchor,lambda1,1.5083800107711165,1.5086690536524858,1.916247e-04
point_40ec63be6285b102,point_0ddb50aaffa37085,R150_anchor,lambda2,0.3114020234887591,0.31169106637012844,9.281985e-04
point_40ec63be6285b102,point_0ddb50aaffa37085,R150_anchor,lambda3,6.458984202827616,6.459273245708985,4.475052e-05
point_40ec63be6285b102,point_0ddb50aaffa37085,R150_anchor,g_hH2H2_GeV,180.55971955264,180.6308878553773,3.941538e-04
point_40ec63be6285b102,point_0ddb50aaffa37085,R150_anchor,width_bb_GeV,0.0007766155292098767,0.0007766155292098761,-6.980302e-16
point_40ec63be6285b102,point_0ddb50aaffa37085,R150_anchor,width_tautau_GeV,7.76378771848907e-05,7.763787718489066e-05,-5.236823e-16
point_40ec63be6285b102,point_0ddb50aaffa37085,R150_anchor,width_gg_GeV,0.0001363935153256411,0.0001363935153256404,-5.166898e-15
point_40ec63be6285b102,point_0ddb50aaffa37085,R150_anchor,width_gammagamma_GeV,2.71229381103665e-07,2.712293811036633e-07,-6.245879e-15
point_40ec63be6285b102,point_0ddb50aaffa37085,R150_anchor,width_Zgamma_GeV,2.0823344360100154e-08,2.0823344360099647e-08,-2.431091e-14
point_40ec63be6285b102,point_0ddb50aaffa37085,R150_anchor,total_width_GeV,0.0010262668412130357,0.0010262668412130346,-1.056453e-15
point_40ec63be6285b102,point_0ddb50aaffa37085,R150_anchor,BR_bb,0.7567384017707578,0.756738401770758,2.934232e-16
point_40ec63be6285b102,point_0ddb50aaffa37085,R150_anchor,BR_cc,0.033880173899133975,0.03388017389913401,1.024035e-15
point_40ec63be6285b102,point_0ddb50aaffa37085,R150_anchor,BR_tautau,0.0756507704108647,0.07565077041086474,5.503363e-16
point_40ec63be6285b102,point_0ddb50aaffa37085,R150_anchor,BR_gg,0.13290258424838663,0.13290258424838608,-4.176830e-15
point_40ec63be6285b102,point_0ddb50aaffa37085,R150_anchor,BR_gammagamma,0.00026428738629329085,0.0002642873862932895,-5.127951e-15
point_40ec63be6285b102,point_0ddb50aaffa37085,R150_anchor,BR_Zgamma,2.0290380166124435e-05,2.029038016612396e-05,-2.337750e-14
point_40ec63be6285b102,point_0ddb50aaffa37085,R150_anchor,ctau_physical_mm,1.9227648451231433e-10,1.9227648451231454e-10,1.075509e-15
point_3c8b687e48cbf473,point_11b6bfbee65a2b30,R150_anchor,campaign_id,high_mass_h2_physical_point_scan_v1,high_mass_h2_physical_point_scan_v2_mh12520,
point_3c8b687e48cbf473,point_11b6bfbee65a2b30,R150_anchor,m_h_GeV,125.13,125.2,5.594182e-04
point_3c8b687e48cbf473,point_11b6bfbee65a2b30,R150_anchor,lambda1,0.4395064260322876,0.43979546891365695,6.576534e-04
point_3c8b687e48cbf473,point_11b6bfbee65a2b30,R150_anchor,lambda2,0.24459742444258223,0.2448864673239516,1.181709e-03
point_3c8b687e48cbf473,point_11b6bfbee65a2b30,R150_anchor,lambda3,6.191765806642908,6.192054849524277,4.668182e-05
point_3c8b687e48cbf473,point_11b6bfbee65a2b30,R150_anchor,g_hH2H2_GeV,48.97038840163418,49.0415567043716,1.453293e-03
point_3c8b687e48cbf473,point_11b6bfbee65a2b30,R150_anchor,width_bb_GeV,0.0007766155292098767,0.0007766155292098761,-6.980302e-16
point_3c8b687e48cbf473,point_11b6bfbee65a2b30,R150_anchor,width_tautau_GeV,7.76378771848907e-05,7.763787718489066e-05,-5.236823e-16
point_3c8b687e48cbf473,point_11b6bfbee65a2b30,R150_anchor,width_gg_GeV,0.0001363935153256411,0.0001363935153256404,-5.166898e-15
point_3c8b687e48cbf473,point_11b6bfbee65a2b30,R150_anchor,width_gammagamma_GeV,2.8430343732838917e-07,2.8430343732838784e-07,-4.655199e-15
point_3c8b687e48cbf473,point_11b6bfbee65a2b30,R150_anchor,width_Zgamma_GeV,2.258397410503882e-08,2.2583974105038505e-08,-1.391822e-14
point_3c8b687e48cbf473,point_11b6bfbee65a2b30,R150_anchor,total_width_GeV,0.0010262816758990054,0.001026281675899004,-1.267725e-15
point_3c8b687e48cbf473,point_11b6bfbee65a2b30,R150_anchor,BR_bb,0.7567274632761758,0.7567274632761762,5.868549e-16
point_3c8b687e48cbf473,point_11b6bfbee65a2b30,R150_anchor,BR_cc,0.0338796841683396,0.03387968416833964,1.228859e-15
point_3c8b687e48cbf473,point_11b6bfbee65a2b30,R150_anchor,BR_tautau,0.07564967689487512,0.07564967689487517,7.337923e-16
point_3c8b687e48cbf473,point_11b6bfbee65a2b30,R150_anchor,BR_gg,0.13290066316945853,0.132900663169458,-3.968046e-15
point_3c8b687e48cbf473,point_11b6bfbee65a2b30,R150_anchor,BR_gammagamma,0.00027702281352665113,0.00027702281352665016,-3.522388e-15
point_3c8b687e48cbf473,point_11b6bfbee65a2b30,R150_anchor,BR_Zgamma,2.200562928813441e-05,2.200562928813413e-05,-1.262526e-14
point_3c8b687e48cbf473,point_11b6bfbee65a2b30,R150_anchor,ctau_physical_mm,1.922737051961343e-10,1.9227370519613454e-10,1.209965e-15
point_f3a39760eb0e0376,point_a4fff7e3b3bac411,R150_anchor,campaign_id,high_mass_h2_physical_point_scan_v1,high_mass_h2_physical_point_scan_v2_mh12520,
point_f3a39760eb0e0376,point_a4fff7e3b3bac411,R150_anchor,m_h_GeV,125.13,125.2,5.594182e-04
point_f3a39760eb0e0376,point_a4fff7e3b3bac411,R150_anchor,lambda1,6.552747934465261,6.553036977346629,4.411018e-05
point_f3a39760eb0e0376,point_a4fff7e3b3bac411,R150_anchor,lambda2,0.6516750187196434,0.6519640616010128,4.435384e-04
point_f3a39760eb0e0376,point_a4fff7e3b3bac411,R150_anchor,lambda3,7.770076183751151,7.770365226632522,3.719949e-05
point_f3a39760eb0e0376,point_a4fff7e3b3bac411,R150_anchor,g_hH2H2_GeV,838.5063753076686,838.577543610406,8.487509e-05
point_f3a39760eb0e0376,point_a4fff7e3b3bac411,R150_anchor,width_bb_GeV,0.0007766155292098767,0.000776615529209877,4.188181e-16
point_f3a39760eb0e0376,point_a4fff7e3b3bac411,R150_anchor,width_cc_GeV,3.4770099047212564e-05,3.477009904721258e-05,3.897753e-16
point_f3a39760eb0e0376,point_a4fff7e3b3bac411,R150_anchor,width_tautau_GeV,7.76378771848907e-05,7.763787718489075e-05,6.982431e-16
point_f3a39760eb0e0376,point_a4fff7e3b3bac411,R150_anchor,width_gg_GeV,0.0001363935153256409,0.0001363935153256408,-5.961806e-16
point_f3a39760eb0e0376,point_a4fff7e3b3bac411,R150_anchor,width_gammagamma_GeV,2.1225540005862713e-07,2.122554000586229e-07,-1.995315e-14
point_f3a39760eb0e0376,point_a4fff7e3b3bac411,R150_anchor,width_Zgamma_GeV,1.3306154693674886e-08,1.3306154693673858e-08,-7.720926e-14
point_f3a39760eb0e0376,point_a4fff7e3b3bac411,R150_anchor,total_width_GeV,0.001026200350042324,0.0010262003500423245,4.226084e-16
point_f3a39760eb0e0376,point_a4fff7e3b3bac411,R150_anchor,BR_tautau,0.07565567209335745,0.07565567209335747,1.834335e-16
point_f3a39760eb0e0376,point_a4fff7e3b3bac411,R150_anchor,BR_gg,0.13291119547953337,0.13291119547953323,-1.044140e-15
point_f3a39760eb0e0376,point_a4fff7e3b3bac411,R150_anchor,BR_gammagamma,0.00020683621872656056,0.00020683621872655633,-2.044317e-14
point_f3a39760eb0e0376,point_a4fff7e3b3bac411,R150_anchor,BR_Zgamma,1.2966429696819041e-05,1.2966429696818035e-05,-7.760618e-14
point_f3a39760eb0e0376,point_a4fff7e3b3bac411,R150_anchor,ctau_physical_mm,1.9228894278964294e-10,1.9228894278964286e-10,-4.032899e-16
point_18056e69fbea3dca,point_d34fa68c3766aa69,R150_anchor,campaign_id,high_mass_h2_physical_point_scan_v1,high_mass_h2_physical_point_scan_v2_mh12520,
point_18056e69fbea3dca,point_d34fa68c3766aa69,R150_anchor,m_h_GeV,125.13,125.2,5.594182e-04
point_18056e69fbea3dca,point_d34fa68c3766aa69,R150_anchor,lambda1,5.483874349726432,5.484163392607801,5.270779e-05
point_18056e69fbea3dca,point_d34fa68c3766aa69,R150_anchor,lambda2,0.5848704196734665,0.585159462554836,4.941999e-04
point_18056e69fbea3dca,point_d34fa68c3766aa69,R150_anchor,lambda3,7.502857787566445,7.503146830447814,3.852437e-05
point_18056e69fbea3dca,point_d34fa68c3766aa69,R150_anchor,g_hH2H2_GeV,706.917044156663,706.9882124594001,1.006742e-04
point_18056e69fbea3dca,point_d34fa68c3766aa69,R150_anchor,width_bb_GeV,0.000776615529209877,0.0007766155292098763,-9.772423e-16
point_18056e69fbea3dca,point_d34fa68c3766aa69,R150_anchor,width_cc_GeV,3.477009904721258e-05,3.4770099047212564e-05,-3.897753e-16
point_18056e69fbea3dca,point_d34fa68c3766aa69,R150_anchor,width_tautau_GeV,7.763787718489074e-05,7.763787718489066e-05,-1.047365e-15
point_18056e69fbea3dca,point_d34fa68c3766aa69,R150_anchor,width_gg_GeV,0.0001363935153256411,0.0001363935153256413,1.391088e-15
point_18056e69fbea3dca,point_d34fa68c3766aa69,R150_anchor,width_gammagamma_GeV,2.2383813441776213e-07,2.2383813441776076e-07,-6.149214e-15
point_18056e69fbea3dca,point_d34fa68c3766aa69,R150_anchor,width_Zgamma_GeV,1.4720646145228136e-08,1.4720646145227987e-08,-1.011454e-14
point_18056e69fbea3dca,point_d34fa68c3766aa69,R150_anchor,total_width_GeV,0.0010262133472681355,0.0010262133472681348,-6.339045e-16
point_18056e69fbea3dca,point_d34fa68c3766aa69,R150_anchor,BR_bb,0.756777848658168,0.7567778486581678,-2.934079e-16
point_18056e69fbea3dca,point_d34fa68c3766aa69,R150_anchor,BR_cc,0.03388193998818418,0.03388193998818419,2.047962e-16
point_18056e69fbea3dca,point_d34fa68c3766aa69,R150_anchor,BR_tautau,0.07565471389703629,0.07565471389703626,-3.668717e-16
point_18056e69fbea3dca,point_d34fa68c3766aa69,R150_anchor,BR_gg,0.13290951212896607,0.13290951212896632,1.879476e-15
point_18056e69fbea3dca,point_d34fa68c3766aa69,R150_anchor,BR_gammagamma,0.00021812046687332386,0.00021812046687332267,-5.467723e-15
point_18056e69fbea3dca,point_d34fa68c3766aa69,R150_anchor,BR_Zgamma,1.4344625495678565e-05,1.4344625495678427e-05,-9.565906e-15
point_18056e69fbea3dca,point_d34fa68c3766aa69,R150_anchor,ctau_physical_mm,1.9228650740637967e-10,1.922865074063798e-10,6.721583e-16
point_6c2842f8d4db7821,point_722d813d46cd5e1e,R150_anchor,campaign_id,high_mass_h2_physical_point_scan_v1,high_mass_h2_physical_point_scan_v2_mh12520,
point_6c2842f8d4db7821,point_722d813d46cd5e1e,R150_anchor,m_h_GeV,125.13,125.2,5.594182e-04
point_6c2842f8d4db7821,point_722d813d46cd5e1e,R150_anchor,lambda1,4.415000764987602,4.415289807868972,6.546836e-05
point_6c2842f8d4db7821,point_722d813d46cd5e1e,R150_anchor,lambda2,0.5180658206272897,0.518354863508659,5.579269e-04
point_6c2842f8d4db7821,point_722d813d46cd5e1e,R150_anchor,lambda3,7.235639391381737,7.235928434263107,3.994711e-05
point_6c2842f8d4db7821,point_722d813d46cd5e1e,R150_anchor,g_hH2H2_GeV,575.327713005657,575.3988813083945,1.237005e-04
point_6c2842f8d4db7821,point_722d813d46cd5e1e,R150_anchor,width_bb_GeV,0.0007766155292098769,0.000776615529209877,1.396060e-16
point_6c2842f8d4db7821,point_722d813d46cd5e1e,R150_anchor,width_cc_GeV,3.4770099047212564e-05,3.477009904721258e-05,3.897753e-16
point_6c2842f8d4db7821,point_722d813d46cd5e1e,R150_anchor,width_tautau_GeV,7.763787718489073e-05,7.763787718489075e-05,3.491215e-16
point_6c2842f8d4db7821,point_722d813d46cd5e1e,R150_anchor,width_gg_GeV,0.00013639351532564138,0.0001363935153256408,-4.173264e-15
point_6c2842f8d4db7821,point_722d813d46cd5e1e,R150_anchor,width_gammagamma_GeV,2.3572873407645126e-07,2.3572873407644961e-07,-6.961927e-15
point_6c2842f8d4db7821,point_722d813d46cd5e1e,R150_anchor,width_Zgamma_GeV,1.6206593646504008e-08,1.6206593646503082e-08,-5.716453e-14
point_6c2842f8d4db7821,point_722d813d46cd5e1e,R150_anchor,total_width_GeV,0.0010262267238152956,0.0010262267238152951,-4.225975e-16
point_6c2842f8d4db7821,point_722d813d46cd5e1e,R150_anchor,BR_bb,0.756767984293552,0.7567679842935524,5.868235e-16
point_6c2842f8d4db7821,point_722d813d46cd5e1e,R150_anchor,BR_cc,0.033881498347601624,0.03388149834760165,8.191956e-16
point_6c2842f8d4db7821,point_722d813d46cd5e1e,R150_anchor,BR_tautau,0.07565372776129761,0.07565372776129767,7.337530e-16
point_6c2842f8d4db7821,point_722d813d46cd5e1e,R150_anchor,BR_gg,0.13290777969468473,0.13290777969468423,-3.759000e-15
point_6c2842f8d4db7821,point_722d813d46cd5e1e,R150_anchor,BR_gammagamma,0.00022970434174629685,0.00022970434174629536,-6.489986e-15
point_6c2842f8d4db7821,point_722d813d46cd5e1e,R150_anchor,BR_Zgamma,1.5792410459017568e-05,1.5792410459016674e-05,-5.663903e-14
point_6c2842f8d4db7821,point_722d813d46cd5e1e,R150_anchor,ctau_physical_mm,1.9228400101137467e-10,1.9228400101137475e-10,4.033002e-16
point_9fc9e863b5405b55,point_ca35b21d49bf708e,R150_anchor,campaign_id,high_mass_h2_physical_point_scan_v1,high_mass_h2_physical_point_scan_v2_mh12520,
point_9fc9e863b5405b55,point_ca35b21d49bf708e,R150_anchor,m_h_GeV,125.13,125.2,5.594182e-04
point_9fc9e863b5405b55,point_ca35b21d49bf708e,R150_anchor,lambda1,3.3461271802487738,3.3464162231301433,8.638132e-05
point_9fc9e863b5405b55,point_ca35b21d49bf708e,R150_anchor,lambda2,0.45126122158111276,0.4515502644624821,6.405223e-04
point_9fc9e863b5405b55,point_ca35b21d49bf708e,R150_anchor,lambda3,6.96842099519703,6.968710038078399,4.147896e-05
point_9fc9e863b5405b55,point_ca35b21d49bf708e,R150_anchor,g_hH2H2_GeV,443.73838185465115,443.8095501573887,1.603835e-04
point_9fc9e863b5405b55,point_ca35b21d49bf708e,R150_anchor,width_bb_GeV,0.000776615529209877,0.0007766155292098764,-8.376362e-16
point_9fc9e863b5405b55,point_ca35b21d49bf708e,R150_anchor,width_tautau_GeV,7.763787718489075e-05,7.763787718489069e-05,-8.728038e-16
point_9fc9e863b5405b55,point_ca35b21d49bf708e,R150_anchor,width_gg_GeV,0.0001363935153256408,0.00013639351532564062,-1.391088e-15
point_9fc9e863b5405b55,point_ca35b21d49bf708e,R150_anchor,width_gammagamma_GeV,2.479271990346858e-07,2.4792719903468714e-07,5.338216e-15
point_9fc9e863b5405b55,point_ca35b21d49bf708e,R150_anchor,width_Zgamma_GeV,1.7763997197500166e-08,1.776399719749967e-08,-2.793900e-14
point_9fc9e863b5405b55,point_ca35b21d49bf708e,R150_anchor,total_width_GeV,0.0010262404796838043,0.0010262404796838034,-8.451837e-16
point_9fc9e863b5405b55,point_ca35b21d49bf708e,R150_anchor,BR_cc,0.033881044195338716,0.033881044195338744,8.192066e-16
point_9fc9e863b5405b55,point_ca35b21d49bf708e,R150_anchor,BR_gg,0.13290599818052892,0.13290599818052884,-6.265084e-16
point_9fc9e863b5405b55,point_ca35b21d49bf708e,R150_anchor,BR_gammagamma,0.00024158781878402892,0.0002415878187840304,6.170750e-15
point_9fc9e863b5405b55,point_ca35b21d49bf708e,R150_anchor,BR_Zgamma,1.7309780260249962e-05,1.730978026024949e-05,-2.720718e-14
point_9fc9e863b5405b55,point_ca35b21d49bf708e,R150_anchor,ctau_physical_mm,1.92281423610184e-10,1.9228142361018416e-10,8.066113e-16
point_76bca93adc5e7b3a,point_0d753600eb7356a1,R150_anchor,campaign_id,high_mass_h2_physical_point_scan_v1,high_mass_h2_physical_point_scan_v2_mh12520,
point_76bca93adc5e7b3a,point_0d753600eb7356a1,R150_anchor,m_h_GeV,125.13,125.2,5.594182e-04
point_76bca93adc5e7b3a,point_0d753600eb7356a1,R150_anchor,lambda1,2.2772535955099453,2.2775426383913144,1.269261e-04
point_76bca93adc5e7b3a,point_0d753600eb7356a1,R150_anchor,lambda2,0.3844566225349359,0.3847456654163053,7.518218e-04
point_76bca93adc5e7b3a,point_0d753600eb7356a1,R150_anchor,lambda3,6.701202599012322,6.701491641893692,4.313299e-05
point_76bca93adc5e7b3a,point_0d753600eb7356a1,R150_anchor,g_hH2H2_GeV,312.14905070364557,312.2202190063831,2.279946e-04
point_76bca93adc5e7b3a,point_0d753600eb7356a1,R150_anchor,width_tautau_GeV,7.763787718489074e-05,7.763787718489075e-05,1.745608e-16
point_76bca93adc5e7b3a,point_0d753600eb7356a1,R150_anchor,width_gg_GeV,0.0001363935153256411,0.0001363935153256408,-2.185995e-15
point_76bca93adc5e7b3a,point_0d753600eb7356a1,R150_anchor,width_gammagamma_GeV,2.604335292924702e-07,2.604335292924706e-07,1.422923e-15
point_76bca93adc5e7b3a,point_0d753600eb7356a1,R150_anchor,width_Zgamma_GeV,1.9392856798218856e-08,1.9392856798218873e-08,8.530776e-16
point_76bca93adc5e7b3a,point_0d753600eb7356a1,R150_anchor,total_width_GeV,0.0010262546148736632,0.0010262546148736627,-4.225860e-16
point_76bca93adc5e7b3a,point_0d753600eb7356a1,R150_anchor,BR_bb,0.7567474172142769,0.7567474172142772,4.401296e-16
point_76bca93adc5e7b3a,point_0d753600eb7356a1,R150_anchor,BR_cc,0.033880577532402076,0.03388057753240209,4.096090e-16
point_76bca93adc5e7b3a,point_0d753600eb7356a1,R150_anchor,BR_tautau,0.07565167168037372,0.07565167168037376,5.503297e-16
point_76bca93adc5e7b3a,point_0d753600eb7356a1,R150_anchor,BR_gg,0.1329041675904491,0.13290416759044885,-1.879551e-15
point_76bca93adc5e7b3a,point_0d753600eb7356a1,R150_anchor,BR_gammagamma,0.0002537708727619518,0.00025377087276195223,1.708947e-15
point_76bca93adc5e7b3a,point_0d753600eb7356a1,R150_anchor,BR_Zgamma,1.8896730418704337e-05,1.889673041870436e-05,1.255081e-15
point_76bca93adc5e7b3a,point_0d753600eb7356a1,R150_anchor,ctau_physical_mm,1.9227877520852066e-10,1.9227877520852073e-10,4.033112e-16
point_dc09669cdfdc54ef,point_34616b4dcef441ce,R150_anchor,campaign_id,high_mass_h2_physical_point_scan_v1,high_mass_h2_physical_point_scan_v2_mh12520,
point_dc09669cdfdc54ef,point_34616b4dcef441ce,R150_anchor,m_h_GeV,125.13,125.2,5.594182e-04
point_dc09669cdfdc54ef,point_34616b4dcef441ce,R150_anchor,lambda1,1.2083800107711165,1.2086690536524858,2.391987e-04
point_dc09669cdfdc54ef,point_34616b4dcef441ce,R150_anchor,lambda2,0.3176520234887591,0.3179410663701284,9.099356e-04
point_dc09669cdfdc54ef,point_34616b4dcef441ce,R150_anchor,lambda3,6.433984202827616,6.434273245708985,4.492440e-05
point_dc09669cdfdc54ef,point_34616b4dcef441ce,R150_anchor,g_hH2H2_GeV,180.55971955264,180.6308878553773,3.941538e-04
point_dc09669cdfdc54ef,point_34616b4dcef441ce,R150_anchor,width_bb_GeV,0.000776615529209877,0.0007766155292098764,-8.376362e-16
point_dc09669cdfdc54ef,point_34616b4dcef441ce,R150_anchor,width_tautau_GeV,7.763787718489075e-05,7.763787718489069e-05,-8.728038e-16
point_dc09669cdfdc54ef,point_34616b4dcef441ce,R150_anchor,width_gg_GeV,0.0001363935153256408,0.00013639351532564062,-1.391088e-15
point_dc09669cdfdc54ef,point_34616b4dcef441ce,R150_anchor,width_gammagamma_GeV,2.732477248498039e-07,2.7324772484980533e-07,5.231034e-15
point_dc09669cdfdc54ef,point_34616b4dcef441ce,R150_anchor,width_Zgamma_GeV,2.1093172448659228e-08,2.1093172448658732e-08,-2.352934e-14
point_dc09669cdfdc54ef,point_34616b4dcef441ce,R150_anchor,total_width_GeV,0.0010262691293848707,0.0010262691293848698,-8.451601e-16
point_dc09669cdfdc54ef,point_34616b4dcef441ce,R150_anchor,BR_cc,0.03388009835982616,0.03388009835982619,8.192295e-16
point_dc09669cdfdc54ef,point_34616b4dcef441ce,R150_anchor,BR_gg,0.13290228792850167,0.1329022879285016,-6.265259e-16
point_dc09669cdfdc54ef,point_34616b4dcef441ce,R150_anchor,BR_gammagamma,0.0002662534777925009,0.00026625347779250254,6.108101e-15
point_dc09669cdfdc54ef,point_34616b4dcef441ce,R150_anchor,BR_Zgamma,2.0553256299643487e-05,2.055325629964302e-05,-2.274881e-14
point_dc09669cdfdc54ef,point_34616b4dcef441ce,R150_anchor,ctau_physical_mm,1.9227605581225526e-10,1.9227605581225542e-10,8.066338e-16
point_933232947b3ba870,point_a411fc3a427647e9,R150_anchor,campaign_id,high_mass_h2_physical_point_scan_v1,high_mass_h2_physical_point_scan_v2_mh12520,
point_933232947b3ba870,point_a411fc3a427647e9,R150_anchor,m_h_GeV,125.13,125.2,5.594182e-04
point_933232947b3ba870,point_a411fc3a427647e9,R150_anchor,lambda1,0.1395064260322876,0.13979546891365696,2.071897e-03
point_933232947b3ba870,point_a411fc3a427647e9,R150_anchor,lambda2,0.25084742444258223,0.2511364673239516,1.152266e-03
point_933232947b3ba870,point_a411fc3a427647e9,R150_anchor,lambda3,6.166765806642908,6.167054849524277,4.687107e-05
point_933232947b3ba870,point_a411fc3a427647e9,R150_anchor,g_hH2H2_GeV,48.97038840163418,49.0415567043716,1.453293e-03
point_933232947b3ba870,point_a411fc3a427647e9,R150_anchor,width_bb_GeV,0.0007766155292098767,0.0007766155292098761,-6.980302e-16
point_933232947b3ba870,point_a411fc3a427647e9,R150_anchor,width_tautau_GeV,7.76378771848907e-05,7.763787718489066e-05,-5.236823e-16
point_933232947b3ba870,point_a411fc3a427647e9,R150_anchor,width_gg_GeV,0.0001363935153256411,0.0001363935153256404,-5.166898e-15
point_933232947b3ba870,point_a411fc3a427647e9,R150_anchor,width_gammagamma_GeV,2.863697857066861e-07,2.8636978570668473e-07,-4.806473e-15
point_933232947b3ba870,point_a411fc3a427647e9,R150_anchor,width_Zgamma_GeV,2.2864944148821143e-08,2.2864944148820855e-08,-1.258953e-14
point_933232947b3ba870,point_a411fc3a427647e9,R150_anchor,total_width_GeV,0.0010262840232174275,0.0010262840232174262,-1.267722e-15
point_933232947b3ba870,point_a411fc3a427647e9,R150_anchor,BR_bb,0.756725732487939,0.7567257324879393,4.401422e-16
point_933232947b3ba870,point_a411fc3a427647e9,R150_anchor,BR_cc,0.03387960667867301,0.033879606678673055,1.228862e-15
point_933232947b3ba870,point_a411fc3a427647e9,R150_anchor,BR_tautau,0.07564950386881587,0.07564950386881593,7.337940e-16
point_933232947b3ba870,point_a411fc3a427647e9,R150_anchor,BR_gg,0.13290035919885398,0.13290035919885346,-3.968055e-15
point_933232947b3ba870,point_a411fc3a427647e9,R150_anchor,BR_gammagamma,0.00027903560732526,0.000279035607325259,-3.496980e-15
point_933232947b3ba870,point_a411fc3a427647e9,R150_anchor,BR_Zgamma,2.227935311429573e-05,2.227935311429548e-05,-1.125355e-14
point_933232947b3ba870,point_a411fc3a427647e9,R150_anchor,ctau_physical_mm,1.9227326542741522e-10,1.9227326542741548e-10,1.344409e-15
point_38f0c85db4d182b8,point_4432578c0247d14b,R150_anchor,campaign_id,high_mass_h2_physical_point_scan_v1,high_mass_h2_physical_point_scan_v2_mh12520,
point_38f0c85db4d182b8,point_4432578c0247d14b,R150_anchor,m_h_GeV,125.13,125.2,5.594182e-04
point_38f0c85db4d182b8,point_4432578c0247d14b,R150_anchor,lambda1,0.26599683493463816,0.26628587781600793,1.086640e-03
point_38f0c85db4d182b8,point_4432578c0247d14b,R150_anchor,lambda2,0.2566825203535587,0.2569715632349282,1.126072e-03
point_38f0c85db4d182b8,point_4432578c0247d14b,R150_anchor,lambda3,6.176765806642908,6.177054849524278,4.679518e-05
point_38f0c85db4d182b8,point_4432578c0247d14b,R150_anchor,g_hH2H2_GeV,48.970388401633954,49.0415567043716,1.453293e-03
point_38f0c85db4d182b8,point_4432578c0247d14b,R150_anchor,width_bb_GeV,0.0001242584846735798,0.00012425848467358003,1.745075e-15
point_38f0c85db4d182b8,point_4432578c0247d14b,R150_anchor,width_cc_GeV,5.563215847553994e-06,5.563215847554001e-06,1.218048e-15
point_38f0c85db4d182b8,point_4432578c0247d14b,R150_anchor,width_tautau_GeV,1.2422060349582469e-05,1.2422060349582498e-05,2.318385e-15
point_38f0c85db4d182b8,point_4432578c0247d14b,R150_anchor,width_gg_GeV,2.182296245210236e-05,2.1822962452102426e-05,3.105107e-15
point_38f0c85db4d182b8,point_4432578c0247d14b,R150_anchor,width_gammagamma_GeV,4.6787427223888584e-08,4.6787427223888795e-08,4.525965e-15
point_38f0c85db4d182b8,point_4432578c0247d14b,R150_anchor,width_Zgamma_GeV,3.790703839205513e-09,3.790703839205607e-09,2.487627e-14
point_38f0c85db4d182b8,point_4432578c0247d14b,R150_anchor,total_width_GeV,0.0001642065442890739,0.0001642065442890742,1.815735e-15
point_38f0c85db4d182b8,point_4432578c0247d14b,R150_anchor,width_unaccounted_GeV,8.924283519215915e-08,8.924283519213204e-08,-3.037225e-13
point_38f0c85db4d182b8,point_4432578c0247d14b,R150_anchor,BR_bb,0.7567206606262392,0.7567206606262391,-1.467150e-16
point_38f0c85db4d182b8,point_4432578c0247d14b,R150_anchor,BR_cc,0.033879379604751625,0.033879379604751604,-6.144352e-16
point_38f0c85db4d182b8,point_4432578c0247d14b,R150_anchor,BR_tautau,0.07564899683726563,0.07564899683726566,3.668995e-16
point_38f0c85db4d182b8,point_4432578c0247d14b,R150_anchor,BR_gg,0.1328994684504449,0.13289946845044506,1.253078e-15
point_38f0c85db4d182b8,point_4432578c0247d14b,R150_anchor,BR_gammagamma,0.0002849303444418309,0.00028493034444183164,2.663604e-15
point_38f0c85db4d182b8,point_4432578c0247d14b,R150_anchor,BR_Zgamma,2.3084974205000315e-05,2.3084974205000847e-05,2.304255e-14
point_38f0c85db4d182b8,point_4432578c0247d14b,R150_anchor,ctau_physical_mm,1.201699854621019e-09,1.2016998546210166e-09,-1.892941e-15
point_2302212259f4e1db,point_b4646db1d55ad210,R150_anchor,campaign_id,high_mass_h2_physical_point_scan_v1,high_mass_h2_physical_point_scan_v2_mh12520,
point_2302212259f4e1db,point_b4646db1d55ad210,R150_anchor,m_h_GeV,125.13,125.2,5.594182e-04
point_2302212259f4e1db,point_b4646db1d55ad210,R150_anchor,lambda1,5.503362429975431,5.503601565305108,4.345259e-05
point_2302212259f4e1db,point_b4646db1d55ad210,R150_anchor,lambda2,0.5799983996112167,0.580299919380509,5.198631e-04
point_2302212259f4e1db,point_b4646db1d55ad210,R150_anchor,lambda3,7.510870880600105,7.511139402534842,3.575111e-05
point_2302212259f4e1db,point_b4646db1d55ad210,R150_anchor,g_hH2H2_GeV,639.7391400997858,639.805189607741,1.032444e-04
point_2302212259f4e1db,point_b4646db1d55ad210,R150_anchor,width_bb_GeV,0.0006425213094013511,0.0006425213094013514,5.062255e-16
point_2302212259f4e1db,point_b4646db1d55ad210,R150_anchor,width_cc_GeV,2.876652439664553e-05,2.8766524396645558e-05,9.422429e-16
point_2302212259f4e1db,point_b4646db1d55ad210,R150_anchor,width_tautau_GeV,6.423254317194621e-05,6.423254317194627e-05,8.439664e-16
point_2302212259f4e1db,point_b4646db1d55ad210,R150_anchor,width_WW_GeV,2.2983471442855098e-05,2.2983471442855407e-05,1.341486e-14
point_2302212259f4e1db,point_b4646db1d55ad210,R150_anchor,width_ZZ_GeV,2.779393476651514e-06,2.7793934766515416e-06,9.904525e-15
point_2302212259f4e1db,point_b4646db1d55ad210,R150_anchor,width_gg_GeV,0.00011284314665976847,0.00011284314665976866,1.681408e-15
point_2302212259f4e1db,point_b4646db1d55ad210,R150_anchor,width_gammagamma_GeV,4.588086380563776e-07,4.588086380563781e-07,1.038464e-15
point_2302212259f4e1db,point_b4646db1d55ad210,R150_anchor,width_Zgamma_GeV,1.5837786197839094e-07,1.5837786197839184e-07,5.682439e-15
point_2302212259f4e1db,point_b4646db1d55ad210,R150_anchor,total_width_GeV,0.0008752050358780482,0.0008752050358780491,9.910383e-16
point_2302212259f4e1db,point_b4646db1d55ad210,R150_anchor,BR_bb,0.7341380397300188,0.7341380397300183,-6.049124e-16
point_2302212259f4e1db,point_b4646db1d55ad210,R150_anchor,BR_WW,0.02626067092929483,0.026260670929295155,1.241888e-14
point_2302212259f4e1db,point_b4646db1d55ad210,R150_anchor,BR_ZZ,0.003175705534947124,0.003175705534947152,8.876533e-15
point_2302212259f4e1db,point_b4646db1d55ad210,R150_anchor,BR_gg,0.12893338364599186,0.12893338364599194,6.458120e-16
point_2302212259f4e1db,point_b4646db1d55ad210,R150_anchor,BR_Zgamma,0.00018096086686646926,0.0001809608668664701,4.643306e-15
point_2302212259f4e1db,point_b4646db1d55ad210,R150_anchor,ctau_physical_mm,2.2546371685582452e-10,2.254637168558243e-10,-1.031849e-15
point_6854771df65beb18,point_1f341d87509fa01f,R150_anchor,campaign_id,high_mass_h2_physical_point_scan_v1,high_mass_h2_physical_point_scan_v2_mh12520,
point_6854771df65beb18,point_1f341d87509fa01f,R150_anchor,m_h_GeV,125.13,125.2,5.594182e-04
point_6854771df65beb18,point_1f341d87509fa01f,R150_anchor,lambda1,4.434488845236602,4.4347279805662785,5.392624e-05
point_6854771df65beb18,point_1f341d87509fa01f,R150_anchor,lambda2,0.5131938005650398,0.513495320334332,5.875359e-04
point_6854771df65beb18,point_1f341d87509fa01f,R150_anchor,lambda3,7.243652484415398,7.243921006350134,3.706996e-05
point_6854771df65beb18,point_1f341d87509fa01f,R150_anchor,g_hH2H2_GeV,522.2808987608543,522.3469482688097,1.264636e-04
point_6854771df65beb18,point_1f341d87509fa01f,R150_anchor,width_bb_GeV,0.0006425213094013517,0.0006425213094013513,-6.749673e-16
point_6854771df65beb18,point_1f341d87509fa01f,R150_anchor,width_cc_GeV,2.8766524396645548e-05,2.8766524396645555e-05,2.355607e-16
point_6854771df65beb18,point_1f341d87509fa01f,R150_anchor,width_tautau_GeV,6.423254317194628e-05,6.423254317194625e-05,-4.219832e-16
point_6854771df65beb18,point_1f341d87509fa01f,R150_anchor,width_WW_GeV,2.2983471442855495e-05,2.2983471442855335e-05,-6.928553e-15
point_6854771df65beb18,point_1f341d87509fa01f,R150_anchor,width_ZZ_GeV,2.77939347665155e-06,2.7793934766515357e-06,-5.180828e-15
point_6854771df65beb18,point_1f341d87509fa01f,R150_anchor,width_gg_GeV,0.00011284314665976891,0.00011284314665976845,-4.083420e-15
point_6854771df65beb18,point_1f341d87509fa01f,R150_anchor,width_gammagamma_GeV,4.767721769760896e-07,4.7677217697608197e-07,-1.598939e-14
point_6854771df65beb18,point_1f341d87509fa01f,R150_anchor,width_Zgamma_GeV,1.6345423196009426e-07,1.6345423196009066e-07,-2.202384e-14
point_6854771df65beb18,point_1f341d87509fa01f,R150_anchor,total_width_GeV,0.0008752280757869513,0.0008752280757869501,-1.362642e-15
point_6854771df65beb18,point_1f341d87509fa01f,R150_anchor,width_unaccounted_GeV,4.614608287956904e-07,4.61460828795582e-07,-2.349500e-13
point_6854771df65beb18,point_1f341d87509fa01f,R150_anchor,BR_bb,0.734118713940519,0.7341187139405194,6.049283e-16
point_6854771df65beb18,point_1f341d87509fa01f,R150_anchor,BR_cc,0.03286746071391786,0.03286746071391792,1.688939e-15
point_6854771df65beb18,point_1f341d87509fa01f,R150_anchor,BR_tautau,0.07338949120684038,0.07338949120684045,9.454888e-16
point_6854771df65beb18,point_1f341d87509fa01f,R150_anchor,BR_WW,0.026259979631240885,0.02625997963124074,-5.549006e-15
point_6854771df65beb18,point_1f341d87509fa01f,R150_anchor,BR_ZZ,0.0031756219362050176,0.0031756219362050054,-3.823838e-15
point_6854771df65beb18,point_1f341d87509fa01f,R150_anchor,BR_gg,0.12892998954393378,0.12892998954393342,-2.798592e-15
point_6854771df65beb18,point_1f341d87509fa01f,R150_anchor,BR_gammagamma,0.0005447404969812073,0.0005447404969811993,-1.472829e-14
point_6854771df65beb18,point_1f341d87509fa01f,R150_anchor,BR_Zgamma,0.00018675615703155575,0.0001867561570315519,-2.060932e-14
point_6854771df65beb18,point_1f341d87509fa01f,R150_anchor,ctau_physical_mm,2.2545778164460243e-10,2.2545778164460272e-10,1.261182e-15
point_14ebb59f32a2fb98,point_34a2f80d76e003eb,R150_anchor,campaign_id,high_mass_h2_physical_point_scan_v1,high_mass_h2_physical_point_scan_v2_mh12520,
point_14ebb59f32a2fb98,point_34a2f80d76e003eb,R150_anchor,m_h_GeV,125.13,125.2,5.594182e-04
point_14ebb59f32a2fb98,point_34a2f80d76e003eb,R150_anchor,lambda1,3.3656152604977723,3.3658543958274505,7.105249e-05
point_14ebb59f32a2fb98,point_34a2f80d76e003eb,R150_anchor,lambda2,0.44638920151886285,0.4466907212881551,6.754639e-04
point_14ebb59f32a2fb98,point_34a2f80d76e003eb,R150_anchor,lambda3,6.976434088230691,6.976702610165428,3.848985e-05
point_14ebb59f32a2fb98,point_34a2f80d76e003eb,R150_anchor,g_hH2H2_GeV,404.82265742192254,404.8887069298783,1.631566e-04
point_14ebb59f32a2fb98,point_34a2f80d76e003eb,R150_anchor,width_bb_GeV,0.0006425213094013514,0.000642521309401352,1.012451e-15
point_14ebb59f32a2fb98,point_34a2f80d76e003eb,R150_anchor,width_cc_GeV,2.8766524396645558e-05,2.8766524396645565e-05,2.355607e-16
point_14ebb59f32a2fb98,point_34a2f80d76e003eb,R150_anchor,width_tautau_GeV,6.423254317194627e-05,6.423254317194631e-05,6.329748e-16
point_14ebb59f32a2fb98,point_34a2f80d76e003eb,R150_anchor,width_WW_GeV,2.2983471442855407e-05,2.2983471442855735e-05,1.429935e-14
point_14ebb59f32a2fb98,point_34a2f80d76e003eb,R150_anchor,width_ZZ_GeV,2.7793934766515416e-06,2.7793934766515713e-06,1.066641e-14
point_14ebb59f32a2fb98,point_34a2f80d76e003eb,R150_anchor,width_gg_GeV,0.00011284314665976866,0.00011284314665976909,3.843219e-15
point_14ebb59f32a2fb98,point_34a2f80d76e003eb,R150_anchor,width_Zgamma_GeV,1.6861068007079033e-07,1.6861068007079385e-07,2.087935e-14
point_14ebb59f32a2fb98,point_34a2f80d76e003eb,R150_anchor,total_width_GeV,0.0008752515407871362,0.0008752515407871378,1.858098e-15
point_14ebb59f32a2fb98,point_34a2f80d76e003eb,R150_anchor,BR_bb,0.7340990326318255,0.7340990326318249,-9.074168e-16
point_14ebb59f32a2fb98,point_34a2f80d76e003eb,R150_anchor,BR_cc,0.0328665795558327,0.032866579555832644,-1.688985e-15
point_14ebb59f32a2fb98,point_34a2f80d76e003eb,R150_anchor,BR_tautau,0.07338752367597125,0.07338752367597115,-1.323720e-15
point_14ebb59f32a2fb98,point_34a2f80d76e003eb,R150_anchor,BR_WW,0.026259275615996953,0.02625927561599728,1.241954e-14
point_14ebb59f32a2fb98,point_34a2f80d76e003eb,R150_anchor,BR_ZZ,0.0031755367995718827,0.003175536799571911,8.877005e-15
point_14ebb59f32a2fb98,point_34a2f80d76e003eb,R150_anchor,BR_gg,0.12892653300362764,0.12892653300362789,1.937539e-15
point_14ebb59f32a2fb98,point_34a2f80d76e003eb,R150_anchor,BR_gammagamma,0.0005656439388907042,0.0005656439388907033,-1.725082e-15
point_14ebb59f32a2fb98,point_34a2f80d76e003eb,R150_anchor,BR_Zgamma,0.00019264254013098272,0.00019264254013098638,1.899467e-14
point_14ebb59f32a2fb98,point_34a2f80d76e003eb,R150_anchor,ctau_physical_mm,2.2545173724863001e-10,2.254517372486296e-10,-1.834496e-15
point_41519332d35f95e7,point_c52a32a4bfb2ad74,R150_anchor,campaign_id,high_mass_h2_physical_point_scan_v1,high_mass_h2_physical_point_scan_v2_mh12520,
point_41519332d35f95e7,point_c52a32a4bfb2ad74,R150_anchor,m_h_GeV,125.13,125.2,5.594182e-04
point_41519332d35f95e7,point_c52a32a4bfb2ad74,R150_anchor,lambda1,2.2967416757589434,2.2969808110886216,1.041194e-04
point_41519332d35f95e7,point_c52a32a4bfb2ad74,R150_anchor,lambda2,0.37958460247268605,0.37988612224197826,7.943414e-04
point_41519332d35f95e7,point_c52a32a4bfb2ad74,R150_anchor,lambda3,6.7092156920459844,6.70948421398072,4.002285e-05
point_41519332d35f95e7,point_c52a32a4bfb2ad74,R150_anchor,g_hH2H2_GeV,287.36441608299134,287.4304655909466,2.298458e-04
point_41519332d35f95e7,point_c52a32a4bfb2ad74,R150_anchor,width_cc_GeV,2.8766524396645548e-05,2.8766524396645558e-05,3.533411e-16
point_41519332d35f95e7,point_c52a32a4bfb2ad74,R150_anchor,width_WW_GeV,2.2983471442855495e-05,2.2983471442855566e-05,3.095736e-15
point_41519332d35f95e7,point_c52a32a4bfb2ad74,R150_anchor,width_ZZ_GeV,2.77939347665155e-06,2.779393476651557e-06,2.438037e-15
point_41519332d35f95e7,point_c52a32a4bfb2ad74,R150_anchor,width_gg_GeV,0.00011284314665976891,0.00011284314665976902,9.608046e-16
point_41519332d35f95e7,point_c52a32a4bfb2ad74,R150_anchor,width_gammagamma_GeV,5.137342942811089e-07,5.137342942811055e-07,-6.595105e-15
point_41519332d35f95e7,point_c52a32a4bfb2ad74,R150_anchor,width_Zgamma_GeV,1.7384720631049723e-07,1.7384720631049738e-07,9.135532e-16
point_41519332d35f95e7,point_c52a32a4bfb2ad74,R150_anchor,total_width_GeV,0.0008752754308786068,0.000875275430878607,2.477397e-16
point_41519332d35f95e7,point_c52a32a4bfb2ad74,R150_anchor,BR_bb,0.7340789958612056,0.7340789958612054,-3.024805e-16
point_41519332d35f95e7,point_c52a32a4bfb2ad74,R150_anchor,BR_tautau,0.07338552060974597,0.07338552060974596,-1.891080e-16
point_41519332d35f95e7,point_c52a32a4bfb2ad74,R150_anchor,BR_WW,0.02625855888561221,0.026258558885612283,2.774653e-15
point_41519332d35f95e7,point_c52a32a4bfb2ad74,R150_anchor,BR_ZZ,0.0031754501252955064,0.0031754501252955133,2.185169e-15
point_41519332d35f95e7,point_c52a32a4bfb2ad74,R150_anchor,BR_gg,0.1289230140351321,0.12892301403513218,6.458639e-16
point_41519332d35f95e7,point_c52a32a4bfb2ad74,R150_anchor,BR_gammagamma,0.0005869401518164623,0.0005869401518164583,-6.834680e-15
point_41519332d35f95e7,point_c52a32a4bfb2ad74,R150_anchor,BR_Zgamma,0.00019862000026207562,0.00019862000026207575,6.823345e-16
point_41519332d35f95e7,point_c52a32a4bfb2ad74,R150_anchor,ctau_physical_mm,2.2544558368549426e-10,2.254455836854942e-10,-2.293183e-16
point_15ab4960e12978a8,point_92f639faf41f4405,R150_anchor,campaign_id,high_mass_h2_physical_point_scan_v1,high_mass_h2_physical_point_scan_v2_mh12520,
point_15ab4960e12978a8,point_92f639faf41f4405,R150_anchor,m_h_GeV,125.13,125.2,5.594182e-04
point_15ab4960e12978a8,point_92f639faf41f4405,R150_anchor,lambda1,1.2278680910201147,1.228107226349793,1.947565e-04
point_15ab4960e12978a8,point_92f639faf41f4405,R150_anchor,lambda2,0.3127800034265092,0.31308152319580146,9.639995e-04
point_15ab4960e12978a8,point_92f639faf41f4405,R150_anchor,lambda3,6.4419972958612775,6.442265817796012,4.168303e-05
point_15ab4960e12978a8,point_92f639faf41f4405,R150_anchor,g_hH2H2_GeV,169.90617474405968,169.97222425201574,3.887411e-04
point_15ab4960e12978a8,point_92f639faf41f4405,R150_anchor,width_bb_GeV,0.0006425213094013512,0.0006425213094013514,3.374836e-16
point_15ab4960e12978a8,point_92f639faf41f4405,R150_anchor,width_cc_GeV,2.876652439664554e-05,2.8766524396645558e-05,5.889018e-16
point_15ab4960e12978a8,point_92f639faf41f4405,R150_anchor,width_tautau_GeV,6.423254317194623e-05,6.423254317194627e-05,6.329748e-16
point_15ab4960e12978a8,point_92f639faf41f4405,R150_anchor,width_WW_GeV,2.2983471442855163e-05,2.2983471442855407e-05,1.061395e-14
point_15ab4960e12978a8,point_92f639faf41f4405,R150_anchor,width_ZZ_GeV,2.7793934766515213e-06,2.7793934766515416e-06,7.314110e-15
point_15ab4960e12978a8,point_92f639faf41f4405,R150_anchor,width_gammagamma_GeV,5.327328726664166e-07,5.327328726664181e-07,2.782460e-15
point_15ab4960e12978a8,point_92f639faf41f4405,R150_anchor,width_Zgamma_GeV,1.7916381067920115e-07,1.7916381067920007e-07,-6.057367e-15
point_15ab4960e12978a8,point_92f639faf41f4405,R150_anchor,total_width_GeV,0.0008752997460613596,0.00087529974606136,4.954655e-16
point_15ab4960e12978a8,point_92f639faf41f4405,R150_anchor,BR_bb,0.7340586036869587,0.7340586036869586,-1.512445e-16
point_15ab4960e12978a8,point_92f639faf41f4405,R150_anchor,BR_tautau,0.07338348201399278,0.07338348201399279,1.891132e-16
point_15ab4960e12978a8,point_92f639faf41f4405,R150_anchor,BR_WW,0.026257829442171452,0.02625782944217172,1.017401e-14
point_15ab4960e12978a8,point_92f639faf41f4405,R150_anchor,BR_ZZ,0.003175361913628023,0.0031753619136280446,6.828842e-15
point_15ab4960e12978a8,point_92f639faf41f4405,R150_anchor,BR_gg,0.12891943264868513,0.12891943264868508,-4.305879e-16
point_15ab4960e12978a8,point_92f639faf41f4405,R150_anchor,BR_gammagamma,0.0006086290725703826,0.0006086290725703839,2.137661e-15
point_15ab4960e12978a8,point_92f639faf41f4405,R150_anchor,BR_Zgamma,0.00020468852125845533,0.00020468852125845398,-6.621049e-15
point_15ab4960e12978a8,point_92f639faf41f4405,R150_anchor,ctau_physical_mm,2.2543932097310028e-10,2.2543932097310018e-10,-4.586493e-16
point_9e61fa485d025e4f,point_b327bbd459488162,R150_anchor,campaign_id,high_mass_h2_physical_point_scan_v1,high_mass_h2_physical_point_scan_v2_mh12520,
point_9e61fa485d025e4f,point_b327bbd459488162,R150_anchor,m_h_GeV,125.13,125.2,5.594182e-04
point_9e61fa485d025e4f,point_b327bbd459488162,R150_anchor,lambda1,0.15899450628128606,0.1592336416109641,1.504048e-03
point_9e61fa485d025e4f,point_b327bbd459488162,R150_anchor,lambda2,0.2459754043803323,0.24627692414962457,1.225813e-03
point_9e61fa485d025e4f,point_b327bbd459488162,R150_anchor,lambda3,6.17477889967657,6.175047421611305,4.348689e-05
point_9e61fa485d025e4f,point_b327bbd459488162,R150_anchor,g_hH2H2_GeV,52.447933405128424,52.51398291308442,1.259335e-03
point_9e61fa485d025e4f,point_b327bbd459488162,R150_anchor,width_bb_GeV,0.0006425213094013511,0.0006425213094013513,3.374836e-16
point_9e61fa485d025e4f,point_b327bbd459488162,R150_anchor,width_cc_GeV,2.876652439664553e-05,2.8766524396645548e-05,5.889018e-16
point_9e61fa485d025e4f,point_b327bbd459488162,R150_anchor,width_tautau_GeV,6.423254317194621e-05,6.423254317194625e-05,6.329748e-16
point_9e61fa485d025e4f,point_b327bbd459488162,R150_anchor,width_WW_GeV,2.2983471442855098e-05,2.298347144285527e-05,7.518217e-15
point_9e61fa485d025e4f,point_b327bbd459488162,R150_anchor,width_ZZ_GeV,2.779393476651514e-06,2.7793934766515293e-06,5.485583e-15
point_9e61fa485d025e4f,point_b327bbd459488162,R150_anchor,width_gg_GeV,0.00011284314665976847,0.0001128431466597693,7.326135e-15
point_9e61fa485d025e4f,point_b327bbd459488162,R150_anchor,width_gammagamma_GeV,5.52076464206933e-07,5.520764642069297e-07,-6.137070e-15
point_9e61fa485d025e4f,point_b327bbd459488162,R150_anchor,width_Zgamma_GeV,1.8456049317690873e-07,1.8456049317691008e-07,7.314451e-15
point_9e61fa485d025e4f,point_b327bbd459488162,R150_anchor,total_width_GeV,0.0008753244863353973,0.0008753244863353986,1.486355e-15
point_9e61fa485d025e4f,point_b327bbd459488162,R150_anchor,width_unaccounted_GeV,4.61460828795582e-07,4.614608287956904e-07,2.349500e-13
point_9e61fa485d025e4f,point_b327bbd459488162,R150_anchor,BR_bb,0.7340378561684116,0.7340378561684107,-1.209990e-15
point_9e61fa485d025e4f,point_b327bbd459488162,R150_anchor,BR_cc,0.03286384060507487,0.032863840605074836,-1.055703e-15
point_9e61fa485d025e4f,point_b327bbd459488162,R150_anchor,BR_tautau,0.0733814078946425,0.07338140789464244,-7.564743e-16
point_9e61fa485d025e4f,point_b327bbd459488162,R150_anchor,BR_WW,0.02625708728779757,0.02625708728779773,6.078152e-15
point_9e61fa485d025e4f,point_b327bbd459488162,R150_anchor,BR_ZZ,0.0031752721648261265,0.003175272164826139,3.960840e-15
point_9e61fa485d025e4f,point_b327bbd459488162,R150_anchor,BR_gg,0.12891578885470645,0.1289157888547072,5.813101e-15
point_9e61fa485d025e4f,point_b327bbd459488162,R150_anchor,BR_gammagamma,0.0006307106368270777,0.0006307106368270728,-7.735576e-15
point_9e61fa485d025e4f,point_b327bbd459488162,R150_anchor,BR_Zgamma,0.00021084808669020924,0.00021084808669021048,5.913416e-15
point_9e61fa485d025e4f,point_b327bbd459488162,R150_anchor,ctau_physical_mm,2.2543294912966755e-10,2.254329491296672e-10,-1.490652e-15
point_873152b48c3822ee,point_3c4a2b16f79a0393,R150_anchor,campaign_id,high_mass_h2_physical_point_scan_v1,high_mass_h2_physical_point_scan_v2_mh12520,
point_873152b48c3822ee,point_3c4a2b16f79a0393,R150_anchor,m_h_GeV,125.13,125.2,5.594182e-04
point_873152b48c3822ee,point_3c4a2b16f79a0393,R150_anchor,lambda1,5.803362429975431,5.803601565305108,4.120634e-05
point_873152b48c3822ee,point_3c4a2b16f79a0393,R150_anchor,lambda2,0.5737483996112167,0.574049919380509,5.255261e-04
point_873152b48c3822ee,point_3c4a2b16f79a0393,R150_anchor,lambda3,7.535870880600106,7.536139402534842,3.563250e-05
point_873152b48c3822ee,point_3c4a2b16f79a0393,R150_anchor,g_hH2H2_GeV,637.6791602306571,637.7452097386126,1.035780e-04
point_873152b48c3822ee,point_3c4a2b16f79a0393,R150_anchor,width_bb_GeV,0.0006425213094013517,0.000642521309401352,5.062255e-16
point_873152b48c3822ee,point_3c4a2b16f79a0393,R150_anchor,width_cc_GeV,2.8766524396645548e-05,2.8766524396645565e-05,5.889018e-16
point_873152b48c3822ee,point_3c4a2b16f79a0393,R150_anchor,width_tautau_GeV,6.423254317194628e-05,6.423254317194631e-05,4.219832e-16
point_873152b48c3822ee,point_3c4a2b16f79a0393,R150_anchor,width_WW_GeV,2.2983471442855495e-05,2.2983471442855735e-05,1.046654e-14
point_873152b48c3822ee,point_3c4a2b16f79a0393,R150_anchor,width_ZZ_GeV,2.77939347665155e-06,2.7793934766515713e-06,7.618865e-15
point_873152b48c3822ee,point_3c4a2b16f79a0393,R150_anchor,width_gg_GeV,0.00011284314665976891,0.00011284314665976909,1.561308e-15
point_873152b48c3822ee,point_3c4a2b16f79a0393,R150_anchor,width_gammagamma_GeV,4.561944820389006e-07,4.5619448203889794e-07,-5.802302e-15
point_873152b48c3822ee,point_3c4a2b16f79a0393,R150_anchor,width_Zgamma_GeV,1.5763764958942338e-07,1.5763764958942198e-07,-8.899513e-15
point_873152b48c3822ee,point_3c4a2b16f79a0393,R150_anchor,total_width_GeV,0.0008752016815096435,0.0008752016815096443,9.910421e-16
point_873152b48c3822ee,point_3c4a2b16f79a0393,R150_anchor,width_unaccounted_GeV,4.614608287956904e-07,4.61460828795582e-07,-2.349500e-13
point_873152b48c3822ee,point_3c4a2b16f79a0393,R150_anchor,BR_bb,0.7341408534465573,0.734140853446557,-4.536826e-16
point_873152b48c3822ee,point_3c4a2b16f79a0393,R150_anchor,BR_cc,0.03286845192873248,0.032868451928732466,-4.222221e-16
point_873152b48c3822ee,point_3c4a2b16f79a0393,R150_anchor,BR_tautau,0.07339170448250394,0.0733917044825039,-5.672761e-16
point_873152b48c3822ee,point_3c4a2b16f79a0393,R150_anchor,BR_WW,0.02626077157805626,0.02626077157805651,9.512294e-15
point_873152b48c3822ee,point_3c4a2b16f79a0393,R150_anchor,BR_ZZ,0.003175717706411794,0.0031757177064118147,6.554953e-15
point_873152b48c3822ee,point_3c4a2b16f79a0393,R150_anchor,BR_gg,0.12893387780645568,0.12893387780645577,6.458095e-16
point_873152b48c3822ee,point_3c4a2b16f79a0393,R150_anchor,BR_gammagamma,0.0005212449789310351,0.0005212449789310315,-6.864080e-15
point_873152b48c3822ee,point_3c4a2b16f79a0393,R150_anchor,BR_Zgamma,0.00018011579835805702,0.00018011579835805524,-9.932130e-15
point_873152b48c3822ee,point_3c4a2b16f79a0393,R150_anchor,ctau_physical_mm,2.2546458098621208e-10,2.2546458098621187e-10,-9.171957e-16
point_cb686aa7acd1b21b,point_1c7bc803f8503612,R150_anchor,campaign_id,high_mass_h2_physical_point_scan_v1,high_mass_h2_physical_point_scan_v2_mh12520,
point_cb686aa7acd1b21b,point_1c7bc803f8503612,R150_anchor,m_h_GeV,125.13,125.2,5.594182e-04
point_cb686aa7acd1b21b,point_1c7bc803f8503612,R150_anchor,lambda1,4.734488845236601,4.734727980566278,5.050922e-05
point_cb686aa7acd1b21b,point_1c7bc803f8503612,R150_anchor,lambda2,0.5069438005650398,0.507245320334332,5.947795e-04
point_cb686aa7acd1b21b,point_1c7bc803f8503612,R150_anchor,lambda3,7.268652484415399,7.268921006350134,3.694246e-05
point_cb686aa7acd1b21b,point_1c7bc803f8503612,R150_anchor,g_hH2H2_GeV,520.2209188917261,520.2869683996812,1.269643e-04
point_cb686aa7acd1b21b,point_1c7bc803f8503612,R150_anchor,width_bb_GeV,0.0006425213094013512,0.0006425213094013513,1.687418e-16
point_cb686aa7acd1b21b,point_1c7bc803f8503612,R150_anchor,width_cc_GeV,2.876652439664554e-05,2.8766524396645555e-05,4.711215e-16
point_cb686aa7acd1b21b,point_1c7bc803f8503612,R150_anchor,width_tautau_GeV,6.423254317194623e-05,6.423254317194625e-05,4.219832e-16
point_cb686aa7acd1b21b,point_1c7bc803f8503612,R150_anchor,width_WW_GeV,2.2983471442855163e-05,2.2983471442855335e-05,7.518217e-15
point_cb686aa7acd1b21b,point_1c7bc803f8503612,R150_anchor,width_ZZ_GeV,2.7793934766515213e-06,2.7793934766515357e-06,5.180828e-15
point_cb686aa7acd1b21b,point_1c7bc803f8503612,R150_anchor,width_gg_GeV,0.00011284314665976866,0.00011284314665976845,-1.801509e-15
point_cb686aa7acd1b21b,point_1c7bc803f8503612,R150_anchor,width_gammagamma_GeV,4.7410725342191144e-07,4.7410725342190975e-07,-3.573170e-15
point_cb686aa7acd1b21b,point_1c7bc803f8503612,R150_anchor,width_Zgamma_GeV,1.6270223634114295e-07,1.6270223634114194e-07,-6.182162e-15
point_cb686aa7acd1b21b,point_1c7bc803f8503612,R150_anchor,BR_bb,0.7341215799752951,0.7341215799752953,1.512315e-16
point_cb686aa7acd1b21b,point_1c7bc803f8503612,R150_anchor,BR_cc,0.032867589030065696,0.032867589030065716,6.333498e-16
point_cb686aa7acd1b21b,point_1c7bc803f8503612,R150_anchor,BR_tautau,0.07338977772294467,0.0733897777229447,3.781940e-16
point_cb686aa7acd1b21b,point_1c7bc803f8503612,R150_anchor,BR_WW,0.026260082151464324,0.026260082151464522,7.530764e-15
point_cb686aa7acd1b21b,point_1c7bc803f8503612,R150_anchor,BR_ZZ,0.003175634333985799,0.0031756343339858157,5.189474e-15
point_cb686aa7acd1b21b,point_1c7bc803f8503612,R150_anchor,BR_gg,0.12893049289281533,0.1289304928928151,-1.722204e-15
point_cb686aa7acd1b21b,point_1c7bc803f8503612,R150_anchor,BR_gammagamma,0.0005416977785283543,0.0005416977785283523,-3.602680e-15
point_cb686aa7acd1b21b,point_1c7bc803f8503612,R150_anchor,BR_Zgamma,0.00018589768317499254,0.0001858976831749914,-6.123865e-15
point_577820411992bb9b,point_b4289cedb4b07f9e,R150_anchor,campaign_id,high_mass_h2_physical_point_scan_v1,high_mass_h2_physical_point_scan_v2_mh12520,
point_577820411992bb9b,point_b4289cedb4b07f9e,R150_anchor,m_h_GeV,125.13,125.2,5.594182e-04
point_577820411992bb9b,point_b4289cedb4b07f9e,R150_anchor,lambda1,3.665615260497772,3.6658543958274503,6.523743e-05
point_577820411992bb9b,point_b4289cedb4b07f9e,R150_anchor,lambda2,0.4401392015188629,0.44044072128815515,6.850555e-04
point_577820411992bb9b,point_b4289cedb4b07f9e,R150_anchor,lambda3,7.001434088230692,7.001702610165428,3.835242e-05
point_577820411992bb9b,point_b4289cedb4b07f9e,R150_anchor,g_hH2H2_GeV,402.76267755279434,402.82872706075,1.639911e-04
point_577820411992bb9b,point_b4289cedb4b07f9e,R150_anchor,width_cc_GeV,2.8766524396645558e-05,2.8766524396645548e-05,-3.533411e-16
point_577820411992bb9b,point_b4289cedb4b07f9e,R150_anchor,width_WW_GeV,2.2983471442855566e-05,2.2983471442855495e-05,-3.095736e-15
point_577820411992bb9b,point_b4289cedb4b07f9e,R150_anchor,width_ZZ_GeV,2.779393476651557e-06,2.77939347665155e-06,-2.438037e-15
point_577820411992bb9b,point_b4289cedb4b07f9e,R150_anchor,width_gg_GeV,0.00011284314665976902,0.00011284314665976891,-9.608046e-16
point_577820411992bb9b,point_b4289cedb4b07f9e,R150_anchor,width_gammagamma_GeV,4.923650379601332e-07,4.923650379601365e-07,6.666299e-15
point_577820411992bb9b,point_b4289cedb4b07f9e,R150_anchor,width_Zgamma_GeV,1.67846901221871e-07,1.6784690122187058e-07,-2.523231e-15
point_577820411992bb9b,point_b4289cedb4b07f9e,R150_anchor,total_width_GeV,0.0008752480613171973,0.0008752480613171971,-2.477474e-16
point_577820411992bb9b,point_b4289cedb4b07f9e,R150_anchor,BR_bb,0.7341019509764976,0.7341019509764978,3.024711e-16
point_577820411992bb9b,point_b4289cedb4b07f9e,R150_anchor,BR_cc,0.03286671021396336,0.032866710213963354,-2.111223e-16
point_577820411992bb9b,point_b4289cedb4b07f9e,R150_anchor,BR_tautau,0.0733878154214704,0.07338781542147041,1.891021e-16
point_577820411992bb9b,point_b4289cedb4b07f9e,R150_anchor,BR_WW,0.026259380007385313,0.026259380007385237,-2.906688e-15
point_577820411992bb9b,point_b4289cedb4b07f9e,R150_anchor,BR_ZZ,0.003175549423632806,0.003175549423632799,-2.185100e-15
point_577820411992bb9b,point_b4289cedb4b07f9e,R150_anchor,BR_gg,0.12892704553946302,0.12892704553946294,-6.458438e-16
point_577820411992bb9b,point_b4289cedb4b07f9e,R150_anchor,BR_gammagamma,0.0005625434202266641,0.000562543420226668,6.938358e-15
point_577820411992bb9b,point_b4289cedb4b07f9e,R150_anchor,BR_Zgamma,0.00019177066324405358,0.00019177066324405315,-2.261456e-15
point_577820411992bb9b,point_b4289cedb4b07f9e,R150_anchor,ctau_physical_mm,2.2545263351173197e-10,2.2545263351173202e-10,2.293111e-16
point_0cbe984135d94cda,point_e27c841f5895e9f7,R150_anchor,campaign_id,high_mass_h2_physical_point_scan_v1,high_mass_h2_physical_point_scan_v2_mh12520,
point_0cbe984135d94cda,point_e27c841f5895e9f7,R150_anchor,m_h_GeV,125.13,125.2,5.594182e-04
point_0cbe984135d94cda,point_e27c841f5895e9f7,R150_anchor,lambda1,2.596741675758943,2.5969808110886214,9.209053e-05
point_0cbe984135d94cda,point_e27c841f5895e9f7,R150_anchor,lambda2,0.373334602472686,0.3736361222419783,8.076395e-04
point_0cbe984135d94cda,point_e27c841f5895e9f7,R150_anchor,lambda3,6.734215692045985,6.73448421398072,3.987427e-05
point_0cbe984135d94cda,point_e27c841f5895e9f7,R150_anchor,g_hH2H2_GeV,285.30443621386326,285.3704857218187,2.315054e-04
point_0cbe984135d94cda,point_e27c841f5895e9f7,R150_anchor,width_cc_GeV,2.8766524396645548e-05,2.8766524396645558e-05,3.533411e-16
point_0cbe984135d94cda,point_e27c841f5895e9f7,R150_anchor,width_WW_GeV,2.2983471442855495e-05,2.2983471442855566e-05,3.095736e-15
point_0cbe984135d94cda,point_e27c841f5895e9f7,R150_anchor,width_ZZ_GeV,2.77939347665155e-06,2.779393476651557e-06,2.438037e-15
point_0cbe984135d94cda,point_e27c841f5895e9f7,R150_anchor,width_gg_GeV,0.00011284314665976891,0.00011284314665976902,9.608046e-16
point_0cbe984135d94cda,point_e27c841f5895e9f7,R150_anchor,width_gammagamma_GeV,5.109678356535578e-07,5.109678356535545e-07,-6.423599e-15
point_0cbe984135d94cda,point_e27c841f5895e9f7,R150_anchor,width_Zgamma_GeV,1.7307164423159835e-07,1.7307164423159854e-07,1.070588e-15
point_0cbe984135d94cda,point_e27c841f5895e9f7,R150_anchor,total_width_GeV,0.0008752718888579002,0.0008752718888579004,2.477407e-16
point_0cbe984135d94cda,point_e27c841f5895e9f7,R150_anchor,BR_bb,0.7340819665072833,0.7340819665072832,-1.512397e-16
point_0cbe984135d94cda,point_e27c841f5895e9f7,R150_anchor,BR_cc,0.032865815482982765,0.03286581548298277,2.111280e-16
point_0cbe984135d94cda,point_e27c841f5895e9f7,R150_anchor,BR_tautau,0.07338581758379126,0.07338581758379124,-1.891072e-16
point_0cbe984135d94cda,point_e27c841f5895e9f7,R150_anchor,BR_WW,0.026258665147861095,0.02625866514786117,2.906767e-15
point_0cbe984135d94cda,point_e27c841f5895e9f7,R150_anchor,BR_ZZ,0.003175462975599783,0.0031754629755997897,2.185160e-15
point_0cbe984135d94cda,point_e27c841f5895e9f7,R150_anchor,BR_gg,0.1289235357564293,0.1289235357564294,6.458613e-16
point_0cbe984135d94cda,point_e27c841f5895e9f7,R150_anchor,BR_gammagamma,0.0005837818421431252,0.0005837818421431213,-6.685936e-15
point_0cbe984135d94cda,point_e27c841f5895e9f7,R150_anchor,BR_Zgamma,0.00019773472270134384,0.000197734722701344,8.224672e-16
point_0cbe984135d94cda,point_e27c841f5895e9f7,R150_anchor,ctau_physical_mm,2.254464960110651e-10,2.2544649601106504e-10,-2.293173e-16
point_a3a08a6977266acb,point_ae8997e08fd26aac,R150_anchor,campaign_id,high_mass_h2_physical_point_scan_v1,high_mass_h2_physical_point_scan_v2_mh12520,
point_a3a08a6977266acb,point_ae8997e08fd26aac,R150_anchor,m_h_GeV,125.13,125.2,5.594182e-04
point_a3a08a6977266acb,point_ae8997e08fd26aac,R150_anchor,lambda1,1.5278680910201148,1.528107226349793,1.565157e-04
point_a3a08a6977266acb,point_ae8997e08fd26aac,R150_anchor,lambda2,0.30653000342650916,0.3068315231958014,9.836550e-04
point_a3a08a6977266acb,point_ae8997e08fd26aac,R150_anchor,lambda3,6.466997295861278,6.4672658177960125,4.152189e-05
point_a3a08a6977266acb,point_ae8997e08fd26aac,R150_anchor,g_hH2H2_GeV,167.8461948749317,167.9122443828873,3.935121e-04
point_a3a08a6977266acb,point_ae8997e08fd26aac,R150_anchor,width_cc_GeV,2.8766524396645548e-05,2.8766524396645555e-05,2.355607e-16
point_a3a08a6977266acb,point_ae8997e08fd26aac,R150_anchor,width_WW_GeV,2.298347144285527e-05,2.2983471442855335e-05,2.800904e-15
point_a3a08a6977266acb,point_ae8997e08fd26aac,R150_anchor,width_ZZ_GeV,2.7793934766515293e-06,2.7793934766515357e-06,2.285660e-15
point_a3a08a6977266acb,point_ae8997e08fd26aac,R150_anchor,width_gg_GeV,0.0001128431466597693,0.00011284314665976845,-7.446236e-15
point_a3a08a6977266acb,point_ae8997e08fd26aac,R150_anchor,width_gammagamma_GeV,5.299156465021746e-07,5.299156465021744e-07,-3.996074e-16
point_a3a08a6977266acb,point_ae8997e08fd26aac,R150_anchor,width_Zgamma_GeV,1.7837646537032784e-07,1.7837646537032649e-07,-7.568032e-15
point_a3a08a6977266acb,point_ae8997e08fd26aac,R150_anchor,total_width_GeV,0.0008752961414898873,0.0008752961414898864,-9.909352e-16
point_a3a08a6977266acb,point_ae8997e08fd26aac,R150_anchor,width_unaccounted_GeV,4.614608287956904e-07,4.61460828795582e-07,-2.349500e-13
point_a3a08a6977266acb,point_ae8997e08fd26aac,R150_anchor,BR_bb,0.734061626625798,0.7340616266257987,9.074631e-16
point_a3a08a6977266acb,point_ae8997e08fd26aac,R150_anchor,BR_cc,0.032864904839727205,0.032864904839727246,1.266803e-15
point_a3a08a6977266acb,point_ae8997e08fd26aac,R150_anchor,BR_tautau,0.07338378421572005,0.07338378421572012,9.455623e-16
point_a3a08a6977266acb,point_ae8997e08fd26aac,R150_anchor,BR_WW,0.026257937574971944,0.026257937574972044,3.831754e-15
point_a3a08a6977266acb,point_ae8997e08fd26aac,R150_anchor,BR_ZZ,0.0031753749901382846,0.003175374990138295,3.277830e-15
point_a3a08a6977266acb,point_ae8997e08fd26aac,R150_anchor,BR_gg,0.1289199635539271,0.12891996355392626,-6.458792e-15
point_a3a08a6977266acb,point_ae8997e08fd26aac,R150_anchor,BR_gammagamma,0.0006054129812570377,0.0006054129812570381,7.163389e-16
point_a3a08a6977266acb,point_ae8997e08fd26aac,R150_anchor,BR_Zgamma,0.0002037898454192931,0.00020378984541929177,-6.517242e-15
point_a3a08a6977266acb,point_ae8997e08fd26aac,R150_anchor,ctau_physical_mm,2.2544024935848504e-10,2.2544024935848527e-10,1.031957e-15
point_0328a9e511216662,point_2e0d1587e9804399,R150_anchor,campaign_id,high_mass_h2_physical_point_scan_v1,high_mass_h2_physical_point_scan_v2_mh12520,
point_0328a9e511216662,point_2e0d1587e9804399,R150_anchor,m_h_GeV,125.13,125.2,5.594182e-04
point_0328a9e511216662,point_2e0d1587e9804399,R150_anchor,lambda1,0.458994506281286,0.4592336416109641,5.209982e-04
point_0328a9e511216662,point_2e0d1587e9804399,R150_anchor,lambda2,0.2397254043803323,0.24002692414962457,1.257771e-03
point_0328a9e511216662,point_2e0d1587e9804399,R150_anchor,lambda3,6.19977889967657,6.2000474216113055,4.331153e-05
point_0328a9e511216662,point_2e0d1587e9804399,R150_anchor,g_hH2H2_GeV,50.38795353600011,50.454003043955765,1.310819e-03
point_0328a9e511216662,point_2e0d1587e9804399,R150_anchor,width_bb_GeV,0.0006425213094013507,0.0006425213094013517,1.518676e-15
point_0328a9e511216662,point_2e0d1587e9804399,R150_anchor,width_cc_GeV,2.876652439664553e-05,2.8766524396645548e-05,5.889018e-16
point_0328a9e511216662,point_2e0d1587e9804399,R150_anchor,width_tautau_GeV,6.423254317194619e-05,6.423254317194628e-05,1.476941e-15
point_0328a9e511216662,point_2e0d1587e9804399,R150_anchor,width_WW_GeV,2.298347144285493e-05,2.2983471442855495e-05,2.461847e-14
point_0328a9e511216662,point_2e0d1587e9804399,R150_anchor,width_ZZ_GeV,2.7793934766514997e-06,2.77939347665155e-06,1.813290e-14
point_0328a9e511216662,point_2e0d1587e9804399,R150_anchor,width_gg_GeV,0.00011284314665976834,0.00011284314665976891,5.044224e-15
point_0328a9e511216662,point_2e0d1587e9804399,R150_anchor,width_gammagamma_GeV,5.492084705060002e-07,5.492084705060064e-07,1.118153e-14
point_0328a9e511216662,point_2e0d1587e9804399,R150_anchor,width_Zgamma_GeV,1.8376136463805943e-07,1.837613646380624e-07,1.613296e-14
point_0328a9e511216662,point_2e0d1587e9804399,R150_anchor,total_width_GeV,0.0008753208192131569,0.0008753208192131592,2.601132e-15
point_0328a9e511216662,point_2e0d1587e9804399,R150_anchor,width_unaccounted_GeV,4.61460828795582e-07,4.614608287956904e-07,2.349500e-13
point_0328a9e511216662,point_2e0d1587e9804399,R150_anchor,BR_bb,0.7340409313912193,0.7340409313912185,-1.058737e-15
point_0328a9e511216662,point_2e0d1587e9804399,R150_anchor,BR_cc,0.032863978286846104,0.032863978286846035,-2.111398e-15
point_0328a9e511216662,point_2e0d1587e9804399,R150_anchor,BR_tautau,0.07338171532317268,0.0733817153231726,-1.134707e-15
point_0328a9e511216662,point_2e0d1587e9804399,R150_anchor,BR_WW,0.026257197290834717,0.026257197290835296,2.206624e-14
point_0328a9e511216662,point_2e0d1587e9804399,R150_anchor,BR_ZZ,0.0031752854675043043,0.0031752854675043537,1.557013e-14
point_0328a9e511216662,point_2e0d1587e9804399,R150_anchor,BR_gg,0.12891632894234742,0.12891632894234772,2.368291e-15
point_0328a9e511216662,point_2e0d1587e9804399,R150_anchor,BR_gammagamma,0.0006274367734103417,0.0006274367734103471,8.639932e-15
point_0328a9e511216662,point_2e0d1587e9804399,R150_anchor,BR_Zgamma,0.0002099360150067562,0.00020993601500675902,1.342755e-14
point_0328a9e511216662,point_2e0d1587e9804399,R150_anchor,ctau_physical_mm,2.2543389357216603e-10,2.2543389357216547e-10,-2.522632e-15
point_adf3f987f465eb47,point_87e379f695b2c460,R150_anchor,campaign_id,high_mass_h2_physical_point_scan_v1,high_mass_h2_physical_point_scan_v2_mh12520,
point_adf3f987f465eb47,point_87e379f695b2c460,R150_anchor,m_h_GeV,125.13,125.2,5.594182e-04
point_adf3f987f465eb47,point_87e379f695b2c460,R150_anchor,lambda1,5.503362429675431,5.503601565005108,4.345259e-05
point_adf3f987f465eb47,point_87e379f695b2c460,R150_anchor,lambda2,0.5799983996174667,0.580299919386759,5.198631e-04
point_adf3f987f465eb47,point_87e379f695b2c460,R150_anchor,lambda3,7.510870880575106,7.511139402509842,3.575111e-05
point_adf3f987f465eb47,point_87e379f695b2c460,R150_anchor,g_hH2H2_GeV,639.739140101846,639.8051896098009,1.032444e-04
point_adf3f987f465eb47,point_87e379f695b2c460,R150_anchor,width_gammagamma_GeV,4.588086380589958e-07,4.5880863805899823e-07,5.307702e-15
point_adf3f987f465eb47,point_87e379f695b2c460,R150_anchor,width_Zgamma_GeV,1.5837786197913728e-07,1.5837786197913667e-07,-3.844003e-15
point_adf3f987f465eb47,point_87e379f695b2c460,R150_anchor,BR_gammagamma,0.0005242298881412326,0.0005242298881412354,5.377270e-15
point_adf3f987f465eb47,point_87e379f695b2c460,R150_anchor,BR_Zgamma,0.00018096086686732082,0.00018096086686732012,-3.894386e-15
point_093be2839fd7cb88,point_a61ec3cdbde46a4b,R150_anchor,campaign_id,high_mass_h2_physical_point_scan_v1,high_mass_h2_physical_point_scan_v2_mh12520,
point_093be2839fd7cb88,point_a61ec3cdbde46a4b,R150_anchor,m_h_GeV,125.13,125.2,5.594182e-04
point_093be2839fd7cb88,point_a61ec3cdbde46a4b,R150_anchor,lambda1,4.434488844936602,4.4347279802662785,5.392624e-05
point_093be2839fd7cb88,point_a61ec3cdbde46a4b,R150_anchor,lambda2,0.5131938005712898,0.513495320340582,5.875359e-04
point_093be2839fd7cb88,point_a61ec3cdbde46a4b,R150_anchor,lambda3,7.243652484390399,7.2439210063251345,3.706996e-05
point_093be2839fd7cb88,point_a61ec3cdbde46a4b,R150_anchor,g_hH2H2_GeV,522.2808987629144,522.3469482708697,1.264636e-04
point_093be2839fd7cb88,point_a61ec3cdbde46a4b,R150_anchor,width_Zgamma_GeV,1.6345423196084558e-07,1.634542319608456e-07,1.619400e-16
point_093be2839fd7cb88,point_a61ec3cdbde46a4b,R150_anchor,BR_Zgamma,0.00018675615703241333,0.00018675615703241336,1.451361e-16
point_b5d32104dc1edc08,point_bbf879e1644667d7,R150_anchor,campaign_id,high_mass_h2_physical_point_scan_v1,high_mass_h2_physical_point_scan_v2_mh12520,
point_b5d32104dc1edc08,point_bbf879e1644667d7,R150_anchor,m_h_GeV,125.13,125.2,5.594182e-04
point_b5d32104dc1edc08,point_bbf879e1644667d7,R150_anchor,lambda1,3.3656152601977722,3.3658543955274505,7.105249e-05
point_b5d32104dc1edc08,point_bbf879e1644667d7,R150_anchor,lambda2,0.44638920152511286,0.4466907212944051,6.754639e-04
point_b5d32104dc1edc08,point_bbf879e1644667d7,R150_anchor,lambda3,6.976434088205692,6.976702610140428,3.848985e-05
point_b5d32104dc1edc08,point_bbf879e1644667d7,R150_anchor,g_hH2H2_GeV,404.82265742398266,404.88870693193786,1.631566e-04
point_b5d32104dc1edc08,point_bbf879e1644667d7,R150_anchor,width_bb_GeV,0.0006425213094013518,0.000642521309401352,3.374836e-16
point_b5d32104dc1edc08,point_bbf879e1644667d7,R150_anchor,width_cc_GeV,2.876652439664556e-05,2.8766524396645565e-05,1.177804e-16
point_b5d32104dc1edc08,point_bbf879e1644667d7,R150_anchor,width_tautau_GeV,6.42325431719463e-05,6.423254317194632e-05,4.219832e-16
point_b5d32104dc1edc08,point_bbf879e1644667d7,R150_anchor,width_WW_GeV,2.298347144285564e-05,2.29834714428558e-05,6.928553e-15
point_b5d32104dc1edc08,point_bbf879e1644667d7,R150_anchor,width_ZZ_GeV,2.779393476651562e-06,2.7793934766515776e-06,5.637960e-15
point_b5d32104dc1edc08,point_bbf879e1644667d7,R150_anchor,width_gg_GeV,0.00011284314665976928,0.00011284314665976879,-4.323621e-15
point_b5d32104dc1edc08,point_bbf879e1644667d7,R150_anchor,width_gammagamma_GeV,4.950807290537148e-07,4.950807290537129e-07,-3.849522e-15
point_b5d32104dc1edc08,point_bbf879e1644667d7,R150_anchor,width_Zgamma_GeV,1.6861068007155788e-07,1.6861068007155777e-07,-6.279502e-16
point_b5d32104dc1edc08,point_bbf879e1644667d7,R150_anchor,total_width_GeV,0.000875251540787141,0.0008752515407871409,-1.238732e-16
point_b5d32104dc1edc08,point_bbf879e1644667d7,R150_anchor,BR_bb,0.7340990326318219,0.7340990326318222,4.537084e-16
point_b5d32104dc1edc08,point_bbf879e1644667d7,R150_anchor,BR_cc,0.03286657955583252,0.032866579555832526,2.111231e-16
point_b5d32104dc1edc08,point_bbf879e1644667d7,R150_anchor,BR_tautau,0.07338752367597087,0.07338752367597091,5.673085e-16
point_b5d32104dc1edc08,point_bbf879e1644667d7,R150_anchor,BR_WW,0.02625927561599707,0.02625927561599726,7.134627e-15
point_b5d32104dc1edc08,point_bbf879e1644667d7,R150_anchor,BR_ZZ,0.0031755367995718884,0.0031755367995719066,5.735911e-15
point_b5d32104dc1edc08,point_bbf879e1644667d7,R150_anchor,BR_gg,0.12892653300362764,0.12892653300362708,-4.305642e-15
point_b5d32104dc1edc08,point_bbf879e1644667d7,R150_anchor,BR_gammagamma,0.0005656439388938101,0.0005656439388938081,-3.641839e-15
point_b5d32104dc1edc08,point_bbf879e1644667d7,R150_anchor,BR_Zgamma,0.00019264254013185857,0.0001926425401318585,-4.221039e-16
point_b5d32104dc1edc08,point_bbf879e1644667d7,R150_anchor,ctau_physical_mm,2.2545173724862877e-10,2.254517372486288e-10,1.146560e-16
point_77c2d23f82201f73,point_d4bc98f43438b114,R150_anchor,campaign_id,high_mass_h2_physical_point_scan_v1,high_mass_h2_physical_point_scan_v2_mh12520,
point_77c2d23f82201f73,point_d4bc98f43438b114,R150_anchor,m_h_GeV,125.13,125.2,5.594182e-04
point_77c2d23f82201f73,point_d4bc98f43438b114,R150_anchor,lambda1,2.2967416754589434,2.2969808107886216,1.041194e-04
point_77c2d23f82201f73,point_d4bc98f43438b114,R150_anchor,lambda2,0.37958460247893605,0.37988612224822826,7.943414e-04
point_77c2d23f82201f73,point_d4bc98f43438b114,R150_anchor,lambda3,6.709215692020985,6.7094842139557205,4.002285e-05
point_77c2d23f82201f73,point_d4bc98f43438b114,R150_anchor,g_hH2H2_GeV,287.3644160850511,287.4304655930065,2.298458e-04
point_77c2d23f82201f73,point_d4bc98f43438b114,R150_anchor,width_bb_GeV,0.0006425213094013517,0.000642521309401352,5.062255e-16
point_77c2d23f82201f73,point_d4bc98f43438b114,R150_anchor,width_cc_GeV,2.8766524396645548e-05,2.8766524396645565e-05,5.889018e-16
point_77c2d23f82201f73,point_d4bc98f43438b114,R150_anchor,width_tautau_GeV,6.423254317194628e-05,6.423254317194631e-05,4.219832e-16
point_77c2d23f82201f73,point_d4bc98f43438b114,R150_anchor,width_WW_GeV,2.2983471442855495e-05,2.2983471442855735e-05,1.046654e-14
point_77c2d23f82201f73,point_d4bc98f43438b114,R150_anchor,width_ZZ_GeV,2.77939347665155e-06,2.7793934766515713e-06,7.618865e-15
point_77c2d23f82201f73,point_d4bc98f43438b114,R150_anchor,width_gg_GeV,0.00011284314665976891,0.00011284314665976909,1.561308e-15
point_77c2d23f82201f73,point_d4bc98f43438b114,R150_anchor,width_gammagamma_GeV,5.137342942838778e-07,5.13734294283876e-07,-3.503650e-15
point_77c2d23f82201f73,point_d4bc98f43438b114,R150_anchor,width_Zgamma_GeV,1.7384720631127112e-07,1.7384720631127298e-07,1.065812e-14
point_77c2d23f82201f73,point_d4bc98f43438b114,R150_anchor,total_width_GeV,0.0008752754308786103,0.0008752754308786111,9.909586e-16
point_77c2d23f82201f73,point_d4bc98f43438b114,R150_anchor,width_unaccounted_GeV,4.614608287956904e-07,4.61460828795582e-07,-2.349500e-13
point_77c2d23f82201f73,point_d4bc98f43438b114,R150_anchor,BR_bb,0.7340789958612026,0.7340789958612023,-4.537208e-16
point_77c2d23f82201f73,point_d4bc98f43438b114,R150_anchor,BR_cc,0.03286568248324921,0.0328656824832492,-4.222577e-16
point_77c2d23f82201f73,point_d4bc98f43438b114,R150_anchor,BR_tautau,0.07338552060974568,0.07338552060974564,-5.673239e-16
point_77c2d23f82201f73,point_d4bc98f43438b114,R150_anchor,BR_WW,0.026258558885612106,0.026258558885612352,9.380969e-15
point_77c2d23f82201f73,point_d4bc98f43438b114,R150_anchor,BR_ZZ,0.0031754501252954934,0.0031754501252955146,6.692079e-15
point_77c2d23f82201f73,point_d4bc98f43438b114,R150_anchor,BR_gg,0.1289230140351316,0.12892301403513165,4.305760e-16
point_77c2d23f82201f73,point_d4bc98f43438b114,R150_anchor,BR_gammagamma,0.0005869401518196235,0.0005869401518196208,-4.618027e-15
point_77c2d23f82201f73,point_d4bc98f43438b114,R150_anchor,BR_Zgamma,0.000198620000262959,0.00019862000026296092,9.689149e-15
point_77c2d23f82201f73,point_d4bc98f43438b114,R150_anchor,ctau_physical_mm,2.2544558368549339e-10,2.2544558368549315e-10,-1.031932e-15
point_9104e3c676d50258,point_40eb2a1f8dda377d,R150_anchor,campaign_id,high_mass_h2_physical_point_scan_v1,high_mass_h2_physical_point_scan_v2_mh12520,
point_9104e3c676d50258,point_40eb2a1f8dda377d,R150_anchor,m_h_GeV,125.13,125.2,5.594182e-04
point_9104e3c676d50258,point_40eb2a1f8dda377d,R150_anchor,lambda1,1.2278680907201147,1.228107226049793,1.947565e-04
point_9104e3c676d50258,point_40eb2a1f8dda377d,R150_anchor,lambda2,0.3127800034327592,0.31308152320205146,9.639995e-04
point_9104e3c676d50258,point_40eb2a1f8dda377d,R150_anchor,lambda3,6.441997295836278,6.442265817771013,4.168303e-05
point_9104e3c676d50258,point_40eb2a1f8dda377d,R150_anchor,g_hH2H2_GeV,169.9061747461197,169.9722242540755,3.887411e-04
point_9104e3c676d50258,point_40eb2a1f8dda377d,R150_anchor,width_bb_GeV,0.0006425213094013514,0.0006425213094013513,-1.687418e-16
point_9104e3c676d50258,point_40eb2a1f8dda377d,R150_anchor,width_cc_GeV,2.8766524396645558e-05,2.8766524396645555e-05,-1.177804e-16
point_9104e3c676d50258,point_40eb2a1f8dda377d,R150_anchor,width_tautau_GeV,6.423254317194627e-05,6.423254317194625e-05,-2.109916e-16
point_9104e3c676d50258,point_40eb2a1f8dda377d,R150_anchor,width_WW_GeV,2.2983471442855407e-05,2.2983471442855335e-05,-3.095736e-15
point_9104e3c676d50258,point_40eb2a1f8dda377d,R150_anchor,width_ZZ_GeV,2.7793934766515416e-06,2.7793934766515357e-06,-2.133282e-15
point_9104e3c676d50258,point_40eb2a1f8dda377d,R150_anchor,width_gg_GeV,0.00011284314665976866,0.00011284314665976845,-1.801509e-15
point_9104e3c676d50258,point_40eb2a1f8dda377d,R150_anchor,width_gammagamma_GeV,5.327328726692392e-07,5.32732872669236e-07,-5.962413e-15
point_9104e3c676d50258,point_40eb2a1f8dda377d,R150_anchor,width_Zgamma_GeV,1.7916381067998884e-07,1.791638106799887e-07,-7.387033e-16
point_9104e3c676d50258,point_40eb2a1f8dda377d,R150_anchor,total_width_GeV,0.0008752997460613636,0.0008752997460613631,-4.954655e-16
point_9104e3c676d50258,point_40eb2a1f8dda377d,R150_anchor,BR_bb,0.7340586036869556,0.7340586036869559,3.024889e-16
point_9104e3c676d50258,point_40eb2a1f8dda377d,R150_anchor,BR_cc,0.03286476949877792,0.03286476949877793,4.222694e-16
point_9104e3c676d50258,point_40eb2a1f8dda377d,R150_anchor,BR_tautau,0.07338348201399249,0.07338348201399252,3.782265e-16
point_9104e3c676d50258,point_40eb2a1f8dda377d,R150_anchor,BR_WW,0.02625782944217161,0.026257829442171542,-2.642600e-15
point_9104e3c676d50258,point_40eb2a1f8dda377d,R150_anchor,BR_ZZ,0.0031753619136280315,0.0031753619136280263,-1.638922e-15
point_9104e3c676d50258,point_40eb2a1f8dda377d,R150_anchor,BR_gg,0.12891943264868455,0.12891943264868438,-1.291764e-15
point_9104e3c676d50258,point_40eb2a1f8dda377d,R150_anchor,BR_gammagamma,0.0006086290725736044,0.0006086290725736011,-5.522291e-15
point_9104e3c676d50258,point_40eb2a1f8dda377d,R150_anchor,BR_Zgamma,0.0002046885212593543,0.00020468852125935425,-2.648420e-16
point_9104e3c676d50258,point_40eb2a1f8dda377d,R150_anchor,ctau_physical_mm,2.2543932097309925e-10,2.2543932097309935e-10,4.586493e-16
point_1f304eea53977a7b,point_5e672c61c1093bee,R150_anchor,campaign_id,high_mass_h2_physical_point_scan_v1,high_mass_h2_physical_point_scan_v2_mh12520,
point_1f304eea53977a7b,point_5e672c61c1093bee,R150_anchor,m_h_GeV,125.13,125.2,5.594182e-04
point_1f304eea53977a7b,point_5e672c61c1093bee,R150_anchor,lambda1,0.15899450598128606,0.1592336413109641,1.504048e-03
point_1f304eea53977a7b,point_5e672c61c1093bee,R150_anchor,lambda2,0.2459754043865823,0.24627692415587457,1.225813e-03
point_1f304eea53977a7b,point_5e672c61c1093bee,R150_anchor,lambda3,6.17477889965157,6.175047421586306,4.348689e-05
point_1f304eea53977a7b,point_5e672c61c1093bee,R150_anchor,g_hH2H2_GeV,52.44793340718809,52.5139829151442,1.259335e-03
point_1f304eea53977a7b,point_5e672c61c1093bee,R150_anchor,width_bb_GeV,0.0006425213094013513,0.0006425213094013517,6.749673e-16
point_1f304eea53977a7b,point_5e672c61c1093bee,R150_anchor,width_cc_GeV,2.8766524396645555e-05,2.8766524396645548e-05,-2.355607e-16
point_1f304eea53977a7b,point_5e672c61c1093bee,R150_anchor,width_tautau_GeV,6.423254317194625e-05,6.423254317194628e-05,4.219832e-16
point_1f304eea53977a7b,point_5e672c61c1093bee,R150_anchor,width_WW_GeV,2.2983471442855335e-05,2.2983471442855495e-05,6.928553e-15
point_1f304eea53977a7b,point_5e672c61c1093bee,R150_anchor,width_ZZ_GeV,2.7793934766515357e-06,2.77939347665155e-06,5.180828e-15
point_1f304eea53977a7b,point_5e672c61c1093bee,R150_anchor,width_gg_GeV,0.00011284314665976845,0.00011284314665976891,4.083420e-15
point_1f304eea53977a7b,point_5e672c61c1093bee,R150_anchor,width_gammagamma_GeV,5.520764642098021e-07,5.520764642098083e-07,1.131522e-14
point_1f304eea53977a7b,point_5e672c61c1093bee,R150_anchor,width_Zgamma_GeV,1.8456049317770944e-07,1.8456049317771148e-07,1.104339e-14
point_1f304eea53977a7b,point_5e672c61c1093bee,R150_anchor,total_width_GeV,0.0008753244863354013,0.0008753244863354025,1.362492e-15
point_1f304eea53977a7b,point_5e672c61c1093bee,R150_anchor,width_unaccounted_GeV,4.61460828795582e-07,4.614608287956904e-07,2.349500e-13
point_1f304eea53977a7b,point_5e672c61c1093bee,R150_anchor,BR_bb,0.7340378561684084,0.7340378561684079,-7.562437e-16
point_1f304eea53977a7b,point_5e672c61c1093bee,R150_anchor,BR_cc,0.032863840605074746,0.03286384060507469,-1.689126e-15
point_1f304eea53977a7b,point_5e672c61c1093bee,R150_anchor,BR_tautau,0.0733814078946422,0.07338140789464213,-9.455929e-16
point_1f304eea53977a7b,point_5e672c61c1093bee,R150_anchor,BR_WW,0.02625708728779772,0.026257087287797867,5.549617e-15
point_1f304eea53977a7b,point_5e672c61c1093bee,R150_anchor,BR_ZZ,0.0031752721648261365,0.0031752721648261486,3.824259e-15
point_1f304eea53977a7b,point_5e672c61c1093bee,R150_anchor,BR_gg,0.12891578885470584,0.1289157888547062,2.798901e-15
point_1f304eea53977a7b,point_5e672c61c1093bee,R150_anchor,BR_gammagamma,0.0006307106368303524,0.0006307106368303587,9.970297e-15
point_1f304eea53977a7b,point_5e672c61c1093bee,R150_anchor,BR_Zgamma,0.00021084808669112303,0.00021084808669112506,9.641440e-15
point_1f304eea53977a7b,point_5e672c61c1093bee,R150_anchor,ctau_physical_mm,2.254329491296665e-10,2.254329491296662e-10,-1.375987e-15
point_bda0399c21e4a707,point_9f21d8d4c62ada90,R150_anchor,campaign_id,high_mass_h2_physical_point_scan_v1,high_mass_h2_physical_point_scan_v2_mh12520,
point_bda0399c21e4a707,point_9f21d8d4c62ada90,R150_anchor,m_h_GeV,125.13,125.2,5.594182e-04
point_bda0399c21e4a707,point_9f21d8d4c62ada90,R150_anchor,lambda1,6.2722360147142595,6.272475150043937,3.812601e-05
point_bda0399c21e4a707,point_9f21d8d4c62ada90,R150_anchor,lambda2,0.6530529986573934,0.6533545184266858,4.617080e-04
point_bda0399c21e4a707,point_9f21d8d4c62ada90,R150_anchor,lambda3,7.753089276784812,7.7533577987195486,3.463419e-05
point_bda0399c21e4a707,point_9f21d8d4c62ada90,R150_anchor,g_hH2H2_GeV,759.2573613078443,759.3234108158006,8.699225e-05
point_bda0399c21e4a707,point_9f21d8d4c62ada90,R150_anchor,width_bb_GeV,0.0006425213094013511,0.0006425213094013517,1.012451e-15
point_bda0399c21e4a707,point_9f21d8d4c62ada90,R150_anchor,width_cc_GeV,2.8766524396645528e-05,2.8766524396645548e-05,7.066822e-16
point_bda0399c21e4a707,point_9f21d8d4c62ada90,R150_anchor,width_tautau_GeV,6.42325431719462e-05,6.423254317194628e-05,1.265950e-15
point_bda0399c21e4a707,point_9f21d8d4c62ada90,R150_anchor,width_WW_GeV,2.298347144285503e-05,2.2983471442855495e-05,2.019599e-14
point_bda0399c21e4a707,point_9f21d8d4c62ada90,R150_anchor,width_ZZ_GeV,2.779393476651508e-06,2.77939347665155e-06,1.508535e-14
point_bda0399c21e4a707,point_9f21d8d4c62ada90,R150_anchor,width_gg_GeV,0.00011284314665976837,0.00011284314665976891,4.804023e-15
point_bda0399c21e4a707,point_9f21d8d4c62ada90,R150_anchor,width_gammagamma_GeV,4.4376097104660426e-07,4.4376097104660955e-07,1.192975e-14
point_bda0399c21e4a707,point_9f21d8d4c62ada90,R150_anchor,width_Zgamma_GeV,1.5411173314774492e-07,1.5411173314774662e-07,1.099245e-14
point_bda0399c21e4a707,point_9f21d8d4c62ada90,R150_anchor,total_width_GeV,0.0008751857220822076,0.0008751857220822095,2.106003e-15
point_bda0399c21e4a707,point_9f21d8d4c62ada90,R150_anchor,width_unaccounted_GeV,4.61460828795582e-07,4.614608287956904e-07,2.349500e-13
point_bda0399c21e4a707,point_9f21d8d4c62ada90,R150_anchor,BR_bb,0.7341542408538035,0.7341542408538028,-1.058573e-15
point_bda0399c21e4a707,point_9f21d8d4c62ada90,R150_anchor,BR_cc,0.03286905130056891,0.032869051300568865,-1.477751e-15
point_bda0399c21e4a707,point_9f21d8d4c62ada90,R150_anchor,BR_tautau,0.0733930428151029,0.07339304281510282,-9.454430e-16
point_bda0399c21e4a707,point_9f21d8d4c62ada90,R150_anchor,BR_WW,0.02626125045570174,0.026261250455702215,1.809945e-14
point_bda0399c21e4a707,point_9f21d8d4c62ada90,R150_anchor,BR_ZZ,0.00317577561713288,0.003175775617132921,1.297311e-14
point_bda0399c21e4a707,point_9f21d8d4c62ada90,R150_anchor,BR_gg,0.12893622897697232,0.12893622897697266,2.583191e-15
point_bda0399c21e4a707,point_9f21d8d4c62ada90,R150_anchor,BR_gammagamma,0.0005070477726611278,0.0005070477726611328,9.836016e-15
point_bda0399c21e4a707,point_9f21d8d4c62ada90,R150_anchor,BR_Zgamma,0.00017609031918515344,0.00017609031918515498,8.773839e-15
point_bda0399c21e4a707,point_9f21d8d4c62ada90,R150_anchor,ctau_physical_mm,2.2546869243996278e-10,2.254686924399623e-10,-2.178300e-15
point_8a71a08304ec732f,point_8fc0b45dd3f86814,R150_anchor,campaign_id,high_mass_h2_physical_point_scan_v1,high_mass_h2_physical_point_scan_v2_mh12520,
point_8a71a08304ec732f,point_8fc0b45dd3f86814,R150_anchor,m_h_GeV,125.13,125.2,5.594182e-04
point_8a71a08304ec732f,point_8fc0b45dd3f86814,R150_anchor,lambda1,5.2033624299754315,5.203601565305108,4.595785e-05
point_8a71a08304ec732f,point_8fc0b45dd3f86814,R150_anchor,lambda2,0.5862483996112167,0.5865499193805089,5.143208e-04
point_8a71a08304ec732f,point_8fc0b45dd3f86814,R150_anchor,lambda3,7.485870880600105,7.486139402534842,3.587050e-05
point_8a71a08304ec732f,point_8fc0b45dd3f86814,R150_anchor,g_hH2H2_GeV,641.7991199689137,641.8651694768693,1.029131e-04
point_8a71a08304ec732f,point_8fc0b45dd3f86814,R150_anchor,width_bb_GeV,0.0006425213094013503,0.0006425213094013506,5.062255e-16
point_8a71a08304ec732f,point_8fc0b45dd3f86814,R150_anchor,width_cc_GeV,2.876652439664551e-05,2.8766524396645514e-05,1.177804e-16
point_8a71a08304ec732f,point_8fc0b45dd3f86814,R150_anchor,width_tautau_GeV,6.423254317194615e-05,6.423254317194616e-05,2.109916e-16
point_8a71a08304ec732f,point_8fc0b45dd3f86814,R150_anchor,width_WW_GeV,2.298347144285463e-05,2.29834714428548e-05,7.370801e-15
point_8a71a08304ec732f,point_8fc0b45dd3f86814,R150_anchor,width_ZZ_GeV,2.779393476651472e-06,2.779393476651486e-06,5.028451e-15
point_8a71a08304ec732f,point_8fc0b45dd3f86814,R150_anchor,width_gg_GeV,0.00011284314665976814,0.00011284314665976756,-5.164325e-15
point_8a71a08304ec732f,point_8fc0b45dd3f86814,R150_anchor,width_gammagamma_GeV,4.6143026434779324e-07,4.6143026434779043e-07,-6.080652e-15
point_8a71a08304ec732f,point_8fc0b45dd3f86814,R150_anchor,width_Zgamma_GeV,1.5911980823040967e-07,1.591198082304132e-07,2.212472e-14
point_8a71a08304ec732f,point_8fc0b45dd3f86814,R150_anchor,total_width_GeV,0.00087520839945059,0.0008752083994505899,-1.238793e-16
point_8a71a08304ec732f,point_8fc0b45dd3f86814,R150_anchor,width_unaccounted_GeV,4.61460828795582e-07,4.614608287956904e-07,2.349500e-13
point_8a71a08304ec732f,point_8fc0b45dd3f86814,R150_anchor,BR_bb,0.7341352183145083,0.7341352183145088,6.049147e-16
point_8a71a08304ec732f,point_8fc0b45dd3f86814,R150_anchor,BR_cc,0.032868199636456444,0.03286819963645645,2.111127e-16
point_8a71a08304ec732f,point_8fc0b45dd3f86814,R150_anchor,BR_tautau,0.07339114114109048,0.0733911411410905,1.890935e-16
point_8a71a08304ec732f,point_8fc0b45dd3f86814,R150_anchor,BR_WW,0.02626057000513529,0.026260570005135486,7.530624e-15
point_8a71a08304ec732f,point_8fc0b45dd3f86814,R150_anchor,BR_ZZ,0.0031756933301785376,0.003175693330178554,5.189378e-15
point_8a71a08304ec732f,point_8fc0b45dd3f86814,R150_anchor,BR_gg,0.12893288813339218,0.12893288813339152,-5.166516e-15
point_8a71a08304ec732f,point_8fc0b45dd3f86814,R150_anchor,BR_gammagamma,0.0005272233043438054,0.0005272233043438023,-5.963671e-15
point_8a71a08304ec732f,point_8fc0b45dd3f86814,R150_anchor,BR_Zgamma,0.00018180790807114825,0.0001818079080711523,2.221385e-14
point_8a71a08304ec732f,point_8fc0b45dd3f86814,R150_anchor,ctau_physical_mm,2.2546285036097864e-10,2.2546285036097867e-10,1.146503e-16
point_46941f0cfa36abbc,point_789c8fdca6aa2cd3,R150_anchor,campaign_id,high_mass_h2_physical_point_scan_v1,high_mass_h2_physical_point_scan_v2_mh12520,
point_46941f0cfa36abbc,point_789c8fdca6aa2cd3,R150_anchor,m_h_GeV,125.13,125.2,5.594182e-04
point_46941f0cfa36abbc,point_789c8fdca6aa2cd3,R150_anchor,lambda1,4.134488845236602,4.134727980566279,5.783915e-05
point_46941f0cfa36abbc,point_789c8fdca6aa2cd3,R150_anchor,lambda2,0.5194438005650398,0.519745320334332,5.804666e-04
point_46941f0cfa36abbc,point_789c8fdca6aa2cd3,R150_anchor,lambda3,7.218652484415398,7.218921006350134,3.719835e-05
point_46941f0cfa36abbc,point_789c8fdca6aa2cd3,R150_anchor,g_hH2H2_GeV,524.3408786299821,524.4069281379378,1.259667e-04
point_46941f0cfa36abbc,point_789c8fdca6aa2cd3,R150_anchor,width_bb_GeV,0.0006425213094013511,0.0006425213094013513,3.374836e-16
point_46941f0cfa36abbc,point_789c8fdca6aa2cd3,R150_anchor,width_cc_GeV,2.876652439664553e-05,2.8766524396645548e-05,5.889018e-16
point_46941f0cfa36abbc,point_789c8fdca6aa2cd3,R150_anchor,width_tautau_GeV,6.423254317194621e-05,6.423254317194625e-05,6.329748e-16
point_46941f0cfa36abbc,point_789c8fdca6aa2cd3,R150_anchor,width_WW_GeV,2.2983471442855098e-05,2.298347144285527e-05,7.518217e-15
point_46941f0cfa36abbc,point_789c8fdca6aa2cd3,R150_anchor,width_ZZ_GeV,2.779393476651514e-06,2.7793934766515293e-06,5.485583e-15
point_46941f0cfa36abbc,point_789c8fdca6aa2cd3,R150_anchor,width_gg_GeV,0.00011284314665976847,0.0001128431466597693,7.326135e-15
point_46941f0cfa36abbc,point_789c8fdca6aa2cd3,R150_anchor,width_gammagamma_GeV,4.794445708041943e-07,4.794445708041913e-07,-6.183437e-15
point_46941f0cfa36abbc,point_789c8fdca6aa2cd3,R150_anchor,width_Zgamma_GeV,1.6420796144208328e-07,1.6420796144208616e-07,1.757044e-14
point_46941f0cfa36abbc,point_789c8fdca6aa2cd3,R150_anchor,total_width_GeV,0.0008752315019102597,0.0008752315019102609,1.362636e-15
point_46941f0cfa36abbc,point_789c8fdca6aa2cd3,R150_anchor,width_unaccounted_GeV,4.61460828795582e-07,4.6146082879547357e-07,-2.349500e-13
point_46941f0cfa36abbc,point_789c8fdca6aa2cd3,R150_anchor,BR_bb,0.7341158402079897,0.7341158402079889,-1.058629e-15
point_46941f0cfa36abbc,point_789c8fdca6aa2cd3,R150_anchor,BR_cc,0.03286733205313153,0.032867332053131505,-8.444730e-16
point_46941f0cfa36abbc,point_789c8fdca6aa2cd3,R150_anchor,BR_tautau,0.07338920392119545,0.0733892039211954,-7.563940e-16
point_46941f0cfa36abbc,point_789c8fdca6aa2cd3,R150_anchor,BR_WW,0.026259876835662235,0.0262598768356624,6.209626e-15
point_46941f0cfa36abbc,point_789c8fdca6aa2cd3,R150_anchor,BR_ZZ,0.0031756095051255298,0.0031756095051255428,4.096985e-15
point_46941f0cfa36abbc,point_789c8fdca6aa2cd3,R150_anchor,BR_gg,0.1289294848431297,0.12892948484313047,6.027761e-15
point_46941f0cfa36abbc,point_789c8fdca6aa2cd3,R150_anchor,BR_gammagamma,0.0005477917211135224,0.0005477917211135181,-7.718971e-15
point_46941f0cfa36abbc,point_789c8fdca6aa2cd3,R150_anchor,BR_Zgamma,0.0001876166032457548,0.00018761660324575783,1.618069e-14
point_46941f0cfa36abbc,point_789c8fdca6aa2cd3,R150_anchor,ctau_physical_mm,2.2545689908249277e-10,2.2545689908249246e-10,-1.375840e-15
point_f32b5d8e367dbc3c,point_d409ffc8009f6d3f,R150_anchor,campaign_id,high_mass_h2_physical_point_scan_v1,high_mass_h2_physical_point_scan_v2_mh12520,
point_f32b5d8e367dbc3c,point_d409ffc8009f6d3f,R150_anchor,m_h_GeV,125.13,125.2,5.594182e-04
point_f32b5d8e367dbc3c,point_d409ffc8009f6d3f,R150_anchor,lambda1,3.0656152604977724,3.0658543958274507,7.800566e-05
point_f32b5d8e367dbc3c,point_d409ffc8009f6d3f,R150_anchor,lambda2,0.45263920151886283,0.4529407212881551,6.661371e-04
point_f32b5d8e367dbc3c,point_d409ffc8009f6d3f,R150_anchor,lambda3,6.951434088230691,6.951702610165428,3.862828e-05
point_f32b5d8e367dbc3c,point_d409ffc8009f6d3f,R150_anchor,g_hH2H2_GeV,406.8826372910511,406.9486867990066,1.623306e-04
point_f32b5d8e367dbc3c,point_d409ffc8009f6d3f,R150_anchor,width_bb_GeV,0.0006425213094013514,0.000642521309401352,1.012451e-15
point_f32b5d8e367dbc3c,point_d409ffc8009f6d3f,R150_anchor,width_cc_GeV,2.8766524396645558e-05,2.8766524396645565e-05,2.355607e-16
point_f32b5d8e367dbc3c,point_d409ffc8009f6d3f,R150_anchor,width_tautau_GeV,6.423254317194627e-05,6.423254317194632e-05,8.439664e-16
point_f32b5d8e367dbc3c,point_d409ffc8009f6d3f,R150_anchor,width_WW_GeV,2.2983471442855407e-05,2.29834714428558e-05,1.710026e-14
point_f32b5d8e367dbc3c,point_d409ffc8009f6d3f,R150_anchor,width_ZZ_GeV,2.7793934766515416e-06,2.7793934766515776e-06,1.295207e-14
point_f32b5d8e367dbc3c,point_d409ffc8009f6d3f,R150_anchor,width_gg_GeV,0.00011284314665976866,0.00011284314665976879,1.201006e-15
point_f32b5d8e367dbc3c,point_d409ffc8009f6d3f,R150_anchor,width_gammagamma_GeV,4.978038904157933e-07,4.978038904157931e-07,-4.253849e-16
point_f32b5d8e367dbc3c,point_d409ffc8009f6d3f,R150_anchor,width_Zgamma_GeV,1.6937619278275985e-07,1.693761927827623e-07,1.453386e-14
point_f32b5d8e367dbc3c,point_d409ffc8009f6d3f,R150_anchor,total_width_GeV,0.0008752550294612129,0.0008752550294612142,1.486473e-15
point_f32b5d8e367dbc3c,point_d409ffc8009f6d3f,R150_anchor,BR_bb,0.734096106590639,0.7340961065906386,-4.537102e-16
point_f32b5d8e367dbc3c,point_d409ffc8009f6d3f,R150_anchor,BR_cc,0.032866448553118946,0.032866448553118904,-1.266744e-15
point_f32b5d8e367dbc3c,point_d409ffc8009f6d3f,R150_anchor,BR_tautau,0.07338723116105526,0.07338723116105522,-5.673107e-16
point_f32b5d8e367dbc3c,point_d409ffc8009f6d3f,R150_anchor,BR_WW,0.026259170949298638,0.02625917094929905,1.572267e-14
point_f32b5d8e367dbc3c,point_d409ffc8009f6d3f,R150_anchor,BR_ZZ,0.0031755241422176954,0.0031755241422177314,1.133530e-14
point_f32b5d8e367dbc3c,point_d409ffc8009f6d3f,R150_anchor,BR_gg,0.12892601911608817,0.12892601911608814,-2.152830e-16
point_f32b5d8e367dbc3c,point_d409ffc8009f6d3f,R150_anchor,BR_gammagamma,0.0005687529618906961,0.000568752961890695,-1.906280e-15
point_f32b5d8e367dbc3c,point_d409ffc8009f6d3f,R150_anchor,BR_Zgamma,0.00019351638903123355,0.00019351638903123607,1.302613e-14
point_f32b5d8e367dbc3c,point_d409ffc8009f6d3f,R150_anchor,ctau_physical_mm,2.2545083862182433e-10,2.25450838621824e-10,-1.490534e-15
point_ef4b70ec76296c7b,point_a89c28dfdd676b98,R150_anchor,campaign_id,high_mass_h2_physical_point_scan_v1,high_mass_h2_physical_point_scan_v2_mh12520,
point_ef4b70ec76296c7b,point_a89c28dfdd676b98,R150_anchor,m_h_GeV,125.13,125.2,5.594182e-04
point_ef4b70ec76296c7b,point_a89c28dfdd676b98,R150_anchor,lambda1,1.9967416757589433,1.9969808110886216,1.197628e-04
point_ef4b70ec76296c7b,point_a89c28dfdd676b98,R150_anchor,lambda2,0.3858346024726861,0.38613612224197824,7.814742e-04
point_ef4b70ec76296c7b,point_a89c28dfdd676b98,R150_anchor,lambda3,6.684215692045984,6.68448421398072,4.017254e-05
point_ef4b70ec76296c7b,point_a89c28dfdd676b98,R150_anchor,g_hH2H2_GeV,289.42439595211977,289.4904454600753,2.282099e-04
point_ef4b70ec76296c7b,point_a89c28dfdd676b98,R150_anchor,width_cc_GeV,2.8766524396645548e-05,2.8766524396645558e-05,3.533411e-16
point_ef4b70ec76296c7b,point_a89c28dfdd676b98,R150_anchor,width_WW_GeV,2.2983471442855495e-05,2.2983471442855566e-05,3.095736e-15
point_ef4b70ec76296c7b,point_a89c28dfdd676b98,R150_anchor,width_ZZ_GeV,2.77939347665155e-06,2.779393476651557e-06,2.438037e-15
point_ef4b70ec76296c7b,point_a89c28dfdd676b98,R150_anchor,width_gg_GeV,0.00011284314665976891,0.00011284314665976902,9.608046e-16
point_ef4b70ec76296c7b,point_a89c28dfdd676b98,R150_anchor,width_gammagamma_GeV,5.165082231825978e-07,5.165082231825944e-07,-6.559686e-15
point_ef4b70ec76296c7b,point_a89c28dfdd676b98,R150_anchor,width_Zgamma_GeV,1.746245022524418e-07,1.7462450225244195e-07,9.094868e-16
point_ef4b70ec76296c7b,point_a89c28dfdd676b98,R150_anchor,total_width_GeV,0.0008752789821034502,0.0008752789821034504,2.477387e-16
point_ef4b70ec76296c7b,point_a89c28dfdd676b98,R150_anchor,BR_bb,0.7340760175198763,0.7340760175198761,-3.024818e-16
point_ef4b70ec76296c7b,point_a89c28dfdd676b98,R150_anchor,BR_tautau,0.07338522286641011,0.0733852228664101,-1.891088e-16
point_ef4b70ec76296c7b,point_a89c28dfdd676b98,R150_anchor,BR_WW,0.02625845234809837,0.026258452348098447,2.906791e-15
point_ef4b70ec76296c7b,point_a89c28dfdd676b98,R150_anchor,BR_ZZ,0.003175437241703412,0.003175437241703419,2.185177e-15
point_ef4b70ec76296c7b,point_a89c28dfdd676b98,R150_anchor,BR_gg,0.12892249096235223,0.1289224909623523,6.458666e-16
point_ef4b70ec76296c7b,point_a89c28dfdd676b98,R150_anchor,BR_gammagamma,0.0005901069644575918,0.0005901069644575878,-6.798002e-15
point_ef4b70ec76296c7b,point_a89c28dfdd676b98,R150_anchor,BR_Zgamma,0.00019950724948608755,0.00019950724948608769,6.793000e-16
point_ef4b70ec76296c7b,point_a89c28dfdd676b98,R150_anchor,ctau_physical_mm,2.2544466899660765e-10,2.254446689966076e-10,-2.293192e-16
point_51eea6f30503cd0c,point_a322f6247bb65a31,R150_anchor,campaign_id,high_mass_h2_physical_point_scan_v1,high_mass_h2_physical_point_scan_v2_mh12520,
point_51eea6f30503cd0c,point_a322f6247bb65a31,R150_anchor,m_h_GeV,125.13,125.2,5.594182e-04
point_51eea6f30503cd0c,point_a322f6247bb65a31,R150_anchor,lambda1,0.9278680910201147,0.9281072263497929,2.577256e-04
point_51eea6f30503cd0c,point_a322f6247bb65a31,R150_anchor,lambda2,0.3190300034265092,0.3193315231958015,9.451141e-04
point_51eea6f30503cd0c,point_a322f6247bb65a31,R150_anchor,lambda3,6.416997295861277,6.417265817796012,4.184542e-05
point_51eea6f30503cd0c,point_a322f6247bb65a31,R150_anchor,g_hH2H2_GeV,171.966154613188,172.032204121144,3.840843e-04
point_51eea6f30503cd0c,point_a322f6247bb65a31,R150_anchor,width_bb_GeV,0.0006425213094013517,0.0006425213094013513,-6.749673e-16
point_51eea6f30503cd0c,point_a322f6247bb65a31,R150_anchor,width_cc_GeV,2.8766524396645558e-05,2.8766524396645555e-05,-1.177804e-16
point_51eea6f30503cd0c,point_a322f6247bb65a31,R150_anchor,width_tautau_GeV,6.423254317194628e-05,6.423254317194625e-05,-4.219832e-16
point_51eea6f30503cd0c,point_a322f6247bb65a31,R150_anchor,width_WW_GeV,2.2983471442855566e-05,2.2983471442855335e-05,-1.002429e-14
point_51eea6f30503cd0c,point_a322f6247bb65a31,R150_anchor,width_ZZ_GeV,2.779393476651557e-06,2.7793934766515357e-06,-7.618865e-15
point_51eea6f30503cd0c,point_a322f6247bb65a31,R150_anchor,width_gg_GeV,0.00011284314665976902,0.00011284314665976845,-5.044224e-15
point_51eea6f30503cd0c,point_a322f6247bb65a31,R150_anchor,width_gammagamma_GeV,5.35557569104597e-07,5.355575691045936e-07,-6.326363e-15
point_51eea6f30503cd0c,point_a322f6247bb65a31,R150_anchor,width_Zgamma_GeV,1.7995288985112255e-07,1.7995288985112022e-07,-1.294417e-14
point_51eea6f30503cd0c,point_a322f6247bb65a31,R150_anchor,total_width_GeV,0.000875303359836971,0.0008753033598369696,-1.610256e-15
point_51eea6f30503cd0c,point_a322f6247bb65a31,R150_anchor,width_unaccounted_GeV,4.614608287956904e-07,4.61460828795582e-07,-2.349500e-13
point_51eea6f30503cd0c,point_a322f6247bb65a31,R150_anchor,BR_bb,0.7340555730541513,0.7340555730541519,9.074706e-16
point_51eea6f30503cd0c,point_a322f6247bb65a31,R150_anchor,BR_cc,0.0328646338133598,0.03286463381335985,1.477949e-15
point_51eea6f30503cd0c,point_a322f6247bb65a31,R150_anchor,BR_tautau,0.07338317904310326,0.07338317904310335,1.134684e-15
point_51eea6f30503cd0c,point_a322f6247bb65a31,R150_anchor,BR_WW,0.026257721034152474,0.026257721034152255,-8.324224e-15
point_51eea6f30503cd0c,point_a322f6247bb65a31,R150_anchor,BR_ZZ,0.003175348803835542,0.003175348803835523,-6.009405e-15
point_51eea6f30503cd0c,point_a322f6247bb65a31,R150_anchor,BR_gg,0.12891890039218692,0.12891890039218648,-3.444718e-15
point_51eea6f30503cd0c,point_a322f6247bb65a31,R150_anchor,BR_gammagamma,0.0006118536654587352,0.0006118536654587323,-4.784389e-15
point_51eea6f30503cd0c,point_a322f6247bb65a31,R150_anchor,BR_Zgamma,0.00020558916840515674,0.0002055891684051544,-1.133831e-14
point_51eea6f30503cd0c,point_a322f6247bb65a31,R150_anchor,ctau_physical_mm,2.254383902247936e-10,2.2543839022479397e-10,1.605279e-15
point_ea75a751be5b50e1,point_59a3c2a60cfcb53a,R150_anchor,campaign_id,high_mass_h2_physical_point_scan_v1,high_mass_h2_physical_point_scan_v2_mh12520,
point_ea75a751be5b50e1,point_59a3c2a60cfcb53a,R150_anchor,m_h_GeV,125.13,125.2,5.594182e-04
point_ea75a751be5b50e1,point_59a3c2a60cfcb53a,R150_anchor,lambda1,0.3109943032324213,0.31116811088043955,5.588773e-04
point_ea75a751be5b50e1,point_59a3c2a60cfcb53a,R150_anchor,lambda2,0.2548826216216474,0.2551762739123508,1.152108e-03
point_ea75a751be5b50e1,point_59a3c2a60cfcb53a,R150_anchor,lambda3,6.2014149757307,6.201640893888409,3.643010e-05
point_ea75a751be5b50e1,point_59a3c2a60cfcb53a,R150_anchor,g_hH2H2_GeV,58.05546995499907,58.11104002665667,9.571892e-04
point_ea75a751be5b50e1,point_59a3c2a60cfcb53a,R150_anchor,width_bb_GeV,7.471927647940113e-05,7.471927647940103e-05,-1.269655e-15
point_ea75a751be5b50e1,point_59a3c2a60cfcb53a,R150_anchor,width_cc_GeV,3.3452803172349954e-06,3.345280317234992e-06,-1.012810e-15
point_ea75a751be5b50e1,point_59a3c2a60cfcb53a,R150_anchor,width_tautau_GeV,7.469649771945184e-06,7.469649771945173e-06,-1.474156e-15
point_ea75a751be5b50e1,point_59a3c2a60cfcb53a,R150_anchor,width_WW_GeV,2.2983471442855335e-05,2.2983471442854858e-05,-2.078566e-14
point_ea75a751be5b50e1,point_59a3c2a60cfcb53a,R150_anchor,width_ZZ_GeV,2.7793934766515357e-06,2.7793934766514938e-06,-1.508535e-14
point_ea75a751be5b50e1,point_59a3c2a60cfcb53a,R150_anchor,width_gg_GeV,1.3122612667792581e-05,1.3122612667792546e-05,-2.710999e-15
point_ea75a751be5b50e1,point_59a3c2a60cfcb53a,R150_anchor,width_gammagamma_GeV,1.8021777715570953e-07,1.8021777715570881e-07,-3.965669e-15
point_ea75a751be5b50e1,point_59a3c2a60cfcb53a,R150_anchor,width_Zgamma_GeV,1.156387244086355e-07,1.156387244086344e-07,-9.613827e-15
point_ea75a751be5b50e1,point_59a3c2a60cfcb53a,R150_anchor,total_width_GeV,0.00012476920427722968,0.000124769204277229,-5.431039e-15
point_ea75a751be5b50e1,point_59a3c2a60cfcb53a,R150_anchor,width_unaccounted_GeV,5.3663619784579796e-08,5.366361978455269e-08,-5.050918e-13
point_ea75a751be5b50e1,point_59a3c2a60cfcb53a,R150_anchor,BR_bb,0.5988599263114589,0.5988599263114613,4.078568e-15
point_ea75a751be5b50e1,point_59a3c2a60cfcb53a,R150_anchor,BR_cc,0.026811746829786487,0.026811746829786605,4.399609e-15
point_ea75a751be5b50e1,point_59a3c2a60cfcb53a,R150_anchor,BR_tautau,0.059867735914609754,0.05986773591460999,3.940727e-15
point_ea75a751be5b50e1,point_59a3c2a60cfcb53a,R150_anchor,BR_WW,0.1842078866816161,0.18420788668161328,-1.536888e-14
point_ea75a751be5b50e1,point_59a3c2a60cfcb53a,R150_anchor,BR_ZZ,0.022276277970611165,0.02227627797061095,-9.656268e-15
point_ea75a751be5b50e1,point_59a3c2a60cfcb53a,R150_anchor,BR_gg,0.10517509303525671,0.105175093035257,2.770937e-15
point_ea75a751be5b50e1,point_59a3c2a60cfcb53a,R150_anchor,BR_gammagamma,0.0014444091248292043,0.0014444091248292064,1.501240e-15
point_ea75a751be5b50e1,point_59a3c2a60cfcb53a,R150_anchor,BR_Zgamma,0.0009268210459344856,0.0009268210459344818,-4.094326e-15
point_ea75a751be5b50e1,point_59a3c2a60cfcb53a,R150_anchor,ctau_physical_mm,1.5815359370374063e-09,1.581535937037415e-09,5.491748e-15
point_324a246770a9a794,point_4410d89506ecd56f,R150_anchor,campaign_id,high_mass_h2_physical_point_scan_v1,high_mass_h2_physical_point_scan_v2_mh12520,
point_324a246770a9a794,point_4410d89506ecd56f,R150_anchor,m_h_GeV,125.13,125.2,5.594182e-04
point_324a246770a9a794,point_4410d89506ecd56f,R150_anchor,lambda1,5.5253615018510125,5.525544299162643,3.308332e-05
point_324a246770a9a794,point_4410d89506ecd56f,R150_anchor,lambda2,0.5744986316423212,0.5748142359161256,5.493560e-04
point_324a246770a9a794,point_4410d89506ecd56f,R150_anchor,lambda3,7.521933730158114,7.522173920942264,3.193205e-05
point_324a246770a9a794,point_4410d89506ecd56f,R150_anchor,g_hH2H2_GeV,545.7754446446437,545.834288856646,1.078176e-04
point_324a246770a9a794,point_4410d89506ecd56f,R150_anchor,width_gammagamma_GeV,8.613244562462433e-07,8.61324456246243e-07,-3.687778e-16
point_324a246770a9a794,point_4410d89506ecd56f,R150_anchor,BR_gammagamma,0.0011059439683156873,0.001105943968315687,-1.960682e-16
point_3ab8f16f614a005b,point_c87417f1384e5ef4,R150_anchor,campaign_id,high_mass_h2_physical_point_scan_v1,high_mass_h2_physical_point_scan_v2_mh12520,
point_3ab8f16f614a005b,point_c87417f1384e5ef4,R150_anchor,m_h_GeV,125.13,125.2,5.594182e-04
point_3ab8f16f614a005b,point_c87417f1384e5ef4,R150_anchor,lambda1,4.456487917112183,4.4566707144238125,4.101824e-05
point_3ab8f16f614a005b,point_c87417f1384e5ef4,R150_anchor,lambda2,0.5076940325961443,0.5080096368699487,6.216427e-04
point_3ab8f16f614a005b,point_c87417f1384e5ef4,R150_anchor,lambda3,7.254715333973407,7.254955524757557,3.310823e-05
point_3ab8f16f614a005b,point_c87417f1384e5ef4,R150_anchor,g_hH2H2_GeV,448.0377822757822,448.0966264877839,1.313376e-04
point_3ab8f16f614a005b,point_c87417f1384e5ef4,R150_anchor,width_cc_GeV,2.1989403789548814e-05,2.1989403789548807e-05,-3.081604e-16
point_3ab8f16f614a005b,point_c87417f1384e5ef4,R150_anchor,width_tautau_GeV,4.909996455471197e-05,4.909996455471196e-05,-2.760191e-16
point_3ab8f16f614a005b,point_c87417f1384e5ef4,R150_anchor,width_WW_GeV,0.00011468740752500684,0.00011468740752500653,-2.717893e-15
point_3ab8f16f614a005b,point_c87417f1384e5ef4,R150_anchor,width_ZZ_GeV,1.3869159544572153e-05,1.386915954457212e-05,-2.320779e-15
point_3ab8f16f614a005b,point_c87417f1384e5ef4,R150_anchor,width_gg_GeV,8.625837040898422e-05,8.625837040898438e-05,1.885386e-15
point_3ab8f16f614a005b,point_c87417f1384e5ef4,R150_anchor,width_gammagamma_GeV,8.874999871240568e-07,8.874999871240569e-07,1.193004e-16
point_3ab8f16f614a005b,point_c87417f1384e5ef4,R150_anchor,width_Zgamma_GeV,5.560888122456611e-07,5.560888122456647e-07,6.473588e-15
point_3ab8f16f614a005b,point_c87417f1384e5ef4,R150_anchor,total_width_GeV,0.0007788500159546584,0.0007788500159546583,-1.392055e-16
point_3ab8f16f614a005b,point_c87417f1384e5ef4,R150_anchor,BR_bb,0.630608417849142,0.6306084178491421,1.760559e-16
point_3ab8f16f614a005b,point_c87417f1384e5ef4,R150_anchor,BR_cc,0.028233168567886314,0.028233168567886307,-2.457710e-16
point_3ab8f16f614a005b,point_c87417f1384e5ef4,R150_anchor,BR_tautau,0.06304161719060732,0.0630416171906073,-2.201369e-16
point_3ab8f16f614a005b,point_c87417f1384e5ef4,R150_anchor,BR_WW,0.14725223749842423,0.14725223749842384,-2.638860e-15
point_3ab8f16f614a005b,point_c87417f1384e5ef4,R150_anchor,BR_ZZ,0.017807227656755367,0.01780722765675533,-2.143170e-15
point_3ab8f16f614a005b,point_c87417f1384e5ef4,R150_anchor,BR_gg,0.11075093874557466,0.11075093874557489,2.004900e-15
point_3ab8f16f614a005b,point_c87417f1384e5ef4,R150_anchor,BR_gammagamma,0.0011395005058017788,0.0011395005058017793,3.805886e-16
point_3ab8f16f614a005b,point_c87417f1384e5ef4,R150_anchor,BR_Zgamma,0.0007139870332596031,0.0007139870332596079,6.681479e-15
point_3ab8f16f614a005b,point_c87417f1384e5ef4,R150_anchor,ctau_physical_mm,2.533568419564462e-10,2.5335684195644627e-10,2.040552e-16
point_9508c7f5befc4a9f,point_1b898412dd12514c,R150_anchor,campaign_id,high_mass_h2_physical_point_scan_v1,high_mass_h2_physical_point_scan_v2_mh12520,
point_9508c7f5befc4a9f,point_1b898412dd12514c,R150_anchor,m_h_GeV,125.13,125.2,5.594182e-04
point_9508c7f5befc4a9f,point_1b898412dd12514c,R150_anchor,lambda1,3.3876143323733547,3.387797129684984,5.396048e-05
point_9508c7f5befc4a9f,point_1b898412dd12514c,R150_anchor,lambda2,0.44088943354996735,0.4412050378237718,7.158354e-04
point_9508c7f5befc4a9f,point_1b898412dd12514c,R150_anchor,lambda3,6.987496937788699,6.987737128572849,3.437437e-05
point_9508c7f5befc4a9f,point_1b898412dd12514c,R150_anchor,g_hH2H2_GeV,350.30011990692014,350.35896411892224,1.679823e-04
point_9508c7f5befc4a9f,point_1b898412dd12514c,R150_anchor,width_bb_GeV,0.0004911493763029458,0.000491149376302946,4.414959e-16
point_9508c7f5befc4a9f,point_1b898412dd12514c,R150_anchor,width_cc_GeV,2.19894037895488e-05,2.1989403789548804e-05,1.540802e-16
point_9508c7f5befc4a9f,point_1b898412dd12514c,R150_anchor,width_WW_GeV,0.00011468740752500569,0.00011468740752500606,3.190570e-15
point_9508c7f5befc4a9f,point_1b898412dd12514c,R150_anchor,width_ZZ_GeV,1.3869159544572048e-05,1.3869159544572073e-05,1.832194e-15
point_9508c7f5befc4a9f,point_1b898412dd12514c,R150_anchor,width_gg_GeV,8.625837040898438e-05,8.625837040898454e-05,1.885386e-15
point_9508c7f5befc4a9f,point_1b898412dd12514c,R150_anchor,width_gammagamma_GeV,9.140673565766266e-07,9.140673565766277e-07,1.158329e-15
point_9508c7f5befc4a9f,point_1b898412dd12514c,R150_anchor,width_Zgamma_GeV,5.661915234332694e-07,5.661915234332752e-07,1.028513e-14
point_9508c7f5befc4a9f,point_1b898412dd12514c,R150_anchor,total_width_GeV,0.0007788866860352974,0.0007788866860352981,9.743927e-16
point_9508c7f5befc4a9f,point_1b898412dd12514c,R150_anchor,BR_bb,0.6305787287275418,0.6305787287275415,-5.281924e-16
point_9508c7f5befc4a9f,point_1b898412dd12514c,R150_anchor,BR_cc,0.02823183934684986,0.028231839346849835,-8.602390e-16
point_9508c7f5befc4a9f,point_1b898412dd12514c,R150_anchor,BR_tautau,0.06303864918354356,0.0630386491835435,-8.805892e-16
point_9508c7f5befc4a9f,point_1b898412dd12514c,R150_anchor,BR_WW,0.14724530484503406,0.1472453048450344,2.261987e-15
point_9508c7f5befc4a9f,point_1b898412dd12514c,R150_anchor,BR_ZZ,0.017806389290294697,0.017806389290294714,9.742141e-16
point_9508c7f5befc4a9f,point_1b898412dd12514c,R150_anchor,BR_gg,0.11074572457780509,0.11074572457780518,8.771852e-16
point_9508c7f5befc4a9f,point_1b898412dd12514c,R150_anchor,BR_gammagamma,0.001173556273287233,0.0011735562732872332,1.847721e-16
point_9508c7f5befc4a9f,point_1b898412dd12514c,R150_anchor,BR_Zgamma,0.000726924125915295,0.0007269241259153017,9.247256e-15
point_9508c7f5befc4a9f,point_1b898412dd12514c,R150_anchor,ctau_physical_mm,2.533449138852755e-10,2.5334491388527523e-10,-1.020324e-15
point_dd759f2bfb4802b8,point_8b9da09bb4c5f3ab,R150_anchor,campaign_id,high_mass_h2_physical_point_scan_v1,high_mass_h2_physical_point_scan_v2_mh12520,
point_dd759f2bfb4802b8,point_8b9da09bb4c5f3ab,R150_anchor,m_h_GeV,125.13,125.2,5.594182e-04
point_dd759f2bfb4802b8,point_8b9da09bb4c5f3ab,R150_anchor,lambda1,2.318740747634526,2.3189235449461556,7.883473e-05
point_dd759f2bfb4802b8,point_8b9da09bb4c5f3ab,R150_anchor,lambda2,0.37408483450379054,0.37440043877759493,8.436703e-04
point_dd759f2bfb4802b8,point_8b9da09bb4c5f3ab,R150_anchor,lambda3,6.720278541603992,6.720518732388143,3.574119e-05
point_dd759f2bfb4802b8,point_8b9da09bb4c5f3ab,R150_anchor,g_hH2H2_GeV,252.56245753805757,252.62130175005984,2.329888e-04
point_dd759f2bfb4802b8,point_8b9da09bb4c5f3ab,R150_anchor,width_gammagamma_GeV,9.410265646039506e-07,9.410265646039486e-07,-2.137775e-15
point_dd759f2bfb4802b8,point_8b9da09bb4c5f3ab,R150_anchor,width_Zgamma_GeV,5.763851810078964e-07,5.763851810078942e-07,-3.857597e-15
point_dd759f2bfb4802b8,point_8b9da09bb4c5f3ab,R150_anchor,BR_gammagamma,0.0012081111369396339,0.0012081111369396313,-2.153846e-15
point_dd759f2bfb4802b8,point_8b9da09bb4c5f3ab,R150_anchor,BR_Zgamma,0.0007399763009194895,0.0007399763009194866,-3.809481e-15
point_660650c51d05c509,point_ea7e0650bbfd22dc,R150_anchor,campaign_id,high_mass_h2_physical_point_scan_v1,high_mass_h2_physical_point_scan_v2_mh12520,
point_660650c51d05c509,point_ea7e0650bbfd22dc,R150_anchor,m_h_GeV,125.13,125.2,5.594182e-04
point_660650c51d05c509,point_ea7e0650bbfd22dc,R150_anchor,lambda1,1.2498671628956972,1.2500499602073267,1.462534e-04
point_660650c51d05c509,point_ea7e0650bbfd22dc,R150_anchor,lambda2,0.30728023545761374,0.30759583973141813,1.027089e-03
point_660650c51d05c509,point_ea7e0650bbfd22dc,R150_anchor,lambda3,6.453060145419284,6.453300336203435,3.722122e-05
point_660650c51d05c509,point_ea7e0650bbfd22dc,R150_anchor,g_hH2H2_GeV,154.82479516919602,154.88363938119795,3.800697e-04
point_660650c51d05c509,point_ea7e0650bbfd22dc,R150_anchor,width_bb_GeV,0.0004911493763029458,0.000491149376302946,4.414959e-16
point_660650c51d05c509,point_ea7e0650bbfd22dc,R150_anchor,width_cc_GeV,2.1989403789548797e-05,2.1989403789548804e-05,3.081604e-16
point_660650c51d05c509,point_ea7e0650bbfd22dc,R150_anchor,width_tautau_GeV,4.909996455471193e-05,4.9099964554711946e-05,2.760191e-16
point_660650c51d05c509,point_ea7e0650bbfd22dc,R150_anchor,width_WW_GeV,0.00011468740752500533,0.00011468740752500606,6.381141e-15
point_660650c51d05c509,point_ea7e0650bbfd22dc,R150_anchor,width_ZZ_GeV,1.3869159544572014e-05,1.3869159544572073e-05,4.275119e-15
point_660650c51d05c509,point_ea7e0650bbfd22dc,R150_anchor,width_gg_GeV,8.625837040898426e-05,8.625837040898454e-05,3.299426e-15
point_660650c51d05c509,point_ea7e0650bbfd22dc,R150_anchor,width_gammagamma_GeV,9.683776112060318e-07,9.683776112060297e-07,-2.186732e-15
point_660650c51d05c509,point_ea7e0650bbfd22dc,R150_anchor,total_width_GeV,0.0007789614745514625,0.0007789614745514638,1.670227e-15
point_660650c51d05c509,point_ea7e0650bbfd22dc,R150_anchor,BR_bb,0.6305181865197593,0.6305181865197586,-1.232567e-15
point_660650c51d05c509,point_ea7e0650bbfd22dc,R150_anchor,BR_cc,0.02822912879255116,0.02822912879255112,-1.351934e-15
point_660650c51d05c509,point_ea7e0650bbfd22dc,R150_anchor,BR_tautau,0.06303259680844218,0.0630325968084421,-1.321011e-15
point_660650c51d05c509,point_ea7e0650bbfd22dc,R150_anchor,BR_WW,0.1472311677429799,0.1472311677429806,4.712925e-15
point_660650c51d05c509,point_ea7e0650bbfd22dc,R150_anchor,BR_ZZ,0.01780467968914391,0.017804679689143954,2.533200e-15
point_660650c51d05c509,point_ea7e0650bbfd22dc,R150_anchor,BR_gg,0.11073509182036648,0.11073509182036666,1.629215e-15
point_660650c51d05c509,point_ea7e0650bbfd22dc,R150_anchor,BR_gammagamma,0.0012431649610959745,0.0012431649610959697,-3.837375e-15
point_660650c51d05c509,point_ea7e0650bbfd22dc,R150_anchor,BR_Zgamma,0.0007531435175370398,0.0007531435175370385,-1.727483e-15
point_660650c51d05c509,point_ea7e0650bbfd22dc,R150_anchor,ctau_physical_mm,2.5332059010187096e-10,2.5332059010187055e-10,-1.632675e-15
point_2982dfabe7046ee6,point_6ee5665e22eca603,R150_anchor,campaign_id,high_mass_h2_physical_point_scan_v1,high_mass_h2_physical_point_scan_v2_mh12520,
point_2982dfabe7046ee6,point_6ee5665e22eca603,R150_anchor,m_h_GeV,125.13,125.2,5.594182e-04
point_2982dfabe7046ee6,point_6ee5665e22eca603,R150_anchor,lambda1,0.18099357815686845,0.18117637546849805,1.009966e-03
point_2982dfabe7046ee6,point_6ee5665e22eca603,R150_anchor,lambda2,0.24047563641143685,0.24079124068524121,1.312417e-03
point_2982dfabe7046ee6,point_6ee5665e22eca603,R150_anchor,lambda3,6.1858417492345765,6.1860819400187275,3.882912e-05
point_2982dfabe7046ee6,point_6ee5665e22eca603,R150_anchor,g_hH2H2_GeV,57.08713280033402,57.14597701233549,1.030779e-03
point_2982dfabe7046ee6,point_6ee5665e22eca603,R150_anchor,width_bb_GeV,0.0004911493763029457,0.000491149376302946,6.622438e-16
point_2982dfabe7046ee6,point_6ee5665e22eca603,R150_anchor,width_cc_GeV,2.1989403789548807e-05,2.1989403789548804e-05,-1.540802e-16
point_2982dfabe7046ee6,point_6ee5665e22eca603,R150_anchor,width_tautau_GeV,4.9099964554711925e-05,4.9099964554711946e-05,4.140286e-16
point_2982dfabe7046ee6,point_6ee5665e22eca603,R150_anchor,width_WW_GeV,0.00011468740752500485,0.00011468740752500606,1.051706e-14
point_2982dfabe7046ee6,point_6ee5665e22eca603,R150_anchor,width_ZZ_GeV,1.3869159544571973e-05,1.3869159544572073e-05,7.206629e-15
point_2982dfabe7046ee6,point_6ee5665e22eca603,R150_anchor,width_gg_GeV,8.625837040898404e-05,8.625837040898454e-05,5.813274e-15
point_2982dfabe7046ee6,point_6ee5665e22eca603,R150_anchor,width_gammagamma_GeV,9.96120496382862e-07,9.961204963828639e-07,1.913247e-15
point_2982dfabe7046ee6,point_6ee5665e22eca603,R150_anchor,width_Zgamma_GeV,5.970453353181698e-07,5.970453353181756e-07,9.753617e-15
point_2982dfabe7046ee6,point_6ee5665e22eca603,R150_anchor,total_width_GeV,0.0007789995929869872,0.0007789995929869892,2.644397e-15
point_2982dfabe7046ee6,point_6ee5665e22eca603,R150_anchor,BR_bb,0.6304873336578882,0.630487333657887,-1.936986e-15
point_2982dfabe7046ee6,point_6ee5665e22eca603,R150_anchor,BR_cc,0.028227747469331644,0.028227747469331564,-2.826909e-15
point_2982dfabe7046ee6,point_6ee5665e22eca603,R150_anchor,BR_tautau,0.06302951246282887,0.06302951246282873,-2.201792e-15
point_2982dfabe7046ee6,point_6ee5665e22eca603,R150_anchor,BR_WW,0.14722396334669285,0.14722396334669402,7.918101e-15
point_2982dfabe7046ee6,point_6ee5665e22eca603,R150_anchor,BR_ZZ,0.017803808460787798,0.01780380846078788,4.676905e-15
point_2982dfabe7046ee6,point_6ee5665e22eca603,R150_anchor,BR_gg,0.1107296732700924,0.11072967327009274,3.133259e-15
point_2982dfabe7046ee6,point_6ee5665e22eca603,R150_anchor,BR_gammagamma,0.0012787176082638874,0.0012787176082638865,-6.783059e-16
point_2982dfabe7046ee6,point_6ee5665e22eca603,R150_anchor,BR_Zgamma,0.000766425734612859,0.0007664257346128645,7.214569e-15
point_2982dfabe7046ee6,point_6ee5665e22eca603,R150_anchor,ctau_physical_mm,2.5330819447975794e-10,2.5330819447975727e-10,-2.653227e-15
point_c4187b1ded909534,point_4334cff72aaa0f9b,R150_anchor,campaign_id,high_mass_h2_physical_point_scan_v1,high_mass_h2_physical_point_scan_v2_mh12520,
point_c4187b1ded909534,point_4334cff72aaa0f9b,R150_anchor,m_h_GeV,125.13,125.2,5.594182e-04
point_c4187b1ded909534,point_4334cff72aaa0f9b,R150_anchor,lambda1,5.5253615015510125,5.525544298862643,3.308332e-05
point_c4187b1ded909534,point_4334cff72aaa0f9b,R150_anchor,lambda2,0.5744986316485712,0.5748142359223756,5.493560e-04
point_c4187b1ded909534,point_4334cff72aaa0f9b,R150_anchor,lambda3,7.521933730133115,7.522173920917265,3.193205e-05
point_c4187b1ded909534,point_4334cff72aaa0f9b,R150_anchor,g_hH2H2_GeV,545.7754446492092,545.834288861211,1.078176e-04
point_c4187b1ded909534,point_4334cff72aaa0f9b,R150_anchor,width_bb_GeV,0.0004911493763029461,0.0004911493763029462,2.207479e-16
point_c4187b1ded909534,point_4334cff72aaa0f9b,R150_anchor,width_WW_GeV,0.00011468740752500684,0.00011468740752500721,3.190570e-15
point_c4187b1ded909534,point_4334cff72aaa0f9b,R150_anchor,width_ZZ_GeV,1.3869159544572153e-05,1.3869159544572182e-05,2.076486e-15
point_c4187b1ded909534,point_4334cff72aaa0f9b,R150_anchor,width_gg_GeV,8.625837040898422e-05,8.625837040898446e-05,2.828079e-15
point_c4187b1ded909534,point_4334cff72aaa0f9b,R150_anchor,width_gammagamma_GeV,8.613244562498172e-07,8.613244562498202e-07,3.441926e-15
point_c4187b1ded909534,point_4334cff72aaa0f9b,R150_anchor,width_Zgamma_GeV,5.460770474464353e-07,5.460770474464341e-07,-2.132795e-15
point_c4187b1ded909534,point_4334cff72aaa0f9b,R150_anchor,total_width_GeV,0.0007788138286589851,0.0007788138286589859,9.744839e-16
point_c4187b1ded909534,point_4334cff72aaa0f9b,R150_anchor,width_unaccounted_GeV,3.5274502951866855e-07,3.5274502951856013e-07,-3.073614e-13
point_c4187b1ded909534,point_4334cff72aaa0f9b,R150_anchor,BR_bb,0.6306377188353739,0.6306377188353735,-7.041907e-16
point_c4187b1ded909534,point_4334cff72aaa0f9b,R150_anchor,BR_cc,0.028234480411591652,0.028234480411591625,-9.830383e-16
point_c4187b1ded909534,point_4334cff72aaa0f9b,R150_anchor,BR_tautau,0.06304454639596686,0.0630445463959668,-1.100633e-15
point_c4187b1ded909534,point_4334cff72aaa0f9b,R150_anchor,BR_WW,0.1472590795190212,0.14725907951902154,2.261775e-15
point_c4187b1ded909534,point_4334cff72aaa0f9b,R150_anchor,BR_ZZ,0.017808055062983434,0.017808055062983455,1.168948e-15
point_c4187b1ded909534,point_4334cff72aaa0f9b,R150_anchor,BR_gg,0.11075608474686406,0.11075608474686426,1.754206e-15
point_c4187b1ded909534,point_4334cff72aaa0f9b,R150_anchor,BR_gammagamma,0.0011059439683202654,0.001105943968320268,2.352818e-15
point_c4187b1ded909534,point_4334cff72aaa0f9b,R150_anchor,BR_Zgamma,0.0007011650632689819,0.0007011650632689797,-3.092573e-15
point_c4187b1ded909534,point_4334cff72aaa0f9b,R150_anchor,ctau_physical_mm,2.533686140881333e-10,2.533686140881331e-10,-8.161830e-16
point_c5aac9d4fbbb09c7,point_d8067e40acd46294,R150_anchor,campaign_id,high_mass_h2_physical_point_scan_v1,high_mass_h2_physical_point_scan_v2_mh12520,
point_c5aac9d4fbbb09c7,point_d8067e40acd46294,R150_anchor,m_h_GeV,125.13,125.2,5.594182e-04
point_c5aac9d4fbbb09c7,point_d8067e40acd46294,R150_anchor,lambda1,4.456487916812183,4.456670714123812,4.101824e-05
point_c5aac9d4fbbb09c7,point_d8067e40acd46294,R150_anchor,lambda2,0.5076940326023943,0.5080096368761987,6.216427e-04
point_c5aac9d4fbbb09c7,point_d8067e40acd46294,R150_anchor,lambda3,7.254715333948408,7.254955524732558,3.310823e-05
point_c5aac9d4fbbb09c7,point_d8067e40acd46294,R150_anchor,g_hH2H2_GeV,448.037782280347,448.09662649234883,1.313376e-04
point_c5aac9d4fbbb09c7,point_d8067e40acd46294,R150_anchor,width_bb_GeV,0.0004911493763029461,0.0004911493763029462,2.207479e-16
point_c5aac9d4fbbb09c7,point_d8067e40acd46294,R150_anchor,width_WW_GeV,0.00011468740752500684,0.00011468740752500721,3.190570e-15
point_c5aac9d4fbbb09c7,point_d8067e40acd46294,R150_anchor,width_ZZ_GeV,1.3869159544572153e-05,1.3869159544572182e-05,2.076486e-15
point_c5aac9d4fbbb09c7,point_d8067e40acd46294,R150_anchor,width_gg_GeV,8.625837040898422e-05,8.625837040898446e-05,2.828079e-15
point_c5aac9d4fbbb09c7,point_d8067e40acd46294,R150_anchor,width_gammagamma_GeV,8.874999871276837e-07,8.874999871276868e-07,3.459712e-15
point_c5aac9d4fbbb09c7,point_d8067e40acd46294,R150_anchor,width_Zgamma_GeV,5.560888122470443e-07,5.560888122470436e-07,-1.142398e-15
point_c5aac9d4fbbb09c7,point_d8067e40acd46294,R150_anchor,total_width_GeV,0.0007788500159546634,0.0007788500159546642,1.113644e-15
point_c5aac9d4fbbb09c7,point_d8067e40acd46294,R150_anchor,width_unaccounted_GeV,3.5274502951866855e-07,3.5274502951856013e-07,-3.073614e-13
point_c5aac9d4fbbb09c7,point_d8067e40acd46294,R150_anchor,BR_bb,0.630608417849138,0.6306084178491375,-8.802793e-16
point_c5aac9d4fbbb09c7,point_d8067e40acd46294,R150_anchor,BR_cc,0.028233168567886133,0.0282331685678861,-1.228855e-15
point_c5aac9d4fbbb09c7,point_d8067e40acd46294,R150_anchor,BR_tautau,0.06304161719060691,0.06304161719060684,-1.100685e-15
point_c5aac9d4fbbb09c7,point_d8067e40acd46294,R150_anchor,BR_WW,0.14725223749842328,0.1472522374984236,2.073390e-15
point_c5aac9d4fbbb09c7,point_d8067e40acd46294,R150_anchor,BR_ZZ,0.017807227656755256,0.017807227656755274,9.741682e-16
point_c5aac9d4fbbb09c7,point_d8067e40acd46294,R150_anchor,BR_gg,0.11075093874557396,0.11075093874557415,1.754288e-15
point_c5aac9d4fbbb09c7,point_d8067e40acd46294,R150_anchor,BR_gammagamma,0.0011395005058064283,0.001139500505806431,2.283531e-15
point_c5aac9d4fbbb09c7,point_d8067e40acd46294,R150_anchor,BR_Zgamma,0.0007139870332613745,0.0007139870332613728,-2.277777e-15
point_c5aac9d4fbbb09c7,point_d8067e40acd46294,R150_anchor,ctau_physical_mm,2.533568419564446e-10,2.533568419564443e-10,-1.224331e-15
point_1bf36e3c2c4114cb,point_bca8790bbbba536c,R150_anchor,campaign_id,high_mass_h2_physical_point_scan_v1,high_mass_h2_physical_point_scan_v2_mh12520,
point_1bf36e3c2c4114cb,point_bca8790bbbba536c,R150_anchor,m_h_GeV,125.13,125.2,5.594182e-04
point_1bf36e3c2c4114cb,point_bca8790bbbba536c,R150_anchor,lambda1,3.3876143320733547,3.387797129384984,5.396048e-05
point_1bf36e3c2c4114cb,point_bca8790bbbba536c,R150_anchor,lambda2,0.44088943355621735,0.4412050378300218,7.158354e-04
point_1bf36e3c2c4114cb,point_bca8790bbbba536c,R150_anchor,lambda3,6.9874969377637,6.98773712854785,3.437437e-05
point_1bf36e3c2c4114cb,point_bca8790bbbba536c,R150_anchor,g_hH2H2_GeV,350.3001199114851,350.3589641234867,1.679823e-04
point_1bf36e3c2c4114cb,point_bca8790bbbba536c,R150_anchor,width_Zgamma_GeV,5.661915234346671e-07,5.661915234346662e-07,-1.496018e-15
point_1bf36e3c2c4114cb,point_bca8790bbbba536c,R150_anchor,BR_Zgamma,0.0007269241259170835,0.0007269241259170824,-1.491493e-15
point_80e4409937561c28,point_617b600bdd9bb797,R150_anchor,campaign_id,high_mass_h2_physical_point_scan_v1,high_mass_h2_physical_point_scan_v2_mh12520,
point_80e4409937561c28,point_617b600bdd9bb797,R150_anchor,m_h_GeV,125.13,125.2,5.594182e-04
point_80e4409937561c28,point_617b600bdd9bb797,R150_anchor,lambda1,2.318740747334526,2.3189235446461556,7.883473e-05
point_80e4409937561c28,point_617b600bdd9bb797,R150_anchor,lambda2,0.37408483451004054,0.37440043878384494,8.436703e-04
point_80e4409937561c28,point_617b600bdd9bb797,R150_anchor,lambda3,6.720278541578993,6.720518732363144,3.574119e-05
point_80e4409937561c28,point_617b600bdd9bb797,R150_anchor,g_hH2H2_GeV,252.56245754262255,252.6213017546247,2.329888e-04
point_80e4409937561c28,point_617b600bdd9bb797,R150_anchor,width_bb_GeV,0.0004911493763029461,0.0004911493763029462,2.207479e-16
point_80e4409937561c28,point_617b600bdd9bb797,R150_anchor,width_WW_GeV,0.00011468740752500684,0.00011468740752500721,3.190570e-15
point_80e4409937561c28,point_617b600bdd9bb797,R150_anchor,width_ZZ_GeV,1.3869159544572153e-05,1.3869159544572182e-05,2.076486e-15
point_80e4409937561c28,point_617b600bdd9bb797,R150_anchor,width_gg_GeV,8.625837040898422e-05,8.625837040898446e-05,2.828079e-15
point_80e4409937561c28,point_617b600bdd9bb797,R150_anchor,width_gammagamma_GeV,9.410265646076832e-07,9.410265646076867e-07,3.712978e-15
point_80e4409937561c28,point_617b600bdd9bb797,R150_anchor,width_Zgamma_GeV,5.763851810093009e-07,5.763851810093012e-07,5.510852e-16
point_80e4409937561c28,point_617b600bdd9bb797,R150_anchor,total_width_GeV,0.0007789238389009057,0.0007789238389009066,1.113539e-15
point_80e4409937561c28,point_617b600bdd9bb797,R150_anchor,width_unaccounted_GeV,3.5274502951866855e-07,3.5274502951856013e-07,-3.073614e-13
point_80e4409937561c28,point_617b600bdd9bb797,R150_anchor,BR_bb,0.6305486515805943,0.6305486515805937,-8.803627e-16
point_80e4409937561c28,point_617b600bdd9bb797,R150_anchor,BR_cc,0.02823049275340807,0.02823049275340804,-1.106074e-15
point_80e4409937561c28,point_617b600bdd9bb797,R150_anchor,BR_tautau,0.0630356423857743,0.06303564238577423,-1.100789e-15
point_80e4409937561c28,point_617b600bdd9bb797,R150_anchor,BR_WW,0.14723828158454566,0.14723828158454597,2.073587e-15
point_80e4409937561c28,point_617b600bdd9bb797,R150_anchor,BR_ZZ,0.01780553996670858,0.017805539966708597,9.742605e-16
point_80e4409937561c28,point_617b600bdd9bb797,R150_anchor,BR_gg,0.11074044226287695,0.11074044226287715,1.754454e-15
point_80e4409937561c28,point_617b600bdd9bb797,R150_anchor,BR_gammagamma,0.0012081111369444172,0.0012081111369444202,2.512820e-15
point_80e4409937561c28,point_617b600bdd9bb797,R150_anchor,BR_Zgamma,0.0007399763009212873,0.0007399763009212868,-5.860740e-16
point_80e4409937561c28,point_617b600bdd9bb797,R150_anchor,ctau_physical_mm,2.533328299188232e-10,2.5333282991882296e-10,-1.020373e-15
point_3659f0bd5f472541,point_a32446f8b12edafc,R150_anchor,campaign_id,high_mass_h2_physical_point_scan_v1,high_mass_h2_physical_point_scan_v2_mh12520,
point_3659f0bd5f472541,point_a32446f8b12edafc,R150_anchor,m_h_GeV,125.13,125.2,5.594182e-04
point_3659f0bd5f472541,point_a32446f8b12edafc,R150_anchor,lambda1,1.2498671625956972,1.2500499599073267,1.462534e-04
point_3659f0bd5f472541,point_a32446f8b12edafc,R150_anchor,lambda2,0.30728023546386374,0.30759583973766813,1.027089e-03
point_3659f0bd5f472541,point_a32446f8b12edafc,R150_anchor,lambda3,6.453060145394285,6.453300336178436,3.722122e-05
point_3659f0bd5f472541,point_a32446f8b12edafc,R150_anchor,g_hH2H2_GeV,154.82479517376083,154.88363938576265,3.800697e-04
point_3659f0bd5f472541,point_a32446f8b12edafc,R150_anchor,width_cc_GeV,2.1989403789548797e-05,2.19894037895488e-05,1.540802e-16
point_3659f0bd5f472541,point_a32446f8b12edafc,R150_anchor,width_tautau_GeV,4.909996455471193e-05,4.9099964554711946e-05,2.760191e-16
point_3659f0bd5f472541,point_a32446f8b12edafc,R150_anchor,width_WW_GeV,0.00011468740752500533,0.00011468740752500569,3.190570e-15
point_3659f0bd5f472541,point_a32446f8b12edafc,R150_anchor,width_ZZ_GeV,1.3869159544572014e-05,1.3869159544572048e-05,2.442925e-15
point_3659f0bd5f472541,point_a32446f8b12edafc,R150_anchor,width_gg_GeV,8.625837040898426e-05,8.625837040898438e-05,1.414040e-15
point_3659f0bd5f472541,point_a32446f8b12edafc,R150_anchor,width_gammagamma_GeV,9.683776112098203e-07,9.683776112098172e-07,-3.280098e-15
point_3659f0bd5f472541,point_a32446f8b12edafc,R150_anchor,width_Zgamma_GeV,5.866697849709483e-07,5.866697849709454e-07,-4.872820e-15
point_3659f0bd5f472541,point_a32446f8b12edafc,R150_anchor,total_width_GeV,0.0007789614745514677,0.0007789614745514682,6.959280e-16
point_3659f0bd5f472541,point_a32446f8b12edafc,R150_anchor,BR_bb,0.6305181865197551,0.6305181865197547,-7.043242e-16
point_3659f0bd5f472541,point_a32446f8b12edafc,R150_anchor,BR_cc,0.028229128792550972,0.028229128792550955,-6.145154e-16
point_3659f0bd5f472541,point_a32446f8b12edafc,R150_anchor,BR_tautau,0.06303259680844177,0.06303259680844174,-4.403369e-16
point_3659f0bd5f472541,point_a32446f8b12edafc,R150_anchor,BR_WW,0.1472311677429789,0.14723116774297926,2.450721e-15
point_3659f0bd5f472541,point_a32446f8b12edafc,R150_anchor,BR_ZZ,0.01780467968914379,0.017804679689143822,1.753754e-15
point_3659f0bd5f472541,point_a32446f8b12edafc,R150_anchor,BR_gg,0.11073509182036574,0.11073509182036581,6.266210e-16
point_3659f0bd5f472541,point_a32446f8b12edafc,R150_anchor,BR_gammagamma,0.0012431649611008297,0.001243164961100825,-3.837375e-15
point_3659f0bd5f472541,point_a32446f8b12edafc,R150_anchor,BR_Zgamma,0.0007531435175388584,0.0007531435175388542,-5.614320e-15
point_3659f0bd5f472541,point_a32446f8b12edafc,R150_anchor,ctau_physical_mm,2.5332059010186926e-10,2.533205901018691e-10,-6.122533e-16
point_8383cff0edb123c2,point_3f856a038b90a20f,R150_anchor,campaign_id,high_mass_h2_physical_point_scan_v1,high_mass_h2_physical_point_scan_v2_mh12520,
point_8383cff0edb123c2,point_3f856a038b90a20f,R150_anchor,m_h_GeV,125.13,125.2,5.594182e-04
point_8383cff0edb123c2,point_3f856a038b90a20f,R150_anchor,lambda1,0.18099357785686845,0.18117637516849805,1.009966e-03
point_8383cff0edb123c2,point_3f856a038b90a20f,R150_anchor,lambda2,0.24047563641768685,0.24079124069149122,1.312417e-03
point_8383cff0edb123c2,point_3f856a038b90a20f,R150_anchor,lambda3,6.185841749209577,6.186081939993728,3.882912e-05
point_8383cff0edb123c2,point_3f856a038b90a20f,R150_anchor,g_hH2H2_GeV,57.08713280489866,57.145977016900304,1.030779e-03
point_8383cff0edb123c2,point_3f856a038b90a20f,R150_anchor,width_bb_GeV,0.0004911493763029456,0.0004911493763029458,4.414959e-16
point_8383cff0edb123c2,point_3f856a038b90a20f,R150_anchor,width_cc_GeV,2.1989403789548804e-05,2.19894037895488e-05,-1.540802e-16
point_8383cff0edb123c2,point_3f856a038b90a20f,R150_anchor,width_tautau_GeV,4.909996455471192e-05,4.9099964554711946e-05,5.520382e-16
point_8383cff0edb123c2,point_3f856a038b90a20f,R150_anchor,width_WW_GeV,0.00011468740752500454,0.00011468740752500569,1.004439e-14
point_8383cff0edb123c2,point_3f856a038b90a20f,R150_anchor,width_ZZ_GeV,1.3869159544571945e-05,1.3869159544572048e-05,7.450922e-15
point_8383cff0edb123c2,point_3f856a038b90a20f,R150_anchor,width_gg_GeV,8.625837040898388e-05,8.625837040898438e-05,5.813274e-15
point_8383cff0edb123c2,point_3f856a038b90a20f,R150_anchor,width_gammagamma_GeV,9.961204963867003e-07,9.961204963867052e-07,4.889408e-15
point_8383cff0edb123c2,point_3f856a038b90a20f,R150_anchor,width_Zgamma_GeV,5.970453353196029e-07,5.970453353196081e-07,8.689586e-15
point_8383cff0edb123c2,point_3f856a038b90a20f,R150_anchor,total_width_GeV,0.0007789995929869916,0.0007789995929869937,2.644397e-15
point_8383cff0edb123c2,point_3f856a038b90a20f,R150_anchor,BR_bb,0.6304873336578845,0.6304873336578831,-2.113076e-15
point_8383cff0edb123c2,point_3f856a038b90a20f,R150_anchor,BR_cc,0.028227747469331477,0.028227747469331398,-2.826909e-15
point_8383cff0edb123c2,point_3f856a038b90a20f,R150_anchor,BR_tautau,0.06302951246282851,0.06302951246282837,-2.201792e-15
point_8383cff0edb123c2,point_3f856a038b90a20f,R150_anchor,BR_WW,0.14722396334669163,0.14722396334669272,7.352522e-15
point_8383cff0edb123c2,point_3f856a038b90a20f,R150_anchor,BR_ZZ,0.01780380846078766,0.017803808460787746,4.871776e-15
point_8383cff0edb123c2,point_3f856a038b90a20f,R150_anchor,BR_gg,0.11072967327009155,0.11072967327009191,3.258589e-15
point_8383cff0edb123c2,point_3f856a038b90a20f,R150_anchor,BR_gammagamma,0.0012787176082688075,0.0012787176082688103,2.204494e-15
point_8383cff0edb123c2,point_3f856a038b90a20f,R150_anchor,BR_Zgamma,0.0007664257346146943,0.0007664257346146989,5.941409e-15
point_8383cff0edb123c2,point_3f856a038b90a20f,R150_anchor,ctau_physical_mm,2.533081944797565e-10,2.533081944797558e-10,-2.653227e-15
point_09725fe1a2ca5338,point_c1fe037fda17a3a3,R150_anchor,campaign_id,high_mass_h2_physical_point_scan_v1,high_mass_h2_physical_point_scan_v2_mh12520,
point_09725fe1a2ca5338,point_c1fe037fda17a3a3,R150_anchor,m_h_GeV,125.13,125.2,5.594182e-04
point_09725fe1a2ca5338,point_c1fe037fda17a3a3,R150_anchor,lambda1,5.225361501851013,5.225544299162643,3.498271e-05
point_09725fe1a2ca5338,point_c1fe037fda17a3a3,R150_anchor,lambda2,0.5807486316423212,0.5810642359161255,5.434439e-04
point_09725fe1a2ca5338,point_c1fe037fda17a3a3,R150_anchor,lambda3,7.496933730158114,7.497173920942264,3.203854e-05
point_09725fe1a2ca5338,point_c1fe037fda17a3a3,R150_anchor,g_hH2H2_GeV,550.340312567811,550.3991567798126,1.069233e-04
point_09725fe1a2ca5338,point_c1fe037fda17a3a3,R150_anchor,width_bb_GeV,0.0004911493763029449,0.0004911493763029453,6.622438e-16
point_09725fe1a2ca5338,point_c1fe037fda17a3a3,R150_anchor,width_cc_GeV,2.198940378954877e-05,2.1989403789548787e-05,7.704010e-16
point_09725fe1a2ca5338,point_c1fe037fda17a3a3,R150_anchor,width_tautau_GeV,4.909996455471184e-05,4.909996455471188e-05,8.280572e-16
point_09725fe1a2ca5338,point_c1fe037fda17a3a3,R150_anchor,width_WW_GeV,0.000114687407525001,0.00011468740752500302,1.760722e-14
point_09725fe1a2ca5338,point_c1fe037fda17a3a3,R150_anchor,width_ZZ_GeV,1.3869159544571626e-05,1.3869159544571804e-05,1.282536e-14
point_09725fe1a2ca5338,point_c1fe037fda17a3a3,R150_anchor,width_gg_GeV,8.625837040898365e-05,8.62583704089838e-05,1.728271e-15
point_09725fe1a2ca5338,point_c1fe037fda17a3a3,R150_anchor,width_gammagamma_GeV,8.649009303572773e-07,8.649009303572861e-07,1.016066e-14
point_09725fe1a2ca5338,point_c1fe037fda17a3a3,R150_anchor,width_Zgamma_GeV,5.474484920633515e-07,5.474484920633643e-07,2.340197e-14
point_09725fe1a2ca5338,point_c1fe037fda17a3a3,R150_anchor,total_width_GeV,0.000778818776577701,0.000778818776577704,3.758700e-15
point_09725fe1a2ca5338,point_c1fe037fda17a3a3,R150_anchor,BR_bb,0.6306337123267136,0.6306337123267116,-3.168878e-15
point_09725fe1a2ca5338,point_c1fe037fda17a3a3,R150_anchor,BR_cc,0.02823430103492752,0.028234301034927436,-2.949134e-15
point_09725fe1a2ca5338,point_c1fe037fda17a3a3,R150_anchor,BR_tautau,0.06304414586724238,0.06304414586724219,-3.081793e-15
point_09725fe1a2ca5338,point_c1fe037fda17a3a3,R150_anchor,BR_WW,0.1472581439663825,0.14725814396638456,1.394770e-14
point_09725fe1a2ca5338,point_c1fe037fda17a3a3,R150_anchor,BR_ZZ,0.017807941926510463,0.017807941926510622,8.961988e-15
point_09725fe1a2ca5338,point_c1fe037fda17a3a3,R150_anchor,BR_gg,0.11075538110164944,0.11075538110164922,-2.004820e-15
point_09725fe1a2ca5338,point_c1fe037fda17a3a3,R150_anchor,BR_gammagamma,0.0011105291196982178,0.001110529119698225,6.443536e-15
point_09725fe1a2ca5338,point_c1fe037fda17a3a3,R150_anchor,BR_Zgamma,0.0007029215377535698,0.0007029215377535835,1.958877e-14
point_09725fe1a2ca5338,point_c1fe037fda17a3a3,R150_anchor,ctau_physical_mm,2.533670044103169e-10,2.5336700441031594e-10,-3.876894e-15
point_a22870d00c4191af,point_abe60e2c56031d18,R150_anchor,campaign_id,high_mass_h2_physical_point_scan_v1,high_mass_h2_physical_point_scan_v2_mh12520,
point_a22870d00c4191af,point_abe60e2c56031d18,R150_anchor,m_h_GeV,125.13,125.2,5.594182e-04
point_a22870d00c4191af,point_abe60e2c56031d18,R150_anchor,lambda1,4.156487917112183,4.156670714423813,4.397879e-05
point_a22870d00c4191af,point_abe60e2c56031d18,R150_anchor,lambda2,0.5139440325961443,0.5142596368699487,6.140830e-04
point_a22870d00c4191af,point_abe60e2c56031d18,R150_anchor,lambda3,7.229715333973407,7.229955524757557,3.322272e-05
point_a22870d00c4191af,point_abe60e2c56031d18,R150_anchor,g_hH2H2_GeV,452.6026501989489,452.6614944109507,1.300130e-04
point_a22870d00c4191af,point_abe60e2c56031d18,R150_anchor,width_bb_GeV,0.0004911493763029456,0.0004911493763029457,2.207479e-16
point_a22870d00c4191af,point_abe60e2c56031d18,R150_anchor,width_cc_GeV,2.1989403789548804e-05,2.1989403789548807e-05,1.540802e-16
point_a22870d00c4191af,point_abe60e2c56031d18,R150_anchor,width_tautau_GeV,4.909996455471192e-05,4.9099964554711925e-05,1.380095e-16
point_a22870d00c4191af,point_abe60e2c56031d18,R150_anchor,width_WW_GeV,0.00011468740752500454,0.00011468740752500485,2.717893e-15
point_a22870d00c4191af,point_abe60e2c56031d18,R150_anchor,width_ZZ_GeV,1.3869159544571945e-05,1.3869159544571973e-05,2.076486e-15
point_a22870d00c4191af,point_abe60e2c56031d18,R150_anchor,width_gg_GeV,8.625837040898388e-05,8.625837040898404e-05,1.885386e-15
point_a22870d00c4191af,point_abe60e2c56031d18,R150_anchor,width_gammagamma_GeV,8.911303476698307e-07,8.911303476698345e-07,4.277318e-15
point_a22870d00c4191af,point_abe60e2c56031d18,R150_anchor,width_Zgamma_GeV,5.574727639953731e-07,5.574727639953715e-07,-2.848905e-15
point_a22870d00c4191af,point_abe60e2c56031d18,R150_anchor,total_width_GeV,0.0007788550302669506,0.0007788550302669513,9.744323e-16
point_a22870d00c4191af,point_abe60e2c56031d18,R150_anchor,BR_bb,0.63060435795684,0.6306043579568396,-7.042279e-16
point_a22870d00c4191af,point_abe60e2c56031d18,R150_anchor,BR_cc,0.028232986801166312,0.028232986801166288,-8.602040e-16
point_a22870d00c4191af,point_abe60e2c56031d18,R150_anchor,BR_tautau,0.06304121132514613,0.06304121132514608,-8.805534e-16
point_a22870d00c4191af,point_abe60e2c56031d18,R150_anchor,BR_WW,0.14725128948027172,0.147251289480272,1.884912e-15
point_a22870d00c4191af,point_abe60e2c56031d18,R150_anchor,BR_ZZ,0.017807113012826437,0.017807113012826458,1.169009e-15
point_a22870d00c4191af,point_abe60e2c56031d18,R150_anchor,BR_gg,0.11075022572482975,0.11075022572482984,8.771496e-16
point_a22870d00c4191af,point_abe60e2c56031d18,R150_anchor,BR_gammagamma,0.0011441543201748316,0.0011441543201748353,3.221845e-15
point_a22870d00c4191af,point_abe60e2c56031d18,R150_anchor,BR_Zgamma,0.0007157593420232528,0.00071575934202325,-3.938371e-15
point_a22870d00c4191af,point_abe60e2c56031d18,R150_anchor,ctau_physical_mm,2.533552108309125e-10,2.5335521083091224e-10,-1.020283e-15
point_ee713a4b1506d753,point_2bf939793665b310,R150_anchor,campaign_id,high_mass_h2_physical_point_scan_v1,high_mass_h2_physical_point_scan_v2_mh12520,
point_ee713a4b1506d753,point_2bf939793665b310,R150_anchor,m_h_GeV,125.13,125.2,5.594182e-04
point_ee713a4b1506d753,point_2bf939793665b310,R150_anchor,lambda1,3.087614332373355,3.087797129684984,5.920341e-05
point_ee713a4b1506d753,point_2bf939793665b310,R150_anchor,lambda2,0.4471394335499673,0.44745503782377183,7.058297e-04
point_ee713a4b1506d753,point_2bf939793665b310,R150_anchor,lambda3,6.962496937788699,6.962737128572849,3.449779e-05
point_ee713a4b1506d753,point_2bf939793665b310,R150_anchor,g_hH2H2_GeV,354.86498783008693,354.92383204208886,1.658214e-04
point_ee713a4b1506d753,point_2bf939793665b310,R150_anchor,width_bb_GeV,0.0004911493763029458,0.0004911493763029457,-2.207479e-16
point_ee713a4b1506d753,point_2bf939793665b310,R150_anchor,width_cc_GeV,2.19894037895488e-05,2.1989403789548807e-05,3.081604e-16
point_ee713a4b1506d753,point_2bf939793665b310,R150_anchor,width_tautau_GeV,4.9099964554711946e-05,4.9099964554711925e-05,-4.140286e-16
point_ee713a4b1506d753,point_2bf939793665b310,R150_anchor,width_WW_GeV,0.00011468740752500569,0.00011468740752500485,-7.326495e-15
point_ee713a4b1506d753,point_2bf939793665b310,R150_anchor,width_ZZ_GeV,1.3869159544572048e-05,1.3869159544571973e-05,-5.374435e-15
point_ee713a4b1506d753,point_2bf939793665b310,R150_anchor,width_gg_GeV,8.625837040898438e-05,8.625837040898404e-05,-3.927888e-15
point_ee713a4b1506d753,point_2bf939793665b310,R150_anchor,width_gammagamma_GeV,9.177516035571397e-07,9.177516035571371e-07,-2.884199e-15
point_ee713a4b1506d753,point_2bf939793665b310,R150_anchor,width_Zgamma_GeV,5.675879823144019e-07,5.675879823143965e-07,-9.513653e-15
point_ee713a4b1506d753,point_2bf939793665b310,R150_anchor,total_width_GeV,0.0007788917667411588,0.0007788917667411576,-1.531179e-15
point_ee713a4b1506d753,point_2bf939793665b310,R150_anchor,width_unaccounted_GeV,3.5274502951856013e-07,3.5274502951866855e-07,3.073614e-13
point_ee713a4b1506d753,point_2bf939793665b310,R150_anchor,BR_bb,0.63057461546665,0.6305746154666507,1.232457e-15
point_ee713a4b1506d753,point_2bf939793665b310,R150_anchor,BR_cc,0.02823165519074785,0.0282316551907479,1.843381e-15
point_ee713a4b1506d753,point_2bf939793665b310,R150_anchor,BR_tautau,0.06303823798285037,0.06303823798285044,1.100744e-15
point_ee713a4b1506d753,point_2bf939793665b310,R150_anchor,BR_WW,0.14724434436488093,0.14724434436488007,-5.843504e-15
point_ee713a4b1506d753,point_2bf939793665b310,R150_anchor,BR_ZZ,0.017806273139334704,0.017806273139334635,-3.896882e-15
point_ee713a4b1506d753,point_2bf939793665b310,R150_anchor,BR_gg,0.11074500218417349,0.11074500218417323,-2.380947e-15
point_ee713a4b1506d753,point_2bf939793665b310,R150_anchor,BR_gammagamma,0.001178278732354513,0.0011782787323545115,-1.288221e-15
point_ee713a4b1506d753,point_2bf939793665b310,R150_anchor,BR_Zgamma,0.0007287122634370106,0.0007287122634370047,-8.034298e-15
point_ee713a4b1506d753,point_2bf939793665b310,R150_anchor,ctau_physical_mm,2.533432613180718e-10,2.5334326131807216e-10,1.428463e-15
point_c3566c175a459adc,point_798ce5f279f4bcff,R150_anchor,campaign_id,high_mass_h2_physical_point_scan_v1,high_mass_h2_physical_point_scan_v2_mh12520,
point_c3566c175a459adc,point_798ce5f279f4bcff,R150_anchor,m_h_GeV,125.13,125.2,5.594182e-04
point_c3566c175a459adc,point_798ce5f279f4bcff,R150_anchor,lambda1,2.018740747634526,2.018923544946156,9.055017e-05
point_c3566c175a459adc,point_798ce5f279f4bcff,R150_anchor,lambda2,0.3803348345037906,0.38065043877759497,8.298064e-04
point_c3566c175a459adc,point_798ce5f279f4bcff,R150_anchor,lambda3,6.695278541603992,6.695518732388143,3.587465e-05
point_c3566c175a459adc,point_798ce5f279f4bcff,R150_anchor,g_hH2H2_GeV,257.1273254612249,257.18616967322674,2.288524e-04
point_c3566c175a459adc,point_798ce5f279f4bcff,R150_anchor,width_gammagamma_GeV,9.447646980191986e-07,9.447646980191965e-07,-2.241386e-15
point_c3566c175a459adc,point_798ce5f279f4bcff,R150_anchor,width_Zgamma_GeV,5.777941470204442e-07,5.777941470204422e-07,-3.481695e-15
point_c3566c175a459adc,point_798ce5f279f4bcff,R150_anchor,BR_gammagamma,0.0012129022221530228,0.0012129022221530202,-2.145338e-15
point_c3566c175a459adc,point_798ce5f279f4bcff,R150_anchor,BR_Zgamma,0.0007417802616222078,0.0007417802616222052,-3.507892e-15
point_adfe3018b73976b5,point_1badeace7af2bee0,R150_anchor,campaign_id,high_mass_h2_physical_point_scan_v1,high_mass_h2_physical_point_scan_v2_mh12520,
point_adfe3018b73976b5,point_1badeace7af2bee0,R150_anchor,m_h_GeV,125.13,125.2,5.594182e-04
point_adfe3018b73976b5,point_1badeace7af2bee0,R150_anchor,lambda1,0.9498671628956972,0.9500499602073267,1.924451e-04
point_adfe3018b73976b5,point_1badeace7af2bee0,R150_anchor,lambda2,0.3135302354576137,0.3138458397314181,1.006615e-03
point_adfe3018b73976b5,point_1badeace7af2bee0,R150_anchor,lambda3,6.428060145419284,6.428300336203435,3.736598e-05
point_adfe3018b73976b5,point_1badeace7af2bee0,R150_anchor,g_hH2H2_GeV,159.38966309236304,159.44850730436463,3.691846e-04
point_adfe3018b73976b5,point_1badeace7af2bee0,R150_anchor,width_bb_GeV,0.0004911493763029458,0.0004911493763029461,6.622438e-16
point_adfe3018b73976b5,point_1badeace7af2bee0,R150_anchor,width_cc_GeV,2.1989403789548797e-05,2.1989403789548807e-05,4.622406e-16
point_adfe3018b73976b5,point_1badeace7af2bee0,R150_anchor,width_tautau_GeV,4.909996455471193e-05,4.909996455471196e-05,5.520382e-16
point_adfe3018b73976b5,point_1badeace7af2bee0,R150_anchor,width_WW_GeV,0.00011468740752500533,0.00011468740752500653,1.051706e-14
point_adfe3018b73976b5,point_1badeace7af2bee0,R150_anchor,width_ZZ_GeV,1.3869159544572014e-05,1.386915954457212e-05,7.695214e-15
point_adfe3018b73976b5,point_1badeace7af2bee0,R150_anchor,width_gg_GeV,8.625837040898426e-05,8.625837040898438e-05,1.414040e-15
point_adfe3018b73976b5,point_1badeace7af2bee0,R150_anchor,width_gammagamma_GeV,9.721696310560143e-07,9.721696310560107e-07,-3.702944e-15
point_adfe3018b73976b5,point_1badeace7af2bee0,R150_anchor,width_Zgamma_GeV,5.880912581134912e-07,5.880912581134925e-07,2.340502e-15
point_adfe3018b73976b5,point_1badeace7af2bee0,R150_anchor,total_width_GeV,0.0007789666880444563,0.0007789666880444581,2.226955e-15
point_adfe3018b73976b5,point_1badeace7af2bee0,R150_anchor,BR_bb,0.630513966567612,0.630513966567611,-1.584740e-15
point_adfe3018b73976b5,point_1badeace7af2bee0,R150_anchor,BR_cc,0.02822893985974127,0.02822893985974122,-1.720655e-15
point_adfe3018b73976b5,point_1badeace7af2bee0,R150_anchor,BR_tautau,0.06303217494187602,0.06303217494187591,-1.761359e-15
point_adfe3018b73976b5,point_1badeace7af2bee0,R150_anchor,BR_WW,0.14723018234954358,0.1472301823495448,8.294803e-15
point_adfe3018b73976b5,point_1badeace7af2bee0,R150_anchor,BR_ZZ,0.017804560525418116,0.017804560525418213,5.456159e-15
point_adfe3018b73976b5,point_1badeace7af2bee0,R150_anchor,BR_gg,0.1107343506890264,0.11073435068902632,-7.519503e-16
point_adfe3018b73976b5,point_1badeace7af2bee0,R150_anchor,BR_gammagamma,0.0012480246536557052,0.0012480246536556976,-6.081142e-15
point_adfe3018b73976b5,point_1badeace7af2bee0,R150_anchor,BR_Zgamma,0.0007549632957859274,0.0007549632957859275,1.436099e-16
point_adfe3018b73976b5,point_1badeace7af2bee0,R150_anchor,ctau_physical_mm,2.533188946697787e-10,2.533188946697781e-10,-2.244944e-15
point_27f3c59801daf66e,point_14bea51049248677,R150_anchor,campaign_id,high_mass_h2_physical_point_scan_v1,high_mass_h2_physical_point_scan_v2_mh12520,
point_27f3c59801daf66e,point_14bea51049248677,R150_anchor,m_h_GeV,125.13,125.2,5.594182e-04
point_27f3c59801daf66e,point_14bea51049248677,R150_anchor,lambda1,4.7564879171121826,4.756670714423812,3.843115e-05
point_27f3c59801daf66e,point_14bea51049248677,R150_anchor,lambda2,0.5014440325961443,0.5017596368699487,6.293908e-04
point_27f3c59801daf66e,point_14bea51049248677,R150_anchor,lambda3,7.2797153339734075,7.279955524757558,3.299453e-05
point_27f3c59801daf66e,point_14bea51049248677,R150_anchor,g_hH2H2_GeV,443.4729143526152,443.53175856461655,1.326895e-04
point_27f3c59801daf66e,point_14bea51049248677,R150_anchor,width_bb_GeV,0.0004911493763029461,0.0004911493763029458,-6.622438e-16
point_27f3c59801daf66e,point_14bea51049248677,R150_anchor,width_cc_GeV,2.1989403789548814e-05,2.19894037895488e-05,-6.163208e-16
point_27f3c59801daf66e,point_14bea51049248677,R150_anchor,width_tautau_GeV,4.909996455471197e-05,4.9099964554711946e-05,-5.520382e-16
point_27f3c59801daf66e,point_14bea51049248677,R150_anchor,width_WW_GeV,0.00011468740752500684,0.00011468740752500569,-1.004439e-14
point_27f3c59801daf66e,point_14bea51049248677,R150_anchor,width_ZZ_GeV,1.3869159544572153e-05,1.3869159544572048e-05,-7.573068e-15
point_27f3c59801daf66e,point_14bea51049248677,R150_anchor,width_gg_GeV,8.625837040898422e-05,8.625837040898438e-05,1.885386e-15
point_27f3c59801daf66e,point_14bea51049248677,R150_anchor,width_gammagamma_GeV,8.838770371499664e-07,8.838770371499686e-07,2.515578e-15
point_27f3c59801daf66e,point_14bea51049248677,R150_anchor,width_Zgamma_GeV,5.547065805019978e-07,5.54706580502003e-07,9.352831e-15
point_27f3c59801daf66e,point_14bea51049248677,R150_anchor,total_width_GeV,0.0007788450107729407,0.0007788450107729394,-1.670477e-15
point_27f3c59801daf66e,point_14bea51049248677,R150_anchor,BR_bb,0.6306124704009083,0.6306124704009088,8.802736e-16
point_27f3c59801daf66e,point_14bea51049248677,R150_anchor,BR_cc,0.02823335000596089,0.028233350005960917,9.830777e-16
point_27f3c59801daf66e,point_14bea51049248677,R150_anchor,BR_tautau,0.06304202232223871,0.06304202232223878,1.100678e-15
point_27f3c59801daf66e,point_14bea51049248677,R150_anchor,BR_WW,0.1472531838024986,0.14725318380249738,-8.293507e-15
point_27f3c59801daf66e,point_14bea51049248677,R150_anchor,BR_ZZ,0.017807342093400756,0.017807342093400652,-5.844972e-15
point_27f3c59801daf66e,point_14bea51049248677,R150_anchor,BR_gg,0.11075165047713377,0.11075165047713417,3.633859e-15
point_27f3c59801daf66e,point_14bea51049248677,R150_anchor,BR_gammagamma,0.0011348561330229102,0.001134856133022915,4.203607e-15
point_27f3c59801daf66e,point_14bea51049248677,R150_anchor,BR_Zgamma,0.0007122169017318303,0.0007122169017318381,1.096050e-14
point_27f3c59801daf66e,point_14bea51049248677,R150_anchor,ctau_physical_mm,2.533584701328046e-10,2.5335847013280504e-10,1.632431e-15
point_b183e1a97fc5ed92,point_0bcbfd8284eaa1ef,R150_anchor,campaign_id,high_mass_h2_physical_point_scan_v1,high_mass_h2_physical_point_scan_v2_mh12520,
point_b183e1a97fc5ed92,point_0bcbfd8284eaa1ef,R150_anchor,m_h_GeV,125.13,125.2,5.594182e-04
point_b183e1a97fc5ed92,point_0bcbfd8284eaa1ef,R150_anchor,lambda1,3.6876143323733546,3.687797129684984,4.957062e-05
point_b183e1a97fc5ed92,point_0bcbfd8284eaa1ef,R150_anchor,lambda2,0.43463943354996737,0.43495503782377176,7.261289e-04
point_b183e1a97fc5ed92,point_0bcbfd8284eaa1ef,R150_anchor,lambda3,7.0124969377887,7.01273712857285,3.425182e-05
point_b183e1a97fc5ed92,point_0bcbfd8284eaa1ef,R150_anchor,g_hH2H2_GeV,345.7352519837534,345.794096195755,1.702002e-04
point_b183e1a97fc5ed92,point_0bcbfd8284eaa1ef,R150_anchor,width_bb_GeV,0.0004911493763029456,0.0004911493763029458,4.414959e-16
point_b183e1a97fc5ed92,point_0bcbfd8284eaa1ef,R150_anchor,width_cc_GeV,2.1989403789548804e-05,2.19894037895488e-05,-1.540802e-16
point_b183e1a97fc5ed92,point_0bcbfd8284eaa1ef,R150_anchor,width_tautau_GeV,4.909996455471192e-05,4.9099964554711946e-05,5.520382e-16
point_b183e1a97fc5ed92,point_0bcbfd8284eaa1ef,R150_anchor,width_WW_GeV,0.00011468740752500454,0.00011468740752500569,1.004439e-14
point_b183e1a97fc5ed92,point_0bcbfd8284eaa1ef,R150_anchor,width_ZZ_GeV,1.3869159544571945e-05,1.3869159544572048e-05,7.450922e-15
point_b183e1a97fc5ed92,point_0bcbfd8284eaa1ef,R150_anchor,width_gg_GeV,8.625837040898388e-05,8.625837040898438e-05,5.813274e-15
point_b183e1a97fc5ed92,point_0bcbfd8284eaa1ef,R150_anchor,width_gammagamma_GeV,9.103905201677952e-07,9.103905201678019e-07,7.326949e-15
point_b183e1a97fc5ed92,point_0bcbfd8284eaa1ef,R150_anchor,width_Zgamma_GeV,5.647967845581863e-07,5.647967845581955e-07,1.630938e-14
point_b183e1a97fc5ed92,point_0bcbfd8284eaa1ef,R150_anchor,total_width_GeV,0.0007788816144600112,0.0007788816144600134,2.783997e-15
point_b183e1a97fc5ed92,point_0bcbfd8284eaa1ef,R150_anchor,BR_bb,0.6305828346499786,0.630582834649977,-2.464882e-15
point_b183e1a97fc5ed92,point_0bcbfd8284eaa1ef,R150_anchor,BR_cc,0.02823202317439959,0.028232023174399507,-2.949372e-15
point_b183e1a97fc5ed92,point_0bcbfd8284eaa1ef,R150_anchor,BR_tautau,0.06303905965061495,0.0630390596506148,-2.201459e-15
point_b183e1a97fc5ed92,point_0bcbfd8284eaa1ef,R150_anchor,BR_WW,0.14724626361159632,0.14724626361159737,7.162911e-15
point_b183e1a97fc5ed92,point_0bcbfd8284eaa1ef,R150_anchor,BR_ZZ,0.017806505234030025,0.017806505234030105,4.481355e-15
point_b183e1a97fc5ed92,point_0bcbfd8284eaa1ef,R150_anchor,BR_gg,0.11074644568261599,0.11074644568261632,3.007473e-15
point_b183e1a97fc5ed92,point_0bcbfd8284eaa1ef,R150_anchor,BR_gammagamma,0.0011688432532830518,0.0011688432532830572,4.637928e-15
point_b183e1a97fc5ed92,point_0bcbfd8284eaa1ef,R150_anchor,BR_Zgamma,0.0007251381648670096,0.0007251381648670195,1.360601e-14
point_b183e1a97fc5ed92,point_0bcbfd8284eaa1ef,R150_anchor,ctau_physical_mm,2.5334656350413957e-10,2.533465635041389e-10,-2.652826e-15
point_d6d3c186d4e001bb,point_af31000f43cf42de,R150_anchor,campaign_id,high_mass_h2_physical_point_scan_v1,high_mass_h2_physical_point_scan_v2_mh12520,
point_d6d3c186d4e001bb,point_af31000f43cf42de,R150_anchor,m_h_GeV,125.13,125.2,5.594182e-04
point_d6d3c186d4e001bb,point_af31000f43cf42de,R150_anchor,lambda1,2.6187407476345257,2.6189235449461554,6.980352e-05
point_d6d3c186d4e001bb,point_af31000f43cf42de,R150_anchor,lambda2,0.3678348345037905,0.3681504387775949,8.580054e-04
point_d6d3c186d4e001bb,point_af31000f43cf42de,R150_anchor,lambda3,6.745278541603993,6.745518732388144,3.560873e-05
point_d6d3c186d4e001bb,point_af31000f43cf42de,R150_anchor,g_hH2H2_GeV,247.9975896148909,248.05643382689294,2.372774e-04
point_d6d3c186d4e001bb,point_af31000f43cf42de,R150_anchor,width_bb_GeV,0.0004911493763029458,0.000491149376302946,4.414959e-16
point_d6d3c186d4e001bb,point_af31000f43cf42de,R150_anchor,width_cc_GeV,2.19894037895488e-05,2.1989403789548804e-05,1.540802e-16
point_d6d3c186d4e001bb,point_af31000f43cf42de,R150_anchor,width_WW_GeV,0.00011468740752500569,0.00011468740752500606,3.190570e-15
point_d6d3c186d4e001bb,point_af31000f43cf42de,R150_anchor,width_ZZ_GeV,1.3869159544572048e-05,1.3869159544572073e-05,1.832194e-15
point_d6d3c186d4e001bb,point_af31000f43cf42de,R150_anchor,width_gg_GeV,8.625837040898438e-05,8.625837040898454e-05,1.885386e-15
point_d6d3c186d4e001bb,point_af31000f43cf42de,R150_anchor,width_gammagamma_GeV,9.372958417603903e-07,9.372958417603891e-07,-1.355548e-15
point_d6d3c186d4e001bb,point_af31000f43cf42de,R150_anchor,width_Zgamma_GeV,5.74977935001397e-07,5.749779350014001e-07,5.524340e-15
point_d6d3c186d4e001bb,point_af31000f43cf42de,R150_anchor,total_width_GeV,0.0007789187009320491,0.00077891870093205,1.113546e-15
point_d6d3c186d4e001bb,point_af31000f43cf42de,R150_anchor,BR_bb,0.6305528108584884,0.6305528108584879,-7.042855e-16
point_d6d3c186d4e001bb,point_af31000f43cf42de,R150_anchor,BR_cc,0.028230678969751812,0.028230678969751784,-9.831707e-16
point_d6d3c186d4e001bb,point_af31000f43cf42de,R150_anchor,BR_tautau,0.06303605818676486,0.06303605818676479,-1.100782e-15
point_d6d3c186d4e001bb,point_af31000f43cf42de,R150_anchor,BR_WW,0.14723925281004485,0.14723925281004516,2.073573e-15
point_d6d3c186d4e001bb,point_af31000f43cf42de,R150_anchor,BR_ZZ,0.017805657417104378,0.01780565741710439,7.794033e-16
point_d6d3c186d4e001bb,point_af31000f43cf42de,R150_anchor,BR_gg,0.1107411727382693,0.11074117273826939,7.519040e-16
point_d6d3c186d4e001bb,point_af31000f43cf42de,R150_anchor,BR_gammagamma,0.0012033294882236466,0.0012033294882236435,-2.522805e-15
point_d6d3c186d4e001bb,point_af31000f43cf42de,R150_anchor,BR_Zgamma,0.0007381745159198027,0.000738174515919806,4.406284e-15
point_d6d3c186d4e001bb,point_af31000f43cf42de,R150_anchor,ctau_physical_mm,2.533345009740809e-10,2.533345009740806e-10,-1.224439e-15
point_5fecda84e3f738d0,point_535b3f852ae1789f,R150_anchor,campaign_id,high_mass_h2_physical_point_scan_v1,high_mass_h2_physical_point_scan_v2_mh12520,
point_5fecda84e3f738d0,point_535b3f852ae1789f,R150_anchor,m_h_GeV,125.13,125.2,5.594182e-04
point_5fecda84e3f738d0,point_535b3f852ae1789f,R150_anchor,lambda1,1.5498671628956973,1.5500499602073268,1.179439e-04
point_5fecda84e3f738d0,point_535b3f852ae1789f,R150_anchor,lambda2,0.30103023545761376,0.30134583973141815,1.048414e-03
point_5fecda84e3f738d0,point_535b3f852ae1789f,R150_anchor,lambda3,6.478060145419285,6.478300336203436,3.707758e-05
point_5fecda84e3f738d0,point_535b3f852ae1789f,R150_anchor,g_hH2H2_GeV,150.25992724602935,150.31877145803094,3.916161e-04
point_5fecda84e3f738d0,point_535b3f852ae1789f,R150_anchor,width_bb_GeV,0.0004911493763029458,0.0004911493763029456,-4.414959e-16
point_5fecda84e3f738d0,point_535b3f852ae1789f,R150_anchor,width_cc_GeV,2.19894037895488e-05,2.1989403789548804e-05,1.540802e-16
point_5fecda84e3f738d0,point_535b3f852ae1789f,R150_anchor,width_tautau_GeV,4.9099964554711946e-05,4.909996455471192e-05,-5.520382e-16
point_5fecda84e3f738d0,point_535b3f852ae1789f,R150_anchor,width_WW_GeV,0.00011468740752500569,0.00011468740752500454,-1.004439e-14
point_5fecda84e3f738d0,point_535b3f852ae1789f,R150_anchor,width_ZZ_GeV,1.3869159544572048e-05,1.3869159544571945e-05,-7.450922e-15
point_5fecda84e3f738d0,point_535b3f852ae1789f,R150_anchor,width_gg_GeV,8.625837040898438e-05,8.625837040898388e-05,-5.813274e-15
point_5fecda84e3f738d0,point_535b3f852ae1789f,R150_anchor,width_gammagamma_GeV,9.645930019277346e-07,9.64593001927729e-07,-5.707811e-15
point_5fecda84e3f738d0,point_535b3f852ae1789f,R150_anchor,width_Zgamma_GeV,5.852500318316163e-07,5.852500318316124e-07,-6.693767e-15
point_5fecda84e3f738d0,point_535b3f852ae1789f,R150_anchor,total_width_GeV,0.0007789562701890466,0.0007789562701890447,-2.505357e-15
point_5fecda84e3f738d0,point_535b3f852ae1789f,R150_anchor,width_unaccounted_GeV,3.5274502951856013e-07,3.5274502951866855e-07,3.073614e-13
point_5fecda84e3f738d0,point_535b3f852ae1789f,R150_anchor,BR_bb,0.6305223991376919,0.6305223991376931,1.936879e-15
point_5fecda84e3f738d0,point_535b3f852ae1789f,R150_anchor,BR_cc,0.028229317396998604,0.02822931739699868,2.703850e-15
point_5fecda84e3f738d0,point_535b3f852ae1789f,R150_anchor,BR_tautau,0.06303301794181047,0.0630330179418106,1.981503e-15
point_5fecda84e3f738d0,point_535b3f852ae1789f,R150_anchor,BR_WW,0.14723215142381735,0.14723215142381624,-7.540629e-15
point_5fecda84e3f738d0,point_535b3f852ae1789f,R150_anchor,BR_ZZ,0.01780479864576494,0.017804798645764855,-4.871505e-15
point_5fecda84e3f738d0,point_535b3f852ae1789f,R150_anchor,BR_gg,0.11073583166363132,0.11073583166363095,-3.383731e-15
point_5fecda84e3f738d0,point_535b3f852ae1789f,R150_anchor,BR_gammagamma,0.0012383147024333412,0.0012383147024333373,-3.151968e-15
point_5fecda84e3f738d0,point_535b3f852ae1789f,R150_anchor,BR_Zgamma,0.0007513259142128488,0.0007513259142128457,-4.184850e-15
point_5fecda84e3f738d0,point_535b3f852ae1789f,R150_anchor,ctau_physical_mm,2.533222825873271e-10,2.533222825873278e-10,2.653080e-15
point_141ec85e9c54925d,point_8cb9304ab6b645b6,R150_anchor,campaign_id,high_mass_h2_physical_point_scan_v1,high_mass_h2_physical_point_scan_v2_mh12520,
point_141ec85e9c54925d,point_8cb9304ab6b645b6,R150_anchor,m_h_GeV,125.13,125.2,5.594182e-04
point_141ec85e9c54925d,point_8cb9304ab6b645b6,R150_anchor,lambda1,0.48099357815686844,0.481176375468498,3.800411e-04
point_141ec85e9c54925d,point_8cb9304ab6b645b6,R150_anchor,lambda2,0.23422563641143684,0.2345412406852412,1.347437e-03
point_141ec85e9c54925d,point_8cb9304ab6b645b6,R150_anchor,lambda3,6.210841749234577,6.211081940018728,3.867282e-05
point_141ec85e9c54925d,point_8cb9304ab6b645b6,R150_anchor,g_hH2H2_GeV,52.522264877167004,52.58110908916859,1.120367e-03
point_141ec85e9c54925d,point_8cb9304ab6b645b6,R150_anchor,width_bb_GeV,0.0004911493763029456,0.0004911493763029458,4.414959e-16
point_141ec85e9c54925d,point_8cb9304ab6b645b6,R150_anchor,width_cc_GeV,2.1989403789548804e-05,2.19894037895488e-05,-1.540802e-16
point_141ec85e9c54925d,point_8cb9304ab6b645b6,R150_anchor,width_tautau_GeV,4.909996455471192e-05,4.9099964554711946e-05,5.520382e-16
point_141ec85e9c54925d,point_8cb9304ab6b645b6,R150_anchor,width_WW_GeV,0.00011468740752500454,0.00011468740752500569,1.004439e-14
point_141ec85e9c54925d,point_8cb9304ab6b645b6,R150_anchor,width_ZZ_GeV,1.3869159544571945e-05,1.3869159544572048e-05,7.450922e-15
point_141ec85e9c54925d,point_8cb9304ab6b645b6,R150_anchor,width_gg_GeV,8.625837040898388e-05,8.625837040898438e-05,5.813274e-15
point_141ec85e9c54925d,point_8cb9304ab6b645b6,R150_anchor,width_gammagamma_GeV,9.922820006698294e-07,9.922820006698344e-07,5.121727e-15
point_141ec85e9c54925d,point_8cb9304ab6b645b6,R150_anchor,width_Zgamma_GeV,5.956130750488447e-07,5.956130750488501e-07,9.066012e-15
point_141ec85e9c54925d,point_8cb9304ab6b645b6,R150_anchor,total_width_GeV,0.000778994322231004,0.000778994322231006,2.505235e-15
point_141ec85e9c54925d,point_8cb9304ab6b645b6,R150_anchor,width_unaccounted_GeV,3.5274502951866855e-07,3.5274502951856013e-07,-3.073614e-13
point_141ec85e9c54925d,point_8cb9304ab6b645b6,R150_anchor,BR_bb,0.6304915996002594,0.630491599600258,-2.113062e-15
point_141ec85e9c54925d,point_8cb9304ab6b645b6,R150_anchor,BR_cc,0.028227938461184363,0.02822793846118429,-2.581074e-15
point_141ec85e9c54925d,point_8cb9304ab6b645b6,R150_anchor,BR_tautau,0.06302993892701537,0.06302993892701525,-1.981599e-15
point_141ec85e9c54925d,point_8cb9304ab6b645b6,R150_anchor,BR_WW,0.14722495947922323,0.14722495947922434,7.540997e-15
point_141ec85e9c54925d,point_8cb9304ab6b645b6,R150_anchor,BR_ZZ,0.017803928923193314,0.0178039289231934,4.871743e-15
point_141ec85e9c54925d,point_8cb9304ab6b645b6,R150_anchor,BR_gg,0.11073042247848978,0.11073042247849015,3.258567e-15
point_141ec85e9c54925d,point_8cb9304ab6b645b6,R150_anchor,BR_gammagamma,0.0012737987586712816,0.0012737987586712851,2.723701e-15
point_141ec85e9c54925d,point_8cb9304ab6b645b6,R150_anchor,BR_Zgamma,0.0007645923186487884,0.0007645923186487934,6.522862e-15
point_141ec85e9c54925d,point_8cb9304ab6b645b6,R150_anchor,ctau_physical_mm,2.5330990838914536e-10,2.5330990838914474e-10,-2.449116e-15
point_798e38e957df1d36,point_2749bfbffb2bbadd,R150_anchor,campaign_id,high_mass_h2_physical_point_scan_v1,high_mass_h2_physical_point_scan_v2_mh12520,
point_798e38e957df1d36,point_2749bfbffb2bbadd,R150_anchor,m_h_GeV,125.13,125.2,5.594182e-04
point_798e38e957df1d36,point_2749bfbffb2bbadd,R150_anchor,lambda1,0.3511382995687432,0.351209301371001,2.022047e-04
point_798e38e957df1d36,point_2749bfbffb2bbadd,R150_anchor,lambda2,0.2532768617681945,0.2535746262927284,1.175648e-03
point_798e38e957df1d36,point_2749bfbffb2bbadd,R150_anchor,lambda3,6.232855112088959,6.233000514351287,2.332836e-05
point_798e38e957df1d36,point_2749bfbffb2bbadd,R150_anchor,g_hH2H2_GeV,69.51330458390703,69.54892660654326,5.124490e-04
point_798e38e957df1d36,point_2749bfbffb2bbadd,R150_anchor,width_bb_GeV,3.0523416857020676e-05,3.0523416857020696e-05,6.660064e-16
point_798e38e957df1d36,point_2749bfbffb2bbadd,R150_anchor,width_tautau_GeV,3.051411155297892e-06,3.0514111552978943e-06,6.939682e-16
point_798e38e957df1d36,point_2749bfbffb2bbadd,R150_anchor,width_WW_GeV,0.000114687407525001,0.00011468740752500251,1.311679e-14
point_798e38e957df1d36,point_2749bfbffb2bbadd,R150_anchor,width_ZZ_GeV,1.3869159544571626e-05,1.3869159544571763e-05,9.893847e-15
point_798e38e957df1d36,point_2749bfbffb2bbadd,R150_anchor,width_gg_GeV,5.360691318025233e-06,5.360691318025244e-06,2.054106e-15
point_798e38e957df1d36,point_2749bfbffb2bbadd,R150_anchor,width_gammagamma_GeV,4.635627451652783e-07,4.635627451652808e-07,5.367470e-15
point_798e38e957df1d36,point_2749bfbffb2bbadd,R150_anchor,width_Zgamma_GeV,4.671714883177254e-07,4.6717148831772933e-07,8.385630e-15
point_798e38e957df1d36,point_2749bfbffb2bbadd,R150_anchor,total_width_GeV,0.00016981131618035365,0.00016981131618035533,9.896357e-15
point_798e38e957df1d36,point_2749bfbffb2bbadd,R150_anchor,BR_bb,0.179749015222297,0.17974901522229533,-9.264777e-15
point_798e38e957df1d36,point_2749bfbffb2bbadd,R150_anchor,BR_cc,0.00804759990992813,0.00804759990992805,-9.915662e-15
point_798e38e957df1d36,point_2749bfbffb2bbadd,R150_anchor,BR_tautau,0.017969421731924163,0.017969421731924,-9.074527e-15
point_798e38e957df1d36,point_2749bfbffb2bbadd,R150_anchor,BR_WW,0.6753814180628193,0.6753814180628214,3.123307e-15
point_798e38e957df1d36,point_2749bfbffb2bbadd,R150_anchor,BR_gg,0.031568516389872014,0.03156851638987177,-7.693149e-15
point_798e38e957df1d36,point_2749bfbffb2bbadd,R150_anchor,BR_gammagamma,0.00272986957284364,0.002729869572843628,-4.448221e-15
point_798e38e957df1d36,point_2749bfbffb2bbadd,R150_anchor,BR_Zgamma,0.0027511210608694107,0.0027511210608694063,-1.576379e-15
point_798e38e957df1d36,point_2749bfbffb2bbadd,R150_anchor,ctau_physical_mm,1.1620366936584042e-09,1.1620366936583926e-09,-9.965717e-15
point_e76fb78b48466939,point_07e4a01a83c1c646,R200_below_hh,campaign_id,high_mass_h2_physical_point_scan_v1,high_mass_h2_physical_point_scan_v2_mh12520,
point_e76fb78b48466939,point_07e4a01a83c1c646,R200_below_hh,m_h_GeV,125.13,125.2,5.594182e-04
point_e76fb78b48466939,point_07e4a01a83c1c646,R200_below_hh,lambda1,6.196456739552317,6.196745782433686,4.664648e-05
point_e76fb78b48466939,point_07e4a01a83c1c646,R200_below_hh,lambda2,0.6294068190375843,0.6296958619189538,4.592306e-04
point_e76fb78b48466939,point_07e4a01a83c1c646,R200_below_hh,lambda3,8.670701148669979,8.670990191551349,3.333558e-05
point_e76fb78b48466939,point_07e4a01a83c1c646,R200_below_hh,g_hH2H2_GeV,794.6432649239996,794.714433226737,8.956007e-05
point_e76fb78b48466939,point_07e4a01a83c1c646,R200_below_hh,width_bb_GeV,0.00098077269259179,0.0009807726925917905,4.421829e-16
point_e76fb78b48466939,point_07e4a01a83c1c646,R200_below_hh,width_cc_GeV,4.380330785599142e-05,4.3803307855991446e-05,6.187901e-16
point_e76fb78b48466939,point_07e4a01a83c1c646,R200_below_hh,width_tautau_GeV,0.00010355532237173512,0.00010355532237173515,2.617447e-16
point_e76fb78b48466939,point_07e4a01a83c1c646,R200_below_hh,width_gg_GeV,0.0003223185518224292,0.0003223185518224316,7.400271e-15
point_e76fb78b48466939,point_07e4a01a83c1c646,R200_below_hh,width_gammagamma_GeV,6.025621087533488e-07,6.025621087533427e-07,-1.019146e-14
point_e76fb78b48466939,point_07e4a01a83c1c646,R200_below_hh,width_Zgamma_GeV,8.065037587516203e-08,8.065037587516375e-08,2.133326e-14
point_e76fb78b48466939,point_07e4a01a83c1c646,R200_below_hh,total_width_GeV,0.0014518557631544211,0.001451855763154424,1.941602e-15
point_e76fb78b48466939,point_07e4a01a83c1c646,R200_below_hh,BR_bb,0.6755303918489002,0.6755303918488992,-1.479135e-15
point_e76fb78b48466939,point_07e4a01a83c1c646,R200_below_hh,BR_cc,0.030170564437352065,0.030170564437352023,-1.379933e-15
point_e76fb78b48466939,point_07e4a01a83c1c646,R200_below_hh,BR_tautau,0.0713261778475448,0.07132617784754468,-1.751111e-15
point_e76fb78b48466939,point_07e4a01a83c1c646,R200_below_hh,BR_gg,0.22200452689744707,0.22200452689744826,5.375970e-15
point_e76fb78b48466939,point_07e4a01a83c1c646,R200_below_hh,BR_gammagamma,0.00041502890579445226,0.0004150289057944472,-1.214744e-14
point_e76fb78b48466939,point_07e4a01a83c1c646,R200_below_hh,BR_Zgamma,5.5549854139735204e-05,5.554985413973628e-05,1.939566e-14
point_e76fb78b48466939,point_07e4a01a83c1c646,R200_below_hh,ctau_physical_mm,1.3591362544945318e-10,1.3591362544945292e-10,-1.901899e-15
point_c289710c2a54ee03,point_9cae222f2b6e5c80,R200_below_hh,campaign_id,high_mass_h2_physical_point_scan_v1,high_mass_h2_physical_point_scan_v2_mh12520,
point_c289710c2a54ee03,point_9cae222f2b6e5c80,R200_below_hh,m_h_GeV,125.13,125.2,5.594182e-04
point_c289710c2a54ee03,point_9cae222f2b6e5c80,R200_below_hh,lambda1,4.876859721356232,4.877148764237601,5.926824e-05
point_c289710c2a54ee03,point_9cae222f2b6e5c80,R200_below_hh,lambda2,0.546932005400329,0.5472210482816985,5.284805e-04
point_c289710c2a54ee03,point_9cae222f2b6e5c80,R200_below_hh,lambda3,8.340801894120958,8.34109093700233,3.465409e-05
point_c289710c2a54ee03,point_9cae222f2b6e5c80,R200_below_hh,g_hH2H2_GeV,632.1873005400421,632.2584688427796,1.125747e-04
point_c289710c2a54ee03,point_9cae222f2b6e5c80,R200_below_hh,width_bb_GeV,0.0009807726925917905,0.0009807726925917908,2.210914e-16
point_c289710c2a54ee03,point_9cae222f2b6e5c80,R200_below_hh,width_tautau_GeV,0.00010355532237173516,0.00010355532237173519,2.617447e-16
point_c289710c2a54ee03,point_9cae222f2b6e5c80,R200_below_hh,width_gg_GeV,0.00032231855182242845,0.00032231855182242986,4.372888e-15
point_c289710c2a54ee03,point_9cae222f2b6e5c80,R200_below_hh,width_gammagamma_GeV,6.327839412726882e-07,6.32783941272693e-07,7.696844e-15
point_c289710c2a54ee03,point_9cae222f2b6e5c80,R200_below_hh,width_Zgamma_GeV,8.822431264746291e-08,8.822431264746391e-08,1.140107e-14
point_c289710c2a54ee03,point_9cae222f2b6e5c80,R200_below_hh,total_width_GeV,0.0014518935589237128,0.0014518935589237143,1.045451e-15
point_c289710c2a54ee03,point_9cae222f2b6e5c80,R200_below_hh,BR_bb,0.6755128064063018,0.6755128064063013,-8.217631e-16
point_c289710c2a54ee03,point_9cae222f2b6e5c80,R200_below_hh,BR_cc,0.0301697790356359,0.03016977903563587,-1.034977e-15
point_c289710c2a54ee03,point_9cae222f2b6e5c80,R200_below_hh,BR_tautau,0.07132432108074135,0.0713243210807413,-7.782920e-16
point_c289710c2a54ee03,point_9cae222f2b6e5c80,R200_below_hh,BR_gg,0.22199874766395608,0.2219987476639568,3.250671e-15
point_c289710c2a54ee03,point_9cae222f2b6e5c80,R200_below_hh,BR_gammagamma,0.00043583356189125206,0.00043583356189125493,6.592277e-15
point_c289710c2a54ee03,point_9cae222f2b6e5c80,R200_below_hh,BR_Zgamma,6.0765000371558577e-05,6.076500037155921e-05,1.037098e-14
point_c289710c2a54ee03,point_9cae222f2b6e5c80,R200_below_hh,ctau_physical_mm,1.3591008733882551e-10,1.3591008733882536e-10,-1.141169e-15
point_0acb31e2227845fd,point_6efd6c15cd4cd5ba,R200_below_hh,campaign_id,high_mass_h2_physical_point_scan_v1,high_mass_h2_physical_point_scan_v2_mh12520,
point_0acb31e2227845fd,point_6efd6c15cd4cd5ba,R200_below_hh,m_h_GeV,125.13,125.2,5.594182e-04
point_0acb31e2227845fd,point_6efd6c15cd4cd5ba,R200_below_hh,lambda1,3.5572627031601467,3.5575517460415162,8.125430e-05
point_0acb31e2227845fd,point_6efd6c15cd4cd5ba,R200_below_hh,lambda2,0.4644571917630736,0.464746234644443,6.223241e-04
point_0acb31e2227845fd,point_6efd6c15cd4cd5ba,R200_below_hh,lambda3,8.010902639571936,8.011191682453306,3.608119e-05
point_0acb31e2227845fd,point_6efd6c15cd4cd5ba,R200_below_hh,g_hH2H2_GeV,469.73133615608424,469.802504458822,1.515085e-04
point_0acb31e2227845fd,point_6efd6c15cd4cd5ba,R200_below_hh,width_bb_GeV,0.0009807726925917908,0.0009807726925917912,4.421829e-16
point_0acb31e2227845fd,point_6efd6c15cd4cd5ba,R200_below_hh,width_cc_GeV,4.380330785599142e-05,4.3803307855991446e-05,6.187901e-16
point_0acb31e2227845fd,point_6efd6c15cd4cd5ba,R200_below_hh,width_tautau_GeV,0.00010355532237173518,0.00010355532237173524,6.543617e-16
point_0acb31e2227845fd,point_6efd6c15cd4cd5ba,R200_below_hh,width_gg_GeV,0.00032231855182243224,0.0003223185518224319,-1.009128e-15
point_0acb31e2227845fd,point_6efd6c15cd4cd5ba,R200_below_hh,width_gammagamma_GeV,6.637453577458647e-07,6.637453577458719e-07,1.084720e-14
point_0acb31e2227845fd,point_6efd6c15cd4cd5ba,R200_below_hh,width_Zgamma_GeV,9.61381484329991e-08,9.613814843299913e-08,2.753307e-16
point_0acb31e2227845fd,point_6efd6c15cd4cd5ba,R200_below_hh,total_width_GeV,0.0014519324341759753,0.0014519324341759755,1.493461e-16
point_0acb31e2227845fd,point_6efd6c15cd4cd5ba,R200_below_hh,BR_bb,0.6754947196619484,0.6754947196619486,3.287140e-16
point_0acb31e2227845fd,point_6efd6c15cd4cd5ba,R200_below_hh,BR_cc,0.030168971244761398,0.030168971244761412,4.600020e-16
point_0acb31e2227845fd,point_6efd6c15cd4cd5ba,R200_below_hh,BR_tautau,0.07132241138376842,0.07132241138376846,5.837347e-16
point_0acb31e2227845fd,point_6efd6c15cd4cd5ba,R200_below_hh,BR_gg,0.2219928036839812,0.22199280368398094,-1.125263e-15
point_0acb31e2227845fd,point_6efd6c15cd4cd5ba,R200_below_hh,BR_gammagamma,0.0004571461743828076,0.00045714617438281246,1.067254e-14
point_0acb31e2227845fd,point_6efd6c15cd4cd5ba,R200_below_hh,ctau_physical_mm,1.3590644836857735e-10,1.3590644836857733e-10,-1.901999e-16
point_4e7d9190d07d1da4,point_f3c259ea15c2b819,R200_below_hh,campaign_id,high_mass_h2_physical_point_scan_v1,high_mass_h2_physical_point_scan_v2_mh12520,
point_4e7d9190d07d1da4,point_f3c259ea15c2b819,R200_below_hh,m_h_GeV,125.13,125.2,5.594182e-04
point_4e7d9190d07d1da4,point_f3c259ea15c2b819,R200_below_hh,lambda1,2.237665684964062,2.2379547278454313,1.291716e-04
point_4e7d9190d07d1da4,point_f3c259ea15c2b819,R200_below_hh,lambda2,0.38198237812581826,0.38227142100718764,7.566917e-04
point_4e7d9190d07d1da4,point_f3c259ea15c2b819,R200_below_hh,lambda3,7.681003385022915,7.681292427904285,3.763088e-05
point_4e7d9190d07d1da4,point_f3c259ea15c2b819,R200_below_hh,g_hH2H2_GeV,307.27537177212673,307.34654007486415,2.316108e-04
point_4e7d9190d07d1da4,point_f3c259ea15c2b819,R200_below_hh,width_bb_GeV,0.0009807726925917908,0.0009807726925917912,4.421829e-16
point_4e7d9190d07d1da4,point_f3c259ea15c2b819,R200_below_hh,width_cc_GeV,4.3803307855991426e-05,4.3803307855991446e-05,4.640926e-16
point_4e7d9190d07d1da4,point_f3c259ea15c2b819,R200_below_hh,width_tautau_GeV,0.00010355532237173519,0.0001035553223717352,1.308723e-16
point_4e7d9190d07d1da4,point_f3c259ea15c2b819,R200_below_hh,width_gg_GeV,0.00032231855182242986,0.00032231855182243067,2.522820e-15
point_4e7d9190d07d1da4,point_f3c259ea15c2b819,R200_below_hh,width_gammagamma_GeV,6.954463581728811e-07,6.954463581728859e-07,6.851082e-15
point_4e7d9190d07d1da4,point_f3c259ea15c2b819,R200_below_hh,width_Zgamma_GeV,1.0439188323176703e-07,1.0439188323176869e-07,1.584760e-14
point_4e7d9190d07d1da4,point_f3c259ea15c2b819,R200_below_hh,total_width_GeV,0.0014519723889111985,0.0014519723889111998,8.960519e-16
point_4e7d9190d07d1da4,point_f3c259ea15c2b819,R200_below_hh,BR_bb,0.6754761316964506,0.6754761316964503,-4.930846e-16
point_4e7d9190d07d1da4,point_f3c259ea15c2b819,R200_below_hh,BR_cc,0.030168141068328814,0.0301681410683288,-4.600147e-16
point_4e7d9190d07d1da4,point_f3c259ea15c2b819,R200_below_hh,BR_tautau,0.07132044876513732,0.07132044876513728,-5.837507e-16
point_4e7d9190d07d1da4,point_f3c259ea15c2b819,R200_below_hh,BR_gg,0.22198669498400675,0.2219866949840071,1.625424e-15
point_4e7d9190d07d1da4,point_f3c259ea15c2b819,R200_below_hh,BR_gammagamma,0.0004789666549336938,0.0004789666549336966,5.885432e-15
point_4e7d9190d07d1da4,point_f3c259ea15c2b819,R200_below_hh,BR_Zgamma,7.18966035642373e-05,7.189660356423839e-05,1.508002e-14
point_4e7d9190d07d1da4,point_f3c259ea15c2b819,R200_below_hh,ctau_physical_mm,1.359027085549272e-10,1.3590270855492707e-10,-9.510257e-16
point_29bc5b970288b8fe,point_8d293ab60dae4fef,R200_below_hh,campaign_id,high_mass_h2_physical_point_scan_v1,high_mass_h2_physical_point_scan_v2_mh12520,
point_29bc5b970288b8fe,point_8d293ab60dae4fef,R200_below_hh,m_h_GeV,125.13,125.2,5.594182e-04
point_29bc5b970288b8fe,point_8d293ab60dae4fef,R200_below_hh,lambda1,0.9180686667679767,0.9183577096493462,3.148380e-04
point_29bc5b970288b8fe,point_8d293ab60dae4fef,R200_below_hh,lambda2,0.2995075644885628,0.2997966073699322,9.650604e-04
point_29bc5b970288b8fe,point_8d293ab60dae4fef,R200_below_hh,lambda3,7.351104130473894,7.351393173355263,3.931966e-05
point_29bc5b970288b8fe,point_8d293ab60dae4fef,R200_below_hh,g_hH2H2_GeV,144.81940738816934,144.89057569090642,4.914279e-04
point_29bc5b970288b8fe,point_8d293ab60dae4fef,R200_below_hh,width_bb_GeV,0.0009807726925917908,0.0009807726925917905,-2.210914e-16
point_29bc5b970288b8fe,point_8d293ab60dae4fef,R200_below_hh,width_cc_GeV,4.380330785599142e-05,4.3803307855991446e-05,6.187901e-16
point_29bc5b970288b8fe,point_8d293ab60dae4fef,R200_below_hh,width_tautau_GeV,0.00010355532237173518,0.00010355532237173515,-2.617447e-16
point_29bc5b970288b8fe,point_8d293ab60dae4fef,R200_below_hh,width_gg_GeV,0.00032231855182243224,0.0003223185518224316,-2.018256e-15
point_29bc5b970288b8fe,point_8d293ab60dae4fef,R200_below_hh,width_gammagamma_GeV,7.278869425537236e-07,7.278869425537215e-07,-2.763758e-15
point_29bc5b970288b8fe,point_8d293ab60dae4fef,R200_below_hh,width_Zgamma_GeV,1.1298551704377094e-07,1.1298551704377127e-07,2.928448e-15
point_29bc5b970288b8fe,point_8d293ab60dae4fef,R200_below_hh,total_width_GeV,0.001452013423129394,0.0014520134231293931,-5.973510e-16
point_29bc5b970288b8fe,point_8d293ab60dae4fef,R200_below_hh,BR_bb,0.6754570425926363,0.6754570425926366,4.930986e-16
point_29bc5b970288b8fe,point_8d293ab60dae4fef,R200_below_hh,BR_cc,0.030167288510037384,0.030167288510037422,1.265076e-15
point_29bc5b970288b8fe,point_8d293ab60dae4fef,R200_below_hh,BR_tautau,0.07131843323359346,0.07131843323359348,1.945891e-16
point_29bc5b970288b8fe,point_8d293ab60dae4fef,R200_below_hh,BR_gg,0.22198042159126052,0.22198042159126022,-1.375398e-15
point_29bc5b970288b8fe,point_8d293ab60dae4fef,R200_below_hh,BR_gammagamma,0.0005012949129526463,0.0005012949129526452,-2.162803e-15
point_29bc5b970288b8fe,point_8d293ab60dae4fef,R200_below_hh,BR_Zgamma,7.781299762385352e-05,7.781299762385379e-05,3.483358e-15
point_29bc5b970288b8fe,point_8d293ab60dae4fef,R200_below_hh,ctau_physical_mm,1.3589886791453959e-10,1.3589886791453966e-10,5.706316e-16
point_0b0217f2bc305443,point_1ab9314c1fca38f0,R200_below_hh,campaign_id,high_mass_h2_physical_point_scan_v1,high_mass_h2_physical_point_scan_v2_mh12520,
point_0b0217f2bc305443,point_1ab9314c1fca38f0,R200_below_hh,m_h_GeV,125.13,125.2,5.594182e-04
point_0b0217f2bc305443,point_1ab9314c1fca38f0,R200_below_hh,lambda1,7.216053757748401,7.2163428006297705,4.005553e-05
point_0b0217f2bc305443,point_1ab9314c1fca38f0,R200_below_hh,lambda2,0.7181316326748398,0.7184206755562093,4.024929e-04
point_0b0217f2bc305443,point_1ab9314c1fca38f0,R200_below_hh,lambda3,8.975600403219001,8.97588944610037,3.220318e-05
point_0b0217f2bc305443,point_1ab9314c1fca38f0,R200_below_hh,g_hH2H2_GeV,957.0992293079572,957.1703976106949,7.435833e-05
point_0b0217f2bc305443,point_1ab9314c1fca38f0,R200_below_hh,width_cc_GeV,4.3803307855991446e-05,4.3803307855991426e-05,-4.640926e-16
point_0b0217f2bc305443,point_1ab9314c1fca38f0,R200_below_hh,width_tautau_GeV,0.00010355532237173515,0.00010355532237173516,1.308723e-16
point_0b0217f2bc305443,point_1ab9314c1fca38f0,R200_below_hh,width_gg_GeV,0.0003223185518224316,0.00032231855182242845,-9.754903e-15
point_0b0217f2bc305443,point_1ab9314c1fca38f0,R200_below_hh,width_gammagamma_GeV,5.76762696860857e-07,5.767626968608618e-07,8.444443e-15
point_0b0217f2bc305443,point_1ab9314c1fca38f0,R200_below_hh,width_Zgamma_GeV,7.431125186359864e-08,7.431125186359719e-08,-1.959108e-14
point_0b0217f2bc305443,point_1ab9314c1fca38f0,R200_below_hh,total_width_GeV,0.00145182362461852,0.001451823624618517,-2.091002e-15
point_0b0217f2bc305443,point_1ab9314c1fca38f0,R200_below_hh,BR_bb,0.6755453458401309,0.6755453458401324,2.136481e-15
point_0b0217f2bc305443,point_1ab9314c1fca38f0,R200_below_hh,BR_cc,0.030171232313085668,0.030171232313085716,1.609886e-15
point_0b0217f2bc305443,point_1ab9314c1fca38f0,R200_below_hh,BR_tautau,0.07132775677138141,0.07132775677138158,2.334764e-15
point_0b0217f2bc305443,point_1ab9314c1fca38f0,R200_below_hh,BR_gg,0.2220094413376995,0.22200944133769782,-7.626208e-15
point_0b0217f2bc305443,point_1ab9314c1fca38f0,R200_below_hh,BR_gammagamma,0.0003972677445667043,0.0003972677445667085,1.064367e-14
point_0b0217f2bc305443,point_1ab9314c1fca38f0,R200_below_hh,BR_Zgamma,5.1184765562087204e-05,5.118476556208631e-05,-1.747525e-14
point_0b0217f2bc305443,point_1ab9314c1fca38f0,R200_below_hh,ctau_physical_mm,1.3591663412409996e-10,1.3591663412410024e-10,2.092042e-15
point_f11cd105c2c7a6a5,point_39b99ca050b26202,R200_below_hh,campaign_id,high_mass_h2_physical_point_scan_v1,high_mass_h2_physical_point_scan_v2_mh12520,
point_f11cd105c2c7a6a5,point_39b99ca050b26202,R200_below_hh,m_h_GeV,125.13,125.2,5.594182e-04
point_f11cd105c2c7a6a5,point_39b99ca050b26202,R200_below_hh,lambda1,5.896456739552317,5.896745782433686,4.901976e-05
point_f11cd105c2c7a6a5,point_39b99ca050b26202,R200_below_hh,lambda2,0.6356568190375843,0.6359458619189537,4.547153e-04
point_f11cd105c2c7a6a5,point_39b99ca050b26202,R200_below_hh,lambda3,8.645701148669978,8.645990191551348,3.343198e-05
point_f11cd105c2c7a6a5,point_39b99ca050b26202,R200_below_hh,g_hH2H2_GeV,794.643264924,794.7144332267369,8.956007e-05
point_f11cd105c2c7a6a5,point_39b99ca050b26202,R200_below_hh,width_bb_GeV,0.00098077269259179,0.0009807726925917905,4.421829e-16
point_f11cd105c2c7a6a5,point_39b99ca050b26202,R200_below_hh,width_cc_GeV,4.380330785599142e-05,4.3803307855991446e-05,6.187901e-16
point_f11cd105c2c7a6a5,point_39b99ca050b26202,R200_below_hh,width_tautau_GeV,0.00010355532237173512,0.00010355532237173515,2.617447e-16
point_f11cd105c2c7a6a5,point_39b99ca050b26202,R200_below_hh,width_gg_GeV,0.0003223185518224292,0.0003223185518224316,7.400271e-15
point_f11cd105c2c7a6a5,point_39b99ca050b26202,R200_below_hh,width_gammagamma_GeV,6.063383557558966e-07,6.063383557558882e-07,-1.379502e-14
point_f11cd105c2c7a6a5,point_39b99ca050b26202,R200_below_hh,width_Zgamma_GeV,8.15882192706992e-08,8.158821927069927e-08,8.110785e-16
point_f11cd105c2c7a6a5,point_39b99ca050b26202,R200_below_hh,total_width_GeV,0.0014518604772448193,0.0014518604772448221,1.941595e-15
point_f11cd105c2c7a6a5,point_39b99ca050b26202,R200_below_hh,BR_bb,0.6755281984485123,0.6755281984485113,-1.479140e-15
point_f11cd105c2c7a6a5,point_39b99ca050b26202,R200_below_hh,BR_cc,0.030170466475619273,0.03017046647561923,-1.379938e-15
point_f11cd105c2c7a6a5,point_39b99ca050b26202,R200_below_hh,BR_tautau,0.07132594625638615,0.07132594625638602,-1.751117e-15
point_f11cd105c2c7a6a5,point_39b99ca050b26202,R200_below_hh,BR_gg,0.22200380606412665,0.22200380606412784,5.375988e-15
point_f11cd105c2c7a6a5,point_39b99ca050b26202,R200_below_hh,BR_gammagamma,0.0004176285292279177,0.00041762852922791114,-1.570636e-14
point_f11cd105c2c7a6a5,point_39b99ca050b26202,R200_below_hh,BR_Zgamma,5.61956334988389e-05,5.6195633498838836e-05,-1.085251e-15
point_f11cd105c2c7a6a5,point_39b99ca050b26202,R200_below_hh,ctau_physical_mm,1.359131841473262e-10,1.359131841473259e-10,-2.092095e-15
point_7da3fc432c8072b7,point_505f23ed007a7cc4,R200_below_hh,campaign_id,high_mass_h2_physical_point_scan_v1,high_mass_h2_physical_point_scan_v2_mh12520,
point_7da3fc432c8072b7,point_505f23ed007a7cc4,R200_below_hh,m_h_GeV,125.13,125.2,5.594182e-04
point_7da3fc432c8072b7,point_505f23ed007a7cc4,R200_below_hh,lambda1,4.576859721356232,4.577148764237601,6.315310e-05
point_7da3fc432c8072b7,point_505f23ed007a7cc4,R200_below_hh,lambda2,0.553182005400329,0.5534710482816985,5.225096e-04
point_7da3fc432c8072b7,point_505f23ed007a7cc4,R200_below_hh,lambda3,8.315801894120957,8.316090937002329,3.475827e-05
point_7da3fc432c8072b7,point_505f23ed007a7cc4,R200_below_hh,g_hH2H2_GeV,632.1873005400421,632.2584688427796,1.125747e-04
point_7da3fc432c8072b7,point_505f23ed007a7cc4,R200_below_hh,width_gammagamma_GeV,6.366535986047608e-07,6.366535986047593e-07,-2.328280e-15
point_7da3fc432c8072b7,point_505f23ed007a7cc4,R200_below_hh,width_Zgamma_GeV,8.920508569103418e-08,8.92050856910328e-08,-1.542993e-14
point_7da3fc432c8072b7,point_505f23ed007a7cc4,R200_below_hh,BR_gammagamma,0.00043849734561524263,0.0004384973456152416,-2.348913e-15
point_7da3fc432c8072b7,point_505f23ed007a7cc4,R200_below_hh,BR_Zgamma,6.144030816227644e-05,6.144030816227549e-05,-1.544063e-14
point_97015b8cae7c8f69,point_2598c88ee42d3bb6,R200_below_hh,campaign_id,high_mass_h2_physical_point_scan_v1,high_mass_h2_physical_point_scan_v2_mh12520,
point_97015b8cae7c8f69,point_2598c88ee42d3bb6,R200_below_hh,m_h_GeV,125.13,125.2,5.594182e-04
point_97015b8cae7c8f69,point_2598c88ee42d3bb6,R200_below_hh,lambda1,3.257262703160147,3.2575517460415164,8.873797e-05
point_97015b8cae7c8f69,point_2598c88ee42d3bb6,R200_below_hh,lambda2,0.47070719176307363,0.47099623464444296,6.140609e-04
point_97015b8cae7c8f69,point_2598c88ee42d3bb6,R200_below_hh,lambda3,7.985902639571936,7.986191682453306,3.619414e-05
point_97015b8cae7c8f69,point_2598c88ee42d3bb6,R200_below_hh,g_hH2H2_GeV,469.7313361560846,469.802504458822,1.515085e-04
point_97015b8cae7c8f69,point_2598c88ee42d3bb6,R200_below_hh,width_bb_GeV,0.0009807726925917905,0.00098077269259179,-4.421829e-16
point_97015b8cae7c8f69,point_2598c88ee42d3bb6,R200_below_hh,width_cc_GeV,4.3803307855991446e-05,4.380330785599142e-05,-6.187901e-16
point_97015b8cae7c8f69,point_2598c88ee42d3bb6,R200_below_hh,width_tautau_GeV,0.00010355532237173515,0.00010355532237173512,-2.617447e-16
point_97015b8cae7c8f69,point_2598c88ee42d3bb6,R200_below_hh,width_gg_GeV,0.0003223185518224316,0.0003223185518224292,-7.400271e-15
point_97015b8cae7c8f69,point_2598c88ee42d3bb6,R200_below_hh,width_gammagamma_GeV,6.677084254074512e-07,6.677084254074603e-07,1.363710e-14
point_97015b8cae7c8f69,point_2598c88ee42d3bb6,R200_below_hh,width_Zgamma_GeV,9.716185112460413e-08,9.716185112460348e-08,-6.674529e-15
point_97015b8cae7c8f69,point_2598c88ee42d3bb6,R200_below_hh,total_width_GeV,0.0014519374209463276,0.0014519374209463248,-1.941493e-15
point_97015b8cae7c8f69,point_2598c88ee42d3bb6,R200_below_hh,BR_bb,0.6754923996328667,0.6754923996328677,1.479218e-15
point_97015b8cae7c8f69,point_2598c88ee42d3bb6,R200_below_hh,BR_cc,0.03016886762753302,0.03016886762753306,1.265010e-15
point_97015b8cae7c8f69,point_2598c88ee42d3bb6,R200_below_hh,BR_tautau,0.07132216642246263,0.07132216642246274,1.556631e-15
point_97015b8cae7c8f69,point_2598c88ee42d3bb6,R200_below_hh,BR_gg,0.22199204123574032,0.2219920412357391,-5.501302e-15
point_97015b8cae7c8f69,point_2598c88ee42d3bb6,R200_below_hh,BR_gammagamma,0.00045987410736494385,0.000459874107364951,1.556020e-14
point_97015b8cae7c8f69,point_2598c88ee42d3bb6,R200_below_hh,BR_Zgamma,6.691875952978542e-05,6.691875952978511e-05,-4.658008e-15
point_97015b8cae7c8f69,point_2598c88ee42d3bb6,R200_below_hh,ctau_physical_mm,1.3590598158933628e-10,1.3590598158933654e-10,1.902006e-15
point_174fb82ccd4ecac8,point_510353b5c1ed8205,R200_below_hh,campaign_id,high_mass_h2_physical_point_scan_v1,high_mass_h2_physical_point_scan_v2_mh12520,
point_174fb82ccd4ecac8,point_510353b5c1ed8205,R200_below_hh,m_h_GeV,125.13,125.2,5.594182e-04
point_174fb82ccd4ecac8,point_510353b5c1ed8205,R200_below_hh,lambda1,1.937665684964062,1.9379547278454312,1.491707e-04
point_174fb82ccd4ecac8,point_510353b5c1ed8205,R200_below_hh,lambda2,0.38823237812581823,0.3885214210071877,7.445100e-04
point_174fb82ccd4ecac8,point_510353b5c1ed8205,R200_below_hh,lambda3,7.656003385022915,7.656292427904285,3.775376e-05
point_174fb82ccd4ecac8,point_510353b5c1ed8205,R200_below_hh,g_hH2H2_GeV,307.2753717721271,307.34654007486404,2.316108e-04
point_174fb82ccd4ecac8,point_510353b5c1ed8205,R200_below_hh,width_bb_GeV,0.0009807726925917908,0.0009807726925917912,4.421829e-16
point_174fb82ccd4ecac8,point_510353b5c1ed8205,R200_below_hh,width_cc_GeV,4.3803307855991426e-05,4.3803307855991446e-05,4.640926e-16
point_174fb82ccd4ecac8,point_510353b5c1ed8205,R200_below_hh,width_tautau_GeV,0.00010355532237173519,0.0001035553223717352,1.308723e-16
point_174fb82ccd4ecac8,point_510353b5c1ed8205,R200_below_hh,width_gg_GeV,0.00032231855182242986,0.00032231855182243067,2.522820e-15
point_174fb82ccd4ecac8,point_510353b5c1ed8205,R200_below_hh,width_gammagamma_GeV,6.995028361639925e-07,6.995028361639973e-07,6.811352e-15
point_174fb82ccd4ecac8,point_510353b5c1ed8205,R200_below_hh,width_Zgamma_GeV,1.0545851557140706e-07,1.054585155714087e-07,1.556182e-14
point_174fb82ccd4ecac8,point_510353b5c1ed8205,R200_below_hh,total_width_GeV,0.0014519775120215295,0.0014519775120215308,8.960487e-16
point_174fb82ccd4ecac8,point_510353b5c1ed8205,R200_below_hh,BR_bb,0.6754737483683895,0.6754737483683891,-4.930864e-16
point_174fb82ccd4ecac8,point_510353b5c1ed8205,R200_below_hh,BR_cc,0.030168034624038945,0.03016803462403893,-4.600163e-16
point_174fb82ccd4ecac8,point_510353b5c1ed8205,R200_below_hh,BR_tautau,0.07132019712038054,0.07132019712038049,-7.783370e-16
point_174fb82ccd4ecac8,point_510353b5c1ed8205,R200_below_hh,BR_gg,0.22198591173335652,0.22198591173335688,1.625430e-15
point_174fb82ccd4ecac8,point_510353b5c1ed8205,R200_below_hh,BR_gammagamma,0.0004817587258566443,0.0004817587258566472,5.963848e-15
point_174fb82ccd4ecac8,point_510353b5c1ed8205,R200_below_hh,BR_Zgamma,7.263095653911433e-05,7.263095653911539e-05,1.455436e-14
point_174fb82ccd4ecac8,point_510353b5c1ed8205,R200_below_hh,ctau_physical_mm,1.359022290402209e-10,1.3590222904022078e-10,-9.510291e-16
point_aa571ce0807a6c9a,point_0b1665a0e0d91e23,R200_below_hh,campaign_id,high_mass_h2_physical_point_scan_v1,high_mass_h2_physical_point_scan_v2_mh12520,
point_aa571ce0807a6c9a,point_0b1665a0e0d91e23,R200_below_hh,m_h_GeV,125.13,125.2,5.594182e-04
point_aa571ce0807a6c9a,point_0b1665a0e0d91e23,R200_below_hh,lambda1,0.6180686667679767,0.6183577096493462,4.676550e-04
point_aa571ce0807a6c9a,point_0b1665a0e0d91e23,R200_below_hh,lambda2,0.30575756448856284,0.30604660736993217,9.453335e-04
point_aa571ce0807a6c9a,point_0b1665a0e0d91e23,R200_below_hh,lambda3,7.326104130473894,7.326393173355263,3.945383e-05
point_aa571ce0807a6c9a,point_0b1665a0e0d91e23,R200_below_hh,g_hH2H2_GeV,144.81940738816934,144.89057569090642,4.914279e-04
point_aa571ce0807a6c9a,point_0b1665a0e0d91e23,R200_below_hh,width_bb_GeV,0.0009807726925917908,0.0009807726925917905,-2.210914e-16
point_aa571ce0807a6c9a,point_0b1665a0e0d91e23,R200_below_hh,width_cc_GeV,4.380330785599142e-05,4.3803307855991446e-05,6.187901e-16
point_aa571ce0807a6c9a,point_0b1665a0e0d91e23,R200_below_hh,width_tautau_GeV,0.00010355532237173518,0.00010355532237173515,-2.617447e-16
point_aa571ce0807a6c9a,point_0b1665a0e0d91e23,R200_below_hh,width_gg_GeV,0.00032231855182243224,0.0003223185518224316,-2.018256e-15
point_aa571ce0807a6c9a,point_0b1665a0e0d91e23,R200_below_hh,width_gammagamma_GeV,7.320368308743569e-07,7.320368308743548e-07,-2.892727e-15
point_aa571ce0807a6c9a,point_0b1665a0e0d91e23,R200_below_hh,width_Zgamma_GeV,1.140950790314459e-07,1.1409507903144631e-07,3.595962e-15
point_aa571ce0807a6c9a,point_0b1665a0e0d91e23,R200_below_hh,total_width_GeV,0.0014520186825797022,0.0014520186825797013,-5.973489e-16
point_aa571ce0807a6c9a,point_0b1665a0e0d91e23,R200_below_hh,BR_bb,0.6754545959762164,0.6754545959762167,4.931004e-16
point_aa571ce0807a6c9a,point_0b1665a0e0d91e23,R200_below_hh,BR_cc,0.030167179239160395,0.03016717923916043,1.150073e-15
point_aa571ce0807a6c9a,point_0b1665a0e0d91e23,R200_below_hh,BR_tautau,0.07131817490650708,0.0713181749065071,3.891796e-16
point_aa571ce0807a6c9a,point_0b1665a0e0d91e23,R200_below_hh,BR_gg,0.22197961754169096,0.22197961754169063,-1.500439e-15
point_aa571ce0807a6c9a,point_0b1665a0e0d91e23,R200_below_hh,BR_gammagamma,0.0005041511102142275,0.0005041511102142264,-2.150550e-15
point_aa571ce0807a6c9a,point_0b1665a0e0d91e23,R200_below_hh,BR_Zgamma,7.857686708874915e-05,7.857686708874948e-05,4.139395e-15
point_aa571ce0807a6c9a,point_0b1665a0e0d91e23,R200_below_hh,ctau_physical_mm,1.3589837566650498e-10,1.3589837566650506e-10,5.706336e-16
point_14e19df62ae80a71,point_a1ce0644c38ee022,R200_below_hh,campaign_id,high_mass_h2_physical_point_scan_v1,high_mass_h2_physical_point_scan_v2_mh12520,
point_14e19df62ae80a71,point_a1ce0644c38ee022,R200_below_hh,m_h_GeV,125.13,125.2,5.594182e-04
point_14e19df62ae80a71,point_a1ce0644c38ee022,R200_below_hh,lambda1,6.196456739252317,6.196745782133686,4.664648e-05
point_14e19df62ae80a71,point_a1ce0644c38ee022,R200_below_hh,lambda2,0.6294068190438343,0.6296958619252038,4.592306e-04
point_14e19df62ae80a71,point_a1ce0644c38ee022,R200_below_hh,lambda3,8.670701148644978,8.670990191526348,3.333558e-05
point_14e19df62ae80a71,point_a1ce0644c38ee022,R200_below_hh,g_hH2H2_GeV,794.6432649239996,794.714433226737,8.956007e-05
point_14e19df62ae80a71,point_a1ce0644c38ee022,R200_below_hh,width_cc_GeV,4.3803307855991426e-05,4.380330785599143e-05,1.546975e-16
point_14e19df62ae80a71,point_a1ce0644c38ee022,R200_below_hh,width_gg_GeV,0.00032231855182242986,0.0003223185518224288,-3.363760e-15
point_14e19df62ae80a71,point_a1ce0644c38ee022,R200_below_hh,width_gammagamma_GeV,6.025621087571196e-07,6.025621087571211e-07,2.460008e-15
point_14e19df62ae80a71,point_a1ce0644c38ee022,R200_below_hh,width_Zgamma_GeV,8.06503758760989e-08,8.065037587609837e-08,-6.564081e-15
point_14e19df62ae80a71,point_a1ce0644c38ee022,R200_below_hh,total_width_GeV,0.0014518557631544272,0.001451855763154426,-7.467699e-16
point_14e19df62ae80a71,point_a1ce0644c38ee022,R200_below_hh,BR_bb,0.6755303918488978,0.6755303918488983,6.573934e-16
point_14e19df62ae80a71,point_a1ce0644c38ee022,R200_below_hh,BR_cc,0.030170564437351943,0.03017056443735197,9.199555e-16
point_14e19df62ae80a71,point_a1ce0644c38ee022,R200_below_hh,BR_tautau,0.07132617784754455,0.07132617784754461,7.782718e-16
point_14e19df62ae80a71,point_a1ce0644c38ee022,R200_below_hh,BR_gg,0.22200452689744657,0.222004526897446,-2.625474e-15
point_14e19df62ae80a71,point_a1ce0644c38ee022,R200_below_hh,BR_gammagamma,0.00041502890579704773,0.00041502890579704903,3.134824e-15
point_14e19df62ae80a71,point_a1ce0644c38ee022,R200_below_hh,BR_Zgamma,5.5549854140380264e-05,5.554985414037994e-05,-5.855293e-15
point_14e19df62ae80a71,point_a1ce0644c38ee022,R200_below_hh,ctau_physical_mm,1.359136254494526e-10,1.3591362544945271e-10,7.607595e-16
point_932974b192f8ea0f,point_30094db870770c90,R200_below_hh,campaign_id,high_mass_h2_physical_point_scan_v1,high_mass_h2_physical_point_scan_v2_mh12520,
point_932974b192f8ea0f,point_30094db870770c90,R200_below_hh,m_h_GeV,125.13,125.2,5.594182e-04
point_932974b192f8ea0f,point_30094db870770c90,R200_below_hh,lambda1,4.876859721056232,4.877148763937601,5.926824e-05
point_932974b192f8ea0f,point_30094db870770c90,R200_below_hh,lambda2,0.546932005406579,0.5472210482879485,5.284805e-04
point_932974b192f8ea0f,point_30094db870770c90,R200_below_hh,lambda3,8.340801894095957,8.341090936977329,3.465409e-05
point_932974b192f8ea0f,point_30094db870770c90,R200_below_hh,g_hH2H2_GeV,632.1873005400421,632.2584688427796,1.125747e-04
point_932974b192f8ea0f,point_30094db870770c90,R200_below_hh,width_bb_GeV,0.0009807726925917905,0.0009807726925917914,8.843657e-16
point_932974b192f8ea0f,point_30094db870770c90,R200_below_hh,width_cc_GeV,4.3803307855991446e-05,4.380330785599145e-05,1.546975e-16
point_932974b192f8ea0f,point_30094db870770c90,R200_below_hh,width_tautau_GeV,0.00010355532237173515,0.00010355532237173526,1.046979e-15
point_932974b192f8ea0f,point_30094db870770c90,R200_below_hh,width_gg_GeV,0.0003223185518224316,0.00032231855182243035,-3.868324e-15
point_932974b192f8ea0f,point_30094db870770c90,R200_below_hh,width_gammagamma_GeV,6.327839412765485e-07,6.32783941276555e-07,1.020668e-14
point_932974b192f8ea0f,point_30094db870770c90,R200_below_hh,width_Zgamma_GeV,8.822431264844226e-08,8.822431264844274e-08,5.400507e-15
point_932974b192f8ea0f,point_30094db870770c90,R200_below_hh,total_width_GeV,0.0014518935589237203,0.00145189355892372,-2.987002e-16
point_932974b192f8ea0f,point_30094db870770c90,R200_below_hh,BR_bb,0.6755128064062983,0.6755128064062991,1.150468e-15
point_932974b192f8ea0f,point_30094db870770c90,R200_below_hh,BR_cc,0.030169779035635755,0.03016977903563577,4.599897e-16
point_932974b192f8ea0f,point_30094db870770c90,R200_below_hh,BR_tautau,0.07132432108074098,0.07132432108074108,1.362011e-15
point_932974b192f8ea0f,point_30094db870770c90,R200_below_hh,BR_gg,0.22199874766395708,0.22199874766395628,-3.625749e-15
point_932974b192f8ea0f,point_30094db870770c90,R200_below_hh,BR_gammagamma,0.0004358335618939086,0.0004358335618939132,1.044814e-14
point_932974b192f8ea0f,point_30094db870770c90,R200_below_hh,BR_Zgamma,6.0765000372232795e-05,6.076500037223314e-05,5.687311e-15
point_932974b192f8ea0f,point_30094db870770c90,R200_below_hh,ctau_physical_mm,1.359100873388248e-10,1.3591008733882484e-10,3.803896e-16
point_5d82efe033266a15,point_4cef70ff39716d26,R200_below_hh,campaign_id,high_mass_h2_physical_point_scan_v1,high_mass_h2_physical_point_scan_v2_mh12520,
point_5d82efe033266a15,point_4cef70ff39716d26,R200_below_hh,m_h_GeV,125.13,125.2,5.594182e-04
point_5d82efe033266a15,point_4cef70ff39716d26,R200_below_hh,lambda1,3.5572627028601467,3.5575517457415162,8.125430e-05
point_5d82efe033266a15,point_4cef70ff39716d26,R200_below_hh,lambda2,0.4644571917693236,0.464746234650693,6.223241e-04
point_5d82efe033266a15,point_4cef70ff39716d26,R200_below_hh,lambda3,8.010902639546936,8.011191682428306,3.608119e-05
point_5d82efe033266a15,point_4cef70ff39716d26,R200_below_hh,g_hH2H2_GeV,469.7313361560846,469.802504458822,1.515085e-04
point_5d82efe033266a15,point_4cef70ff39716d26,R200_below_hh,width_bb_GeV,0.0009807726925917908,0.0009807726925917912,4.421829e-16
point_5d82efe033266a15,point_4cef70ff39716d26,R200_below_hh,width_cc_GeV,4.380330785599143e-05,4.3803307855991446e-05,3.093951e-16
point_5d82efe033266a15,point_4cef70ff39716d26,R200_below_hh,width_tautau_GeV,0.00010355532237173519,0.0001035553223717352,1.308723e-16
point_5d82efe033266a15,point_4cef70ff39716d26,R200_below_hh,width_gg_GeV,0.0003223185518224288,0.00032231855182243067,5.886580e-15
point_5d82efe033266a15,point_4cef70ff39716d26,R200_below_hh,width_gammagamma_GeV,6.637453577498274e-07,6.63745357749829e-07,2.392765e-15
point_5d82efe033266a15,point_4cef70ff39716d26,R200_below_hh,width_Zgamma_GeV,9.613814843401901e-08,9.613814843402003e-08,1.060023e-14
point_5d82efe033266a15,point_4cef70ff39716d26,R200_below_hh,total_width_GeV,0.0014519324341759768,0.0014519324341759792,1.642807e-15
point_5d82efe033266a15,point_4cef70ff39716d26,R200_below_hh,BR_bb,0.6754947196619476,0.6754947196619469,-1.150499e-15
point_5d82efe033266a15,point_4cef70ff39716d26,R200_below_hh,BR_cc,0.030168971244761374,0.030168971244761335,-1.265006e-15
point_5d82efe033266a15,point_4cef70ff39716d26,R200_below_hh,BR_tautau,0.07132241138376835,0.07132241138376826,-1.362048e-15
point_5d82efe033266a15,point_4cef70ff39716d26,R200_below_hh,BR_gg,0.22199280368397858,0.22199280368397953,4.250992e-15
point_5d82efe033266a15,point_4cef70ff39716d26,R200_below_hh,BR_gammagamma,0.0004571461743855364,0.00045714617438553674,7.115025e-16
point_5d82efe033266a15,point_4cef70ff39716d26,R200_below_hh,BR_Zgamma,6.621392715741681e-05,6.621392715741741e-05,9.005827e-15
point_5d82efe033266a15,point_4cef70ff39716d26,R200_below_hh,ctau_physical_mm,1.359064483685772e-10,1.3590644836857696e-10,-1.711799e-15
point_bf4be5b1cc5cc1c4,point_d87b39619bee9951,R200_below_hh,campaign_id,high_mass_h2_physical_point_scan_v1,high_mass_h2_physical_point_scan_v2_mh12520,
point_bf4be5b1cc5cc1c4,point_d87b39619bee9951,R200_below_hh,m_h_GeV,125.13,125.2,5.594182e-04
point_bf4be5b1cc5cc1c4,point_d87b39619bee9951,R200_below_hh,lambda1,2.237665684664062,2.2379547275454312,1.291716e-04
point_bf4be5b1cc5cc1c4,point_d87b39619bee9951,R200_below_hh,lambda2,0.38198237813206826,0.38227142101343764,7.566917e-04
point_bf4be5b1cc5cc1c4,point_d87b39619bee9951,R200_below_hh,lambda3,7.681003384997916,7.681292427879286,3.763088e-05
point_bf4be5b1cc5cc1c4,point_d87b39619bee9951,R200_below_hh,g_hH2H2_GeV,307.2753717721266,307.34654007486415,2.316108e-04
point_695419803a8bb31a,point_8c4d3218316b8a1b,R200_below_hh,campaign_id,high_mass_h2_physical_point_scan_v1,high_mass_h2_physical_point_scan_v2_mh12520,
point_695419803a8bb31a,point_8c4d3218316b8a1b,R200_below_hh,m_h_GeV,125.13,125.2,5.594182e-04
point_695419803a8bb31a,point_8c4d3218316b8a1b,R200_below_hh,lambda1,0.9180686664679767,0.9183577093493461,3.148380e-04
point_695419803a8bb31a,point_8c4d3218316b8a1b,R200_below_hh,lambda2,0.2995075644948128,0.2997966073761822,9.650604e-04
point_695419803a8bb31a,point_8c4d3218316b8a1b,R200_below_hh,lambda3,7.351104130448895,7.351393173330264,3.931966e-05
point_695419803a8bb31a,point_8c4d3218316b8a1b,R200_below_hh,g_hH2H2_GeV,144.819407388169,144.8905756909063,4.914279e-04
point_695419803a8bb31a,point_8c4d3218316b8a1b,R200_below_hh,width_bb_GeV,0.0009807726925917905,0.0009807726925917908,2.210914e-16
point_695419803a8bb31a,point_8c4d3218316b8a1b,R200_below_hh,width_tautau_GeV,0.00010355532237173516,0.00010355532237173519,2.617447e-16
point_695419803a8bb31a,point_8c4d3218316b8a1b,R200_below_hh,width_gg_GeV,0.00032231855182242845,0.00032231855182242986,4.372888e-15
point_695419803a8bb31a,point_8c4d3218316b8a1b,R200_below_hh,width_gammagamma_GeV,7.27886942557871e-07,7.27886942557873e-07,2.618297e-15
point_695419803a8bb31a,point_8c4d3218316b8a1b,R200_below_hh,width_Zgamma_GeV,1.1298551704487635e-07,1.1298551704487685e-07,4.451241e-15
point_695419803a8bb31a,point_8c4d3218316b8a1b,R200_below_hh,total_width_GeV,0.0014520134231293953,0.0014520134231293968,1.045364e-15
point_695419803a8bb31a,point_8c4d3218316b8a1b,R200_below_hh,BR_bb,0.6754570425926356,0.6754570425926351,-8.218310e-16
point_695419803a8bb31a,point_8c4d3218316b8a1b,R200_below_hh,BR_cc,0.030167288510037363,0.030167288510037332,-1.035062e-15
point_695419803a8bb31a,point_8c4d3218316b8a1b,R200_below_hh,BR_tautau,0.07131843323359338,0.07131843323359333,-7.783563e-16
point_695419803a8bb31a,point_8c4d3218316b8a1b,R200_below_hh,BR_gg,0.22198042159125772,0.22198042159125847,3.375976e-15
point_695419803a8bb31a,point_8c4d3218316b8a1b,R200_below_hh,BR_gammagamma,0.0005012949129555022,0.0005012949129555031,1.730242e-15
point_695419803a8bb31a,point_8c4d3218316b8a1b,R200_below_hh,BR_Zgamma,7.781299762461473e-05,7.7812997624615e-05,3.483358e-15
point_695419803a8bb31a,point_8c4d3218316b8a1b,R200_below_hh,ctau_physical_mm,1.3589886791453948e-10,1.3589886791453933e-10,-1.141263e-15
point_48a2f96122b40920,point_e7617a8c89da7f3d,R200_below_hh,campaign_id,high_mass_h2_physical_point_scan_v1,high_mass_h2_physical_point_scan_v2_mh12520,
point_48a2f96122b40920,point_e7617a8c89da7f3d,R200_below_hh,m_h_GeV,125.13,125.2,5.594182e-04
point_48a2f96122b40920,point_e7617a8c89da7f3d,R200_below_hh,lambda1,6.4964567395523165,6.496745782433686,4.449239e-05
point_48a2f96122b40920,point_e7617a8c89da7f3d,R200_below_hh,lambda2,0.6231568190375844,0.6234458619189538,4.638365e-04
point_48a2f96122b40920,point_e7617a8c89da7f3d,R200_below_hh,lambda3,8.69570114866998,8.69599019155135,3.323974e-05
point_48a2f96122b40920,point_e7617a8c89da7f3d,R200_below_hh,g_hH2H2_GeV,794.6432649239996,794.714433226737,8.956007e-05
point_48a2f96122b40920,point_e7617a8c89da7f3d,R200_below_hh,width_bb_GeV,0.0009807726925917912,0.0009807726925917908,-4.421829e-16
point_48a2f96122b40920,point_e7617a8c89da7f3d,R200_below_hh,width_cc_GeV,4.3803307855991446e-05,4.380330785599143e-05,-3.093951e-16
point_48a2f96122b40920,point_e7617a8c89da7f3d,R200_below_hh,width_tautau_GeV,0.0001035553223717352,0.00010355532237173519,-1.308723e-16
point_48a2f96122b40920,point_e7617a8c89da7f3d,R200_below_hh,width_gg_GeV,0.00032231855182243067,0.0003223185518224288,-5.886580e-15
point_48a2f96122b40920,point_e7617a8c89da7f3d,R200_below_hh,width_gammagamma_GeV,5.987976595860837e-07,5.987976595860807e-07,-4.950947e-15
point_48a2f96122b40920,point_e7617a8c89da7f3d,R200_below_hh,width_Zgamma_GeV,7.971795454503222e-08,7.971795454503028e-08,-2.440515e-14
point_48a2f96122b40920,point_e7617a8c89da7f3d,R200_below_hh,total_width_GeV,0.0014518510662839264,0.001451851066283924,-1.642899e-15
point_48a2f96122b40920,point_e7617a8c89da7f3d,R200_below_hh,BR_bb,0.6755325772512741,0.6755325772512749,1.150435e-15
point_48a2f96122b40920,point_e7617a8c89da7f3d,R200_below_hh,BR_cc,0.030170662041877235,0.030170662041877273,1.264935e-15
point_48a2f96122b40920,point_e7617a8c89da7f3d,R200_below_hh,BR_tautau,0.07132640859422956,0.07132640859422967,1.556539e-15
point_48a2f96122b40920,point_e7617a8c89da7f3d,R200_below_hh,BR_gg,0.22200524510232203,0.22200524510232109,-4.250753e-15
point_48a2f96122b40920,point_e7617a8c89da7f3d,R200_below_hh,BR_gammagamma,0.00041243738665201475,0.0004124373866520134,-3.285960e-15
point_48a2f96122b40920,point_e7617a8c89da7f3d,R200_below_hh,BR_Zgamma,5.490780452369241e-05,5.490780452369116e-05,-2.283116e-14
point_48a2f96122b40920,point_e7617a8c89da7f3d,R200_below_hh,ctau_physical_mm,1.3591406514241622e-10,1.3591406514241642e-10,1.521514e-15
point_14bf56014ce89db6,point_66a640a891f877a3,R200_below_hh,campaign_id,high_mass_h2_physical_point_scan_v1,high_mass_h2_physical_point_scan_v2_mh12520,
point_14bf56014ce89db6,point_66a640a891f877a3,R200_below_hh,m_h_GeV,125.13,125.2,5.594182e-04
point_14bf56014ce89db6,point_66a640a891f877a3,R200_below_hh,lambda1,5.176859721356232,5.177148764237601,5.583363e-05
point_14bf56014ce89db6,point_66a640a891f877a3,R200_below_hh,lambda2,0.5406820054003291,0.5409710482816985,5.345894e-04
point_14bf56014ce89db6,point_66a640a891f877a3,R200_below_hh,lambda3,8.365801894120958,8.36609093700233,3.455053e-05
point_14bf56014ce89db6,point_66a640a891f877a3,R200_below_hh,g_hH2H2_GeV,632.1873005400421,632.2584688427796,1.125747e-04
point_14bf56014ce89db6,point_66a640a891f877a3,R200_below_hh,width_bb_GeV,0.0009807726925917905,0.0009807726925917914,8.843657e-16
point_14bf56014ce89db6,point_66a640a891f877a3,R200_below_hh,width_cc_GeV,4.3803307855991446e-05,4.380330785599146e-05,3.093951e-16
point_14bf56014ce89db6,point_66a640a891f877a3,R200_below_hh,width_tautau_GeV,0.00010355532237173515,0.00010355532237173526,1.046979e-15
point_14bf56014ce89db6,point_66a640a891f877a3,R200_below_hh,width_gg_GeV,0.0003223185518224316,0.0003223185518224327,3.363760e-15
point_14bf56014ce89db6,point_66a640a891f877a3,R200_below_hh,width_gammagamma_GeV,6.289260817758951e-07,6.289260817759024e-07,1.161609e-14
point_14bf56014ce89db6,point_66a640a891f877a3,R200_below_hh,width_Zgamma_GeV,8.724896166929756e-08,8.724896166929824e-08,7.887937e-15
point_14bf56014ce89db6,point_66a640a891f877a3,R200_below_hh,total_width_GeV,0.0014518887257132407,0.001451888725713243,1.493506e-15
point_14bf56014ce89db6,point_66a640a891f877a3,R200_below_hh,width_unaccounted_GeV,7.226760278468587e-07,7.226760278470756e-07,3.000521e-13
point_14bf56014ce89db6,point_66a640a891f877a3,R200_below_hh,BR_bb,0.6755150551293011,0.6755150551293007,-6.574083e-16
point_14bf56014ce89db6,point_66a640a891f877a3,R200_below_hh,BR_cc,0.030169879468189314,0.030169879468189276,-1.264967e-15
point_14bf56014ce89db6,point_66a640a891f877a3,R200_below_hh,BR_tautau,0.07132455851316262,0.07132455851316259,-3.891447e-16
point_14bf56014ce89db6,point_66a640a891f877a3,R200_below_hh,BR_gg,0.2219994866783558,0.22199948667835623,1.875381e-15
point_14bf56014ce89db6,point_66a640a891f877a3,R200_below_hh,BR_gammagamma,0.00043317788108516027,0.00043317788108516466,1.013676e-14
point_14bf56014ce89db6,point_66a640a891f877a3,R200_below_hh,BR_Zgamma,6.009342184707474e-05,6.0093421847075116e-05,6.314681e-15
point_14bf56014ce89db6,point_66a640a891f877a3,R200_below_hh,ctau_physical_mm,1.3591053977160892e-10,1.359105397716087e-10,-1.521553e-15
point_9a5220d931302724,point_317cb713830ede51,R200_below_hh,campaign_id,high_mass_h2_physical_point_scan_v1,high_mass_h2_physical_point_scan_v2_mh12520,
point_9a5220d931302724,point_317cb713830ede51,R200_below_hh,m_h_GeV,125.13,125.2,5.594182e-04
point_9a5220d931302724,point_317cb713830ede51,R200_below_hh,lambda1,3.8572627031601465,3.857551746041516,7.493472e-05
point_9a5220d931302724,point_317cb713830ede51,R200_below_hh,lambda2,0.45820719176307356,0.458496234644443,6.308126e-04
point_9a5220d931302724,point_317cb713830ede51,R200_below_hh,lambda3,8.035902639571937,8.036191682453307,3.596894e-05
point_9a5220d931302724,point_317cb713830ede51,R200_below_hh,g_hH2H2_GeV,469.73133615608424,469.802504458822,1.515085e-04
point_9a5220d931302724,point_317cb713830ede51,R200_below_hh,width_bb_GeV,0.0009807726925917912,0.0009807726925917908,-4.421829e-16
point_9a5220d931302724,point_317cb713830ede51,R200_below_hh,width_cc_GeV,4.3803307855991446e-05,4.380330785599143e-05,-3.093951e-16
point_9a5220d931302724,point_317cb713830ede51,R200_below_hh,width_tautau_GeV,0.0001035553223717352,0.00010355532237173519,-1.308723e-16
point_9a5220d931302724,point_317cb713830ede51,R200_below_hh,width_gg_GeV,0.00032231855182243067,0.0003223185518224288,-5.886580e-15
point_9a5220d931302724,point_317cb713830ede51,R200_below_hh,width_gammagamma_GeV,6.597940879195616e-07,6.597940879195571e-07,-6.739865e-15
point_9a5220d931302724,point_317cb713830ede51,R200_below_hh,width_Zgamma_GeV,9.511986780679858e-08,9.511986780679572e-08,-3.005404e-14
point_9a5220d931302724,point_317cb713830ede51,R200_below_hh,total_width_GeV,0.0014519274646255216,0.0014519274646255193,-1.642813e-15
point_9a5220d931302724,point_317cb713830ede51,R200_below_hh,BR_bb,0.6754970316955539,0.6754970316955548,1.314852e-15
point_9a5220d931302724,point_317cb713830ede51,R200_below_hh,BR_cc,0.03016907450489554,0.03016907450489558,1.380001e-15
point_9a5220d931302724,point_317cb713830ede51,R200_below_hh,BR_tautau,0.07132265550086829,0.07132265550086839,1.362043e-15
point_9a5220d931302724,point_317cb713830ede51,R200_below_hh,BR_gg,0.2219935635046083,0.22199356350460736,-4.250977e-15
point_9a5220d931302724,point_317cb713830ede51,R200_below_hh,BR_gammagamma,0.0004544263429094472,0.0004544263429094449,-5.129620e-15
point_9a5220d931302724,point_317cb713830ede51,R200_below_hh,BR_Zgamma,6.551282355646583e-05,6.551282355646397e-05,-2.834096e-14
point_9a5220d931302724,point_317cb713830ede51,R200_below_hh,ctau_physical_mm,1.3590691353916513e-10,1.3590691353916534e-10,1.521594e-15
point_4a8e096d636be847,point_b9e7b16f0f723180,R200_below_hh,campaign_id,high_mass_h2_physical_point_scan_v1,high_mass_h2_physical_point_scan_v2_mh12520,
point_4a8e096d636be847,point_b9e7b16f0f723180,R200_below_hh,m_h_GeV,125.13,125.2,5.594182e-04
point_4a8e096d636be847,point_b9e7b16f0f723180,R200_below_hh,lambda1,2.537665684964062,2.537954727845431,1.139011e-04
point_4a8e096d636be847,point_b9e7b16f0f723180,R200_below_hh,lambda2,0.3757323781258183,0.3760214210071876,7.692786e-04
point_4a8e096d636be847,point_b9e7b16f0f723180,R200_below_hh,lambda3,7.706003385022916,7.706292427904286,3.750879e-05
point_4a8e096d636be847,point_b9e7b16f0f723180,R200_below_hh,g_hH2H2_GeV,307.27537177212673,307.34654007486415,2.316108e-04
point_4a8e096d636be847,point_b9e7b16f0f723180,R200_below_hh,width_cc_GeV,4.3803307855991426e-05,4.380330785599143e-05,1.546975e-16
point_4a8e096d636be847,point_b9e7b16f0f723180,R200_below_hh,width_gg_GeV,0.00032231855182242986,0.0003223185518224288,-3.363760e-15
point_4a8e096d636be847,point_b9e7b16f0f723180,R200_below_hh,width_gammagamma_GeV,6.914016780170485e-07,6.914016780170482e-07,-3.062738e-16
point_4a8e096d636be847,point_b9e7b16f0f723180,R200_below_hh,width_Zgamma_GeV,1.0333067295753061e-07,1.0333067295752996e-07,-6.276061e-15
point_4a8e096d636be847,point_b9e7b16f0f723180,R200_below_hh,total_width_GeV,0.0014519672830207685,0.0014519672830207674,-7.467125e-16
point_4a8e096d636be847,point_b9e7b16f0f723180,R200_below_hh,BR_bb,0.6754785070303558,0.6754785070303563,6.574439e-16
point_4a8e096d636be847,point_b9e7b16f0f723180,R200_below_hh,BR_cc,0.030168247155583378,0.030168247155583406,9.200261e-16
point_4a8e096d636be847,point_b9e7b16f0f723180,R200_below_hh,BR_tautau,0.0713206995658276,0.07132069956582765,7.783316e-16
point_4a8e096d636be847,point_b9e7b16f0f723180,R200_below_hh,BR_gg,0.22198747560747864,0.22198747560747806,-2.625676e-15
point_4a8e096d636be847,point_b9e7b16f0f723180,R200_below_hh,BR_gammagamma,0.0004761826840744034,0.0004761826840744036,3.415293e-16
point_4a8e096d636be847,point_b9e7b16f0f723180,R200_below_hh,BR_Zgamma,7.116597885219194e-05,7.116597885219155e-05,-5.522629e-15
point_4a8e096d636be847,point_b9e7b16f0f723180,R200_below_hh,ctau_physical_mm,1.3590318646124584e-10,1.3590318646124595e-10,7.608179e-16
point_6840d8636e444415,point_0bfcca873e533202,R200_below_hh,campaign_id,high_mass_h2_physical_point_scan_v1,high_mass_h2_physical_point_scan_v2_mh12520,
point_6840d8636e444415,point_0bfcca873e533202,R200_below_hh,m_h_GeV,125.13,125.2,5.594182e-04
point_6840d8636e444415,point_0bfcca873e533202,R200_below_hh,lambda1,1.2180686667679768,1.218357709649346,2.372960e-04
point_6840d8636e444415,point_0bfcca873e533202,R200_below_hh,lambda2,0.29325756448856277,0.2935466073699322,9.856280e-04
point_6840d8636e444415,point_0bfcca873e533202,R200_below_hh,lambda3,7.376104130473895,7.376393173355264,3.918639e-05
point_6840d8636e444415,point_0bfcca873e533202,R200_below_hh,g_hH2H2_GeV,144.819407388169,144.89057569090642,4.914279e-04
point_6840d8636e444415,point_0bfcca873e533202,R200_below_hh,width_bb_GeV,0.0009807726925917905,0.0009807726925917908,2.210914e-16
point_6840d8636e444415,point_0bfcca873e533202,R200_below_hh,width_cc_GeV,4.3803307855991446e-05,4.3803307855991426e-05,-4.640926e-16
point_6840d8636e444415,point_0bfcca873e533202,R200_below_hh,width_tautau_GeV,0.00010355532237173515,0.00010355532237173519,3.926170e-16
point_6840d8636e444415,point_0bfcca873e533202,R200_below_hh,width_gg_GeV,0.0003223185518224316,0.00032231855182242986,-5.382016e-15
point_6840d8636e444415,point_0bfcca873e533202,R200_below_hh,width_gammagamma_GeV,7.237488520683663e-07,7.237488520683733e-07,9.655313e-15
point_6840d8636e444415,point_0bfcca873e533202,R200_below_hh,width_Zgamma_GeV,1.1188137712149995e-07,1.1188137712149871e-07,-1.111963e-14
point_6840d8636e444415,point_0bfcca873e533202,R200_below_hh,total_width_GeV,0.0014520081808989855,0.001452008180898984,-1.045368e-15
point_6840d8636e444415,point_0bfcca873e533202,R200_below_hh,BR_bb,0.6754594812162575,0.6754594812162583,1.150559e-15
point_6840d8636e444415,point_0bfcca873e533202,R200_below_hh,BR_cc,0.030167397423939715,0.030167397423939733,5.750325e-16
point_6840d8636e444415,point_0bfcca873e533202,R200_below_hh,BR_tautau,0.07131869071675662,0.07131869071675673,1.556707e-15
point_6840d8636e444415,point_0bfcca873e533202,R200_below_hh,BR_gg,0.2219812230140974,0.22198122301409645,-4.251213e-15
point_6840d8636e444415,point_0bfcca873e533202,R200_below_hh,BR_gammagamma,0.0004984468142736426,0.0004984468142736479,1.065829e-14
point_6840d8636e444415,point_0bfcca873e533202,R200_below_hh,BR_Zgamma,7.705285589522681e-05,7.705285589522604e-05,-1.002551e-14
point_6840d8636e444415,point_0bfcca873e533202,R200_below_hh,ctau_physical_mm,1.358993585544597e-10,1.3589935855445983e-10,9.510492e-16
point_585812c2603b681b,point_6ea00c6170d52fa2,R200_below_hh,campaign_id,high_mass_h2_physical_point_scan_v1,high_mass_h2_physical_point_scan_v2_mh12520,
point_585812c2603b681b,point_6ea00c6170d52fa2,R200_below_hh,m_h_GeV,125.13,125.2,5.594182e-04
point_585812c2603b681b,point_6ea00c6170d52fa2,R200_below_hh,lambda1,3.6320108395327093,3.6322998824140758,7.958205e-05
point_585812c2603b681b,point_6ea00c6170d52fa2,R200_below_hh,lambda2,0.26526814276091565,0.26555718564228514,1.089625e-03
point_585812c2603b681b,point_6ea00c6170d52fa2,R200_below_hh,lambda3,7.341104130473895,7.341393173355264,3.937322e-05
point_585812c2603b681b,point_6ea00c6170d52fa2,R200_below_hh,g_hH2H2_GeV,144.81940738816968,144.89057569090687,4.914279e-04
point_585812c2603b681b,point_6ea00c6170d52fa2,R200_below_hh,width_cc_GeV,7.008529256958624e-06,7.0085292569586254e-06,2.417149e-16
point_585812c2603b681b,point_6ea00c6170d52fa2,R200_below_hh,width_tautau_GeV,1.6568851579477634e-05,1.656885157947763e-05,-2.044880e-16
point_585812c2603b681b,point_6ea00c6170d52fa2,R200_below_hh,width_gg_GeV,5.157096829158877e-05,5.157096829158916e-05,7.489621e-15
point_585812c2603b681b,point_6ea00c6170d52fa2,R200_below_hh,width_gammagamma_GeV,1.0008729101685936e-07,1.0008729101685955e-07,1.983502e-15
point_585812c2603b681b,point_6ea00c6170d52fa2,R200_below_hh,width_Zgamma_GeV,1.3823409287230526e-08,1.3823409287230676e-08,1.089072e-14
point_585812c2603b681b,point_6ea00c6170d52fa2,R200_below_hh,total_width_GeV,0.0002323015188074711,0.00023230151880747148,1.633527e-15
point_585812c2603b681b,point_6ea00c6170d52fa2,R200_below_hh,BR_bb,0.6755170246852455,0.6755170246852444,-1.643516e-15
point_585812c2603b681b,point_6ea00c6170d52fa2,R200_below_hh,BR_cc,0.030169967432572897,0.030169967432572855,-1.379961e-15
point_585812c2603b681b,point_6ea00c6170d52fa2,R200_below_hh,BR_tautau,0.07132476646960588,0.07132476646960574,-1.945718e-15
point_585812c2603b681b,point_6ea00c6170d52fa2,R200_below_hh,BR_gg,0.2220001339480273,0.22200013394802862,5.876177e-15
point_585812c2603b681b,point_6ea00c6170d52fa2,R200_below_hh,BR_gammagamma,0.00043085078190905235,0.0004308507819090525,3.774632e-16
point_585812c2603b681b,point_6ea00c6170d52fa2,R200_below_hh,BR_Zgamma,5.950632332579458e-05,5.950632332579513e-05,9.223849e-15
point_585812c2603b681b,point_6ea00c6170d52fa2,R200_below_hh,ctau_physical_mm,8.494433502328601e-10,8.494433502328586e-10,-1.704135e-15
point_a6521769689e1687,point_74802b55ec404266,R200_below_hh,campaign_id,high_mass_h2_physical_point_scan_v1,high_mass_h2_physical_point_scan_v2_mh12520,
point_a6521769689e1687,point_74802b55ec404266,R200_below_hh,m_h_GeV,125.13,125.2,5.594182e-04
point_a6521769689e1687,point_74802b55ec404266,R200_below_hh,lambda1,4.382010839532709,4.382299882414076,6.596124e-05
point_a6521769689e1687,point_74802b55ec404266,R200_below_hh,lambda2,0.26486814276091564,0.26515718564228513,1.091271e-03
point_a6521769689e1687,point_74802b55ec404266,R200_below_hh,lambda3,7.351104130473895,7.351393173355264,3.931966e-05
point_a6521769689e1687,point_74802b55ec404266,R200_below_hh,g_hH2H2_GeV,144.81940738816934,144.89057569090687,4.914279e-04
point_a6521769689e1687,point_74802b55ec404266,R200_below_hh,width_bb_GeV,0.00015692363081468638,0.00015692363081468643,3.454554e-16
point_a6521769689e1687,point_74802b55ec404266,R200_below_hh,width_cc_GeV,7.008529256958623e-06,7.008529256958622e-06,-1.208574e-16
point_a6521769689e1687,point_74802b55ec404266,R200_below_hh,width_tautau_GeV,1.6568851579477614e-05,1.6568851579477627e-05,8.179521e-16
point_a6521769689e1687,point_74802b55ec404266,R200_below_hh,width_gg_GeV,5.157096829158899e-05,5.157096829158881e-05,-3.416318e-15
point_a6521769689e1687,point_74802b55ec404266,R200_below_hh,width_gammagamma_GeV,9.881289232300535e-08,9.881289232300713e-08,1.794781e-14
point_a6521769689e1687,point_74802b55ec404266,R200_below_hh,width_Zgamma_GeV,1.3503177101545526e-08,1.3503177101545817e-08,2.156289e-14
point_a6521769689e1687,point_74802b55ec404266,R200_below_hh,total_width_GeV,0.00023229992417659167,0.00023229992417659153,-5.834064e-16
point_a6521769689e1687,point_74802b55ec404266,R200_below_hh,BR_bb,0.6755216617952698,0.6755216617952704,8.217523e-16
point_a6521769689e1687,point_74802b55ec404266,R200_below_hh,BR_cc,0.03017017453535982,0.030170174535359834,4.599837e-16
point_a6521769689e1687,point_74802b55ec404266,R200_below_hh,BR_tautau,0.07132525608093684,0.07132525608093696,1.556564e-15
point_a6521769689e1687,point_74802b55ec404266,R200_below_hh,BR_gg,0.22200165787564075,0.2220016578756401,-2.875556e-15
point_a6521769689e1687,point_74802b55ec404266,R200_below_hh,BR_gammagamma,0.0004253677338606833,0.0004253677338606912,1.860667e-14
point_a6521769689e1687,point_74802b55ec404266,R200_below_hh,BR_Zgamma,5.812820279390436e-05,5.812820279390565e-05,2.214915e-14
point_a6521769689e1687,point_74802b55ec404266,R200_below_hh,ctau_physical_mm,8.494491812661736e-10,8.494491812661741e-10,6.086154e-16
point_913957b75cb79313,point_ce811b9af2ecf742,R200_below_hh,campaign_id,high_mass_h2_physical_point_scan_v1,high_mass_h2_physical_point_scan_v2_mh12520,
point_913957b75cb79313,point_ce811b9af2ecf742,R200_below_hh,m_h_GeV,125.13,125.2,5.594182e-04
point_913957b75cb79313,point_ce811b9af2ecf742,R200_below_hh,lambda1,4.382010838782709,4.382299881664076,6.596124e-05
point_913957b75cb79313,point_ce811b9af2ecf742,R200_below_hh,lambda2,0.26486814276131565,0.26515718564268514,1.091271e-03
point_913957b75cb79313,point_ce811b9af2ecf742,R200_below_hh,lambda3,7.351104130463895,7.351393173345264,3.931966e-05
point_913957b75cb79313,point_ce811b9af2ecf742,R200_below_hh,g_hH2H2_GeV,144.81940738816968,144.89057569090687,4.914279e-04
point_913957b75cb79313,point_ce811b9af2ecf742,R200_below_hh,width_bb_GeV,0.00015692363081468638,0.00015692363081468643,3.454554e-16
point_913957b75cb79313,point_ce811b9af2ecf742,R200_below_hh,width_cc_GeV,7.008529256958623e-06,7.008529256958622e-06,-1.208574e-16
point_913957b75cb79313,point_ce811b9af2ecf742,R200_below_hh,width_tautau_GeV,1.6568851579477614e-05,1.6568851579477627e-05,8.179521e-16
point_913957b75cb79313,point_ce811b9af2ecf742,R200_below_hh,width_gg_GeV,5.157096829158899e-05,5.157096829158881e-05,-3.416318e-15
point_913957b75cb79313,point_ce811b9af2ecf742,R200_below_hh,width_gammagamma_GeV,9.881289232427566e-08,9.881289232427745e-08,1.808175e-14
point_913957b75cb79313,point_ce811b9af2ecf742,R200_below_hh,width_Zgamma_GeV,1.3503177101863883e-08,1.3503177101864171e-08,2.131786e-14
point_913957b75cb79313,point_ce811b9af2ecf742,R200_below_hh,total_width_GeV,0.00023229992417659326,0.00023229992417659313,-5.834064e-16
point_913957b75cb79313,point_ce811b9af2ecf742,R200_below_hh,BR_bb,0.6755216617952652,0.6755216617952657,8.217523e-16
point_913957b75cb79313,point_ce811b9af2ecf742,R200_below_hh,BR_cc,0.030170174535359612,0.030170174535359626,4.599837e-16
point_913957b75cb79313,point_ce811b9af2ecf742,R200_below_hh,BR_tautau,0.07132525608093636,0.07132525608093646,1.361993e-15
point_913957b75cb79313,point_ce811b9af2ecf742,R200_below_hh,BR_gg,0.22200165787563922,0.22200165787563858,-2.875556e-15
point_913957b75cb79313,point_ce811b9af2ecf742,R200_below_hh,BR_gammagamma,0.0004253677338661488,0.0004253677338661567,1.860667e-14
point_913957b75cb79313,point_ce811b9af2ecf742,R200_below_hh,BR_Zgamma,5.812820279527441e-05,5.8128202795275686e-05,2.191600e-14
point_913957b75cb79313,point_ce811b9af2ecf742,R200_below_hh,ctau_physical_mm,8.494491812661678e-10,8.494491812661683e-10,6.086154e-16
point_b7a58abba3ff1ca8,point_bd9ab3160dcf6d3f,R200_below_hh,campaign_id,high_mass_h2_physical_point_scan_v1,high_mass_h2_physical_point_scan_v2_mh12520,
point_b7a58abba3ff1ca8,point_bd9ab3160dcf6d3f,R200_below_hh,m_h_GeV,125.13,125.2,5.594182e-04
point_b7a58abba3ff1ca8,point_bd9ab3160dcf6d3f,R200_below_hh,lambda1,6.265786580368832,6.266025715698511,3.816525e-05
point_b7a58abba3ff1ca8,point_bd9ab3160dcf6d3f,R200_below_hh,lambda2,0.6120743588334551,0.6123758786027474,4.926195e-04
point_b7a58abba3ff1ca8,point_bd9ab3160dcf6d3f,R200_below_hh,lambda3,8.699208136396502,8.699476658331237,3.086740e-05
point_b7a58abba3ff1ca8,point_bd9ab3160dcf6d3f,R200_below_hh,g_hH2H2_GeV,723.0856067211333,723.1516562290897,9.134397e-05
point_b7a58abba3ff1ca8,point_bd9ab3160dcf6d3f,R200_below_hh,width_bb_GeV,0.0008114277025986006,0.0008114277025986009,4.008498e-16
point_b7a58abba3ff1ca8,point_bd9ab3160dcf6d3f,R200_below_hh,width_cc_GeV,3.624001537591734e-05,3.624001537591736e-05,5.609487e-16
point_b7a58abba3ff1ca8,point_bd9ab3160dcf6d3f,R200_below_hh,width_tautau_GeV,8.567495604093847e-05,8.567495604093853e-05,7.909270e-16
point_b7a58abba3ff1ca8,point_bd9ab3160dcf6d3f,R200_below_hh,width_WW_GeV,0.002014215901644935,0.0020142159016449416,3.229650e-15
point_b7a58abba3ff1ca8,point_bd9ab3160dcf6d3f,R200_below_hh,width_ZZ_GeV,0.0006992273250549631,0.0006992273250549665,4.961830e-15
point_b7a58abba3ff1ca8,point_bd9ab3160dcf6d3f,R200_below_hh,width_gg_GeV,0.0002666654608001378,0.0002666654608001383,1.829599e-15
point_b7a58abba3ff1ca8,point_bd9ab3160dcf6d3f,R200_below_hh,width_gammagamma_GeV,1.1973817527246886e-06,1.1973817527246929e-06,3.537021e-15
point_b7a58abba3ff1ca8,point_bd9ab3160dcf6d3f,R200_below_hh,width_Zgamma_GeV,8.646372055353503e-07,8.646372055353573e-07,8.204483e-15
point_b7a58abba3ff1ca8,point_bd9ab3160dcf6d3f,R200_below_hh,total_width_GeV,0.003916111275738811,0.003916111275738821,2.657826e-15
point_b7a58abba3ff1ca8,point_bd9ab3160dcf6d3f,R200_below_hh,BR_bb,0.20720241215452112,0.20720241215452065,-2.277217e-15
point_b7a58abba3ff1ca8,point_bd9ab3160dcf6d3f,R200_below_hh,BR_cc,0.009254082130002887,0.009254082130002868,-2.062004e-15
point_b7a58abba3ff1ca8,point_bd9ab3160dcf6d3f,R200_below_hh,BR_tautau,0.021877559141823693,0.02187755914182365,-1.903017e-15
point_b7a58abba3ff1ca8,point_bd9ab3160dcf6d3f,R200_below_hh,BR_WW,0.5143408243078932,0.5143408243078934,4.317071e-16
point_b7a58abba3ff1ca8,point_bd9ab3160dcf6d3f,R200_below_hh,BR_ZZ,0.17855144448699234,0.17855144448699276,2.331729e-15
point_b7a58abba3ff1ca8,point_bd9ab3160dcf6d3f,R200_below_hh,BR_gg,0.0680944544278377,0.06809445442783764,-8.152081e-16
point_b7a58abba3ff1ca8,point_bd9ab3160dcf6d3f,R200_below_hh,BR_gammagamma,0.00030575784711296065,0.0003057578471129609,8.864876e-16
point_b7a58abba3ff1ca8,point_bd9ab3160dcf6d3f,R200_below_hh,BR_Zgamma,0.0002207897438696321,0.0002207897438696333,5.524385e-15
point_b7a58abba3ff1ca8,point_bd9ab3160dcf6d3f,R200_below_hh,ctau_physical_mm,5.038850188514432e-11,5.038850188514418e-11,-2.693260e-15
point_ce3fd36f82f0b44e,point_c7f882ff95500a6d,R200_below_hh,campaign_id,high_mass_h2_physical_point_scan_v1,high_mass_h2_physical_point_scan_v2_mh12520,
point_ce3fd36f82f0b44e,point_c7f882ff95500a6d,R200_below_hh,m_h_GeV,125.13,125.2,5.594182e-04
point_ce3fd36f82f0b44e,point_c7f882ff95500a6d,R200_below_hh,lambda1,4.946189562172749,4.946428697502427,4.834738e-05
point_ce3fd36f82f0b44e,point_c7f882ff95500a6d,R200_below_hh,lambda2,0.5295995451961998,0.529901064965492,5.693354e-04
point_ce3fd36f82f0b44e,point_c7f882ff95500a6d,R200_below_hh,lambda3,8.36930888184748,8.369577403782216,3.208412e-05
point_ce3fd36f82f0b44e,point_c7f882ff95500a6d,R200_below_hh,g_hH2H2_GeV,578.0754322286253,578.141481736582,1.142576e-04
point_ce3fd36f82f0b44e,point_c7f882ff95500a6d,R200_below_hh,width_bb_GeV,0.000811427702598601,0.0008114277025986009,-1.336166e-16
point_ce3fd36f82f0b44e,point_c7f882ff95500a6d,R200_below_hh,width_tautau_GeV,8.56749560409385e-05,8.567495604093853e-05,4.745562e-16
point_ce3fd36f82f0b44e,point_c7f882ff95500a6d,R200_below_hh,width_WW_GeV,0.0020142159016449395,0.0020142159016449416,1.076550e-15
point_ce3fd36f82f0b44e,point_c7f882ff95500a6d,R200_below_hh,width_ZZ_GeV,0.0006992273250549647,0.0006992273250549665,2.635972e-15
point_ce3fd36f82f0b44e,point_c7f882ff95500a6d,R200_below_hh,width_gg_GeV,0.0002666654608001399,0.0002666654608001383,-5.895376e-15
point_ce3fd36f82f0b44e,point_c7f882ff95500a6d,R200_below_hh,width_gammagamma_GeV,1.241200371181916e-06,1.241200371181923e-06,5.630051e-15
point_ce3fd36f82f0b44e,point_c7f882ff95500a6d,R200_below_hh,width_Zgamma_GeV,8.868434429152169e-07,8.868434429152173e-07,3.581662e-16
point_ce3fd36f82f0b44e,point_c7f882ff95500a6d,R200_below_hh,total_width_GeV,0.003916177300594656,0.003916177300594658,6.644452e-16
point_ce3fd36f82f0b44e,point_c7f882ff95500a6d,R200_below_hh,BR_bb,0.20719891882203315,0.20719891882203298,-8.037371e-16
point_ce3fd36f82f0b44e,point_c7f882ff95500a6d,R200_below_hh,BR_cc,0.009253926110652462,0.009253926110652457,-5.623743e-16
point_ce3fd36f82f0b44e,point_c7f882ff95500a6d,R200_below_hh,BR_tautau,0.02187719029675421,0.021877190296754206,-1.585874e-16
point_ce3fd36f82f0b44e,point_c7f882ff95500a6d,R200_below_hh,BR_WW,0.5143321527702764,0.5143321527702767,4.317144e-16
point_ce3fd36f82f0b44e,point_c7f882ff95500a6d,R200_below_hh,BR_ZZ,0.17854843419596703,0.1785484341959674,2.020866e-15
point_ce3fd36f82f0b44e,point_c7f882ff95500a6d,R200_below_hh,BR_gg,0.06809330638825975,0.06809330638825929,-6.725580e-15
point_ce3fd36f82f0b44e,point_c7f882ff95500a6d,R200_below_hh,BR_gammagamma,0.0003169418225761752,0.00031694182257617677,4.960195e-15
point_ce3fd36f82f0b44e,point_c7f882ff95500a6d,R200_below_hh,BR_Zgamma,0.00022645640757392504,0.00022645640757392498,-2.393843e-16
point_ce3fd36f82f0b44e,point_c7f882ff95500a6d,R200_below_hh,ctau_physical_mm,5.038765235936501e-11,5.0387652359364974e-11,-7.695157e-16
point_3fea075e4bc7ed74,point_6a6f176153ea6bf3,R200_below_hh,campaign_id,high_mass_h2_physical_point_scan_v1,high_mass_h2_physical_point_scan_v2_mh12520,
point_3fea075e4bc7ed74,point_6a6f176153ea6bf3,R200_below_hh,m_h_GeV,125.13,125.2,5.594182e-04
point_3fea075e4bc7ed74,point_6a6f176153ea6bf3,R200_below_hh,lambda1,3.6265925439766633,3.6268316793063415,6.593940e-05
point_3fea075e4bc7ed74,point_6a6f176153ea6bf3,R200_below_hh,lambda2,0.44712473155894433,0.4474262513282366,6.743527e-04
point_3fea075e4bc7ed74,point_6a6f176153ea6bf3,R200_below_hh,lambda3,8.03940962729846,8.039678149233195,3.340070e-05
point_3fea075e4bc7ed74,point_6a6f176153ea6bf3,R200_below_hh,g_hH2H2_GeV,433.06525773611804,433.1313072440737,1.525163e-04
point_3fea075e4bc7ed74,point_6a6f176153ea6bf3,R200_below_hh,width_bb_GeV,0.000811427702598601,0.0008114277025986011,1.336166e-16
point_3fea075e4bc7ed74,point_6a6f176153ea6bf3,R200_below_hh,width_cc_GeV,3.624001537591736e-05,3.6240015375917376e-05,3.739658e-16
point_3fea075e4bc7ed74,point_6a6f176153ea6bf3,R200_below_hh,width_tautau_GeV,8.567495604093853e-05,8.567495604093852e-05,-1.581854e-16
point_3fea075e4bc7ed74,point_6a6f176153ea6bf3,R200_below_hh,width_WW_GeV,0.002014215901644941,0.0020142159016449447,1.722480e-15
point_3fea075e4bc7ed74,point_6a6f176153ea6bf3,R200_below_hh,width_ZZ_GeV,0.000699227325054966,0.0006992273250549671,1.550572e-15
point_3fea075e4bc7ed74,point_6a6f176153ea6bf3,R200_below_hh,width_gg_GeV,0.00026666546080014036,0.00026666546080013744,-1.097760e-14
point_3fea075e4bc7ed74,point_6a6f176153ea6bf3,R200_below_hh,width_gammagamma_GeV,1.2858478137834228e-06,1.2858478137834286e-06,4.446461e-15
point_3fea075e4bc7ed74,point_6a6f176153ea6bf3,R200_below_hh,width_Zgamma_GeV,9.094305924380794e-07,9.094305924380735e-07,-6.519718e-15
point_3fea075e4bc7ed74,point_6a6f176153ea6bf3,R200_below_hh,total_width_GeV,0.003916244535186784,0.003916244535186786,4.429559e-16
point_3fea075e4bc7ed74,point_6a6f176153ea6bf3,R200_below_hh,width_unaccounted_GeV,5.978952650588856e-07,5.978952650580183e-07,-1.450692e-12
point_3fea075e4bc7ed74,point_6a6f176153ea6bf3,R200_below_hh,BR_bb,0.20719536160422636,0.20719536160422627,-4.018754e-16
point_3fea075e4bc7ed74,point_6a6f176153ea6bf3,R200_below_hh,BR_tautau,0.021876814706324844,0.02187681470632483,-6.343605e-16
point_3fea075e4bc7ed74,point_6a6f176153ea6bf3,R200_below_hh,BR_WW,0.5143233226494305,0.5143233226494311,1.295165e-15
point_3fea075e4bc7ed74,point_6a6f176153ea6bf3,R200_below_hh,BR_ZZ,0.178545368853382,0.17854536885338224,1.243631e-15
point_3fea075e4bc7ed74,point_6a6f176153ea6bf3,R200_below_hh,BR_gg,0.06809213735357868,0.0680921373535779,-1.141330e-14
point_3fea075e4bc7ed74,point_6a6f176153ea6bf3,R200_below_hh,BR_gammagamma,0.00032833695705932083,0.00032833695705932213,3.962523e-15
point_3fea075e4bc7ed74,point_6a6f176153ea6bf3,R200_below_hh,BR_Zgamma,0.00023222007315094905,0.00023222007315094743,-7.003285e-15
point_3fea075e4bc7ed74,point_6a6f176153ea6bf3,R200_below_hh,ctau_physical_mm,5.038678729763962e-11,5.038678729763959e-11,-5.130193e-16
point_83085af5b0041e97,point_af4016a32cb7a156,R200_below_hh,campaign_id,high_mass_h2_physical_point_scan_v1,high_mass_h2_physical_point_scan_v2_mh12520,
point_83085af5b0041e97,point_af4016a32cb7a156,R200_below_hh,m_h_GeV,125.13,125.2,5.594182e-04
point_83085af5b0041e97,point_af4016a32cb7a156,R200_below_hh,lambda1,2.3069955257805783,2.307234661110257,1.036566e-04
point_83085af5b0041e97,point_af4016a32cb7a156,R200_below_hh,lambda2,0.364649917921689,0.3649514376909813,8.268746e-04
point_83085af5b0041e97,point_af4016a32cb7a156,R200_below_hh,lambda3,7.709510372749437,7.709778894684173,3.482996e-05
point_83085af5b0041e97,point_af4016a32cb7a156,R200_below_hh,g_hH2H2_GeV,288.05508324360994,288.12113275156645,2.292947e-04
point_83085af5b0041e97,point_af4016a32cb7a156,R200_below_hh,width_bb_GeV,0.000811427702598601,0.0008114277025986011,1.336166e-16
point_83085af5b0041e97,point_af4016a32cb7a156,R200_below_hh,width_cc_GeV,3.624001537591736e-05,3.6240015375917376e-05,3.739658e-16
point_83085af5b0041e97,point_af4016a32cb7a156,R200_below_hh,width_tautau_GeV,8.56749560409385e-05,8.567495604093852e-05,3.163708e-16
point_83085af5b0041e97,point_af4016a32cb7a156,R200_below_hh,width_WW_GeV,0.0020142159016449395,0.0020142159016449447,2.583720e-15
point_83085af5b0041e97,point_af4016a32cb7a156,R200_below_hh,width_ZZ_GeV,0.0006992273250549647,0.0006992273250549671,3.411258e-15
point_83085af5b0041e97,point_af4016a32cb7a156,R200_below_hh,width_gg_GeV,0.0002666654608001399,0.00026666546080013744,-9.147997e-15
point_83085af5b0041e97,point_af4016a32cb7a156,R200_below_hh,width_gammagamma_GeV,1.3313240805292005e-06,1.3313240805292084e-06,5.885160e-15
point_83085af5b0041e97,point_af4016a32cb7a156,R200_below_hh,width_Zgamma_GeV,9.323986541039359e-07,9.323986541039327e-07,-3.406669e-15
point_83085af5b0041e97,point_af4016a32cb7a156,R200_below_hh,total_width_GeV,0.003916312979515192,0.003916312979515198,1.550318e-15
point_83085af5b0041e97,point_af4016a32cb7a156,R200_below_hh,width_unaccounted_GeV,5.978952650580183e-07,5.978952650588856e-07,1.450692e-12
point_83085af5b0041e97,point_af4016a32cb7a156,R200_below_hh,BR_bb,0.20719174050768774,0.20719174050768743,-1.473569e-15
point_83085af5b0041e97,point_af4016a32cb7a156,R200_below_hh,BR_cc,0.009253605512500072,0.009253605512500061,-1.124788e-15
point_83085af5b0041e97,point_af4016a32cb7a156,R200_below_hh,BR_tautau,0.021876432371231058,0.02187643237123103,-1.268743e-15
point_83085af5b0041e97,point_af4016a32cb7a156,R200_below_hh,BR_WW,0.5143143339617058,0.5143143339617063,1.079323e-15
point_83085af5b0041e97,point_af4016a32cb7a156,R200_below_hh,BR_ZZ,0.17854224846491287,0.1785422484649132,1.865480e-15
point_83085af5b0041e97,point_af4016a32cb7a156,R200_below_hh,BR_gg,0.06809094732595936,0.06809094732595862,-1.080206e-14
point_83085af5b0041e97,point_af4016a32cb7a156,R200_below_hh,BR_gammagamma,0.0003399432291272103,0.00033994322912721177,4.305639e-15
point_83085af5b0041e97,point_af4016a32cb7a156,R200_below_hh,BR_Zgamma,0.00023808073026363672,0.00023808073026363553,-5.009319e-15
point_83085af5b0041e97,point_af4016a32cb7a156,R200_below_hh,ctau_physical_mm,5.038590670156998e-11,5.0385906701569904e-11,-1.539085e-15
point_c4614c5b64fc1f41,point_efc003d244d0197c,R200_below_hh,campaign_id,high_mass_h2_physical_point_scan_v1,high_mass_h2_physical_point_scan_v2_mh12520,
point_c4614c5b64fc1f41,point_efc003d244d0197c,R200_below_hh,m_h_GeV,125.13,125.2,5.594182e-04
point_c4614c5b64fc1f41,point_efc003d244d0197c,R200_below_hh,lambda1,0.9873985075844932,0.9876376429141716,2.421873e-04
point_c4614c5b64fc1f41,point_efc003d244d0197c,R200_below_hh,lambda2,0.2821751042844336,0.28247662405372587,1.068556e-03
point_c4614c5b64fc1f41,point_efc003d244d0197c,R200_below_hh,lambda3,7.379611118200416,7.379879640135151,3.638700e-05
point_c4614c5b64fc1f41,point_efc003d244d0197c,R200_below_hh,g_hH2H2_GeV,143.04490875110247,143.11095825905824,4.617397e-04
point_c4614c5b64fc1f41,point_efc003d244d0197c,R200_below_hh,width_cc_GeV,3.6240015375917355e-05,3.624001537591736e-05,1.869829e-16
point_c4614c5b64fc1f41,point_efc003d244d0197c,R200_below_hh,width_WW_GeV,0.002014215901644938,0.0020142159016449395,6.459301e-16
point_c4614c5b64fc1f41,point_efc003d244d0197c,R200_below_hh,width_ZZ_GeV,0.0006992273250549641,0.0006992273250549647,7.752859e-16
point_c4614c5b64fc1f41,point_efc003d244d0197c,R200_below_hh,width_gg_GeV,0.00026666546080013717,0.0002666654608001399,1.016444e-14
point_c4614c5b64fc1f41,point_efc003d244d0197c,R200_below_hh,width_gammagamma_GeV,1.3776291714192584e-06,1.3776291714192523e-06,-4.457650e-15
point_c4614c5b64fc1f41,point_efc003d244d0197c,R200_below_hh,width_Zgamma_GeV,9.5574762791279e-07,9.55747627912794e-07,4.209696e-15
point_c4614c5b64fc1f41,point_efc003d244d0197c,R200_below_hh,total_width_GeV,0.003916382633579886,0.003916382633579891,1.328821e-15
point_c4614c5b64fc1f41,point_efc003d244d0197c,R200_below_hh,BR_bb,0.20718805553912167,0.2071880555391214,-1.339632e-15
point_c4614c5b64fc1f41,point_efc003d244d0197c,R200_below_hh,BR_cc,0.009253440934291727,0.009253440934291717,-1.124808e-15
point_c4614c5b64fc1f41,point_efc003d244d0197c,R200_below_hh,BR_tautau,0.021876043292180763,0.021876043292180732,-1.427362e-15
point_c4614c5b64fc1f41,point_efc003d244d0197c,R200_below_hh,BR_WW,0.5143051867237457,0.5143051867237454,-6.476056e-16
point_c4614c5b64fc1f41,point_efc003d244d0197c,R200_below_hh,BR_ZZ,0.1785390730363378,0.17853907303633768,-6.218376e-16
point_c4614c5b64fc1f41,point_efc003d244d0197c,R200_below_hh,BR_gg,0.06808973630760477,0.06808973630760537,8.764094e-15
point_c4614c5b64fc1f41,point_efc003d244d0197c,R200_below_hh,BR_gammagamma,0.000351760616954834,0.000351760616954832,-5.702099e-15
point_c4614c5b64fc1f41,point_efc003d244d0197c,R200_below_hh,BR_Zgamma,0.00024403836839587871,0.00024403836839587942,2.887789e-15
point_c4614c5b64fc1f41,point_efc003d244d0197c,R200_below_hh,ctau_physical_mm,5.03850105727865e-11,5.038501057278644e-11,-1.282593e-15
point_32ff252139aaa658,point_93c2f2c9295bcaeb,R200_below_hh,campaign_id,high_mass_h2_physical_point_scan_v1,high_mass_h2_physical_point_scan_v2_mh12520,
point_32ff252139aaa658,point_93c2f2c9295bcaeb,R200_below_hh,m_h_GeV,125.13,125.2,5.594182e-04
point_32ff252139aaa658,point_93c2f2c9295bcaeb,R200_below_hh,lambda1,6.265786580068832,6.266025715398511,3.816525e-05
point_32ff252139aaa658,point_93c2f2c9295bcaeb,R200_below_hh,lambda2,0.6120743588397051,0.6123758786089974,4.926195e-04
point_32ff252139aaa658,point_93c2f2c9295bcaeb,R200_below_hh,lambda3,8.699208136371501,8.699476658306237,3.086740e-05
point_32ff252139aaa658,point_93c2f2c9295bcaeb,R200_below_hh,g_hH2H2_GeV,723.0856067231933,723.1516562311496,9.134397e-05
point_32ff252139aaa658,point_93c2f2c9295bcaeb,R200_below_hh,width_bb_GeV,0.0008114277025986009,0.0008114277025986011,2.672332e-16
point_32ff252139aaa658,point_93c2f2c9295bcaeb,R200_below_hh,width_cc_GeV,3.624001537591736e-05,3.6240015375917376e-05,3.739658e-16
point_32ff252139aaa658,point_93c2f2c9295bcaeb,R200_below_hh,width_tautau_GeV,8.567495604093853e-05,8.567495604093852e-05,-1.581854e-16
point_32ff252139aaa658,point_93c2f2c9295bcaeb,R200_below_hh,width_WW_GeV,0.0020142159016449416,0.0020142159016449447,1.507170e-15
point_32ff252139aaa658,point_93c2f2c9295bcaeb,R200_below_hh,width_ZZ_GeV,0.0006992273250549665,0.0006992273250549671,7.752859e-16
point_32ff252139aaa658,point_93c2f2c9295bcaeb,R200_below_hh,width_gg_GeV,0.0002666654608001383,0.00026666546080013744,-3.252621e-15
point_32ff252139aaa658,point_93c2f2c9295bcaeb,R200_below_hh,width_gammagamma_GeV,1.1973817527298665e-06,1.19738175272986e-06,-5.482383e-15
point_32ff252139aaa658,point_93c2f2c9295bcaeb,R200_below_hh,width_Zgamma_GeV,8.646372055379816e-07,8.646372055379762e-07,-6.245203e-15
point_32ff252139aaa658,point_93c2f2c9295bcaeb,R200_below_hh,total_width_GeV,0.003916111275738829,0.003916111275738833,8.859419e-16
point_32ff252139aaa658,point_93c2f2c9295bcaeb,R200_below_hh,width_unaccounted_GeV,5.978952650580183e-07,5.978952650588856e-07,1.450692e-12
point_32ff252139aaa658,point_93c2f2c9295bcaeb,R200_below_hh,BR_bb,0.20720241215452023,0.2072024121545201,-6.697696e-16
point_32ff252139aaa658,point_93c2f2c9295bcaeb,R200_below_hh,BR_cc,0.009254082130002849,0.009254082130002846,-3.749099e-16
point_32ff252139aaa658,point_93c2f2c9295bcaeb,R200_below_hh,BR_tautau,0.021877559141823606,0.021877559141823585,-9.515084e-16
point_32ff252139aaa658,point_93c2f2c9295bcaeb,R200_below_hh,BR_WW,0.5143408243078924,0.5143408243078927,6.475607e-16
point_32ff252139aaa658,point_93c2f2c9295bcaeb,R200_below_hh,BR_ZZ,0.1785514444869924,0.17855144448699237,-1.554486e-16
point_32ff252139aaa658,point_93c2f2c9295bcaeb,R200_below_hh,BR_gg,0.0680944544278375,0.06809445442783722,-4.076041e-15
point_32ff252139aaa658,point_93c2f2c9295bcaeb,R200_below_hh,BR_gammagamma,0.0003057578471142814,0.0003057578471142795,-6.382711e-15
point_32ff252139aaa658,point_93c2f2c9295bcaeb,R200_below_hh,BR_Zgamma,0.000220789743870303,0.00022078974387030142,-7.120318e-15
point_32ff252139aaa658,point_93c2f2c9295bcaeb,R200_below_hh,ctau_physical_mm,5.0388501885144086e-11,5.038850188514404e-11,-8.977532e-16
point_3b184a29a247d72a,point_03fe7ba08b815545,R200_below_hh,campaign_id,high_mass_h2_physical_point_scan_v1,high_mass_h2_physical_point_scan_v2_mh12520,
point_3b184a29a247d72a,point_03fe7ba08b815545,R200_below_hh,m_h_GeV,125.13,125.2,5.594182e-04
point_3b184a29a247d72a,point_03fe7ba08b815545,R200_below_hh,lambda1,4.946189561872749,4.946428697202427,4.834738e-05
point_3b184a29a247d72a,point_03fe7ba08b815545,R200_below_hh,lambda2,0.5295995452024498,0.529901064971742,5.693354e-04
point_3b184a29a247d72a,point_03fe7ba08b815545,R200_below_hh,lambda3,8.36930888182248,8.369577403757216,3.208412e-05
point_3b184a29a247d72a,point_03fe7ba08b815545,R200_below_hh,g_hH2H2_GeV,578.0754322306855,578.1414817386421,1.142576e-04
point_3b184a29a247d72a,point_03fe7ba08b815545,R200_below_hh,width_bb_GeV,0.0008114277025986009,0.0008114277025986011,2.672332e-16
point_3b184a29a247d72a,point_03fe7ba08b815545,R200_below_hh,width_cc_GeV,3.624001537591736e-05,3.6240015375917376e-05,3.739658e-16
point_3b184a29a247d72a,point_03fe7ba08b815545,R200_below_hh,width_tautau_GeV,8.567495604093853e-05,8.567495604093852e-05,-1.581854e-16
point_3b184a29a247d72a,point_03fe7ba08b815545,R200_below_hh,width_WW_GeV,0.0020142159016449416,0.0020142159016449447,1.507170e-15
point_3b184a29a247d72a,point_03fe7ba08b815545,R200_below_hh,width_ZZ_GeV,0.0006992273250549665,0.0006992273250549671,7.752859e-16
point_3b184a29a247d72a,point_03fe7ba08b815545,R200_below_hh,width_gg_GeV,0.0002666654608001383,0.00026666546080013744,-3.252621e-15
point_3b184a29a247d72a,point_03fe7ba08b815545,R200_below_hh,width_gammagamma_GeV,1.2412003711871984e-06,1.2412003711871937e-06,-3.753368e-15
point_3b184a29a247d72a,point_03fe7ba08b815545,R200_below_hh,width_Zgamma_GeV,8.868434429178868e-07,8.868434429178827e-07,-4.656161e-15
point_3b184a29a247d72a,point_03fe7ba08b815545,R200_below_hh,total_width_GeV,0.003916177300594666,0.00391617730059467,8.859269e-16
point_3b184a29a247d72a,point_03fe7ba08b815545,R200_below_hh,width_unaccounted_GeV,5.978952650580183e-07,5.978952650588856e-07,1.450692e-12
point_3b184a29a247d72a,point_03fe7ba08b815545,R200_below_hh,BR_bb,0.2071989188220326,0.20719891882203245,-6.697809e-16
point_3b184a29a247d72a,point_03fe7ba08b815545,R200_below_hh,BR_cc,0.009253926110652438,0.009253926110652433,-5.623743e-16
point_3b184a29a247d72a,point_03fe7ba08b815545,R200_below_hh,BR_tautau,0.02187719029675416,0.021877190296754136,-1.110112e-15
point_3b184a29a247d72a,point_03fe7ba08b815545,R200_below_hh,BR_WW,0.5143321527702757,0.514332152770276,6.475716e-16
point_3b184a29a247d72a,point_03fe7ba08b815545,R200_below_hh,BR_ZZ,0.17854843419596703,0.178548434195967,-1.554512e-16
point_3b184a29a247d72a,point_03fe7ba08b815545,R200_below_hh,BR_gg,0.06809330638825917,0.06809330638825888,-4.279915e-15
point_3b184a29a247d72a,point_03fe7ba08b815545,R200_below_hh,BR_gammagamma,0.0003169418225775232,0.0003169418225775217,-4.618112e-15
point_3b184a29a247d72a,point_03fe7ba08b815545,R200_below_hh,BR_Zgamma,0.0002264564075746062,0.00022645640757460494,-5.505839e-15
point_3b184a29a247d72a,point_03fe7ba08b815545,R200_below_hh,ctau_physical_mm,5.038765235936488e-11,5.038765235936483e-11,-8.977684e-16
point_4f7c6dadc04df114,point_a1174ef6b8b084ff,R200_below_hh,campaign_id,high_mass_h2_physical_point_scan_v1,high_mass_h2_physical_point_scan_v2_mh12520,
point_4f7c6dadc04df114,point_a1174ef6b8b084ff,R200_below_hh,m_h_GeV,125.13,125.2,5.594182e-04
point_4f7c6dadc04df114,point_a1174ef6b8b084ff,R200_below_hh,lambda1,3.6265925436766633,3.6268316790063415,6.593940e-05
point_4f7c6dadc04df114,point_a1174ef6b8b084ff,R200_below_hh,lambda2,0.44712473156519433,0.4474262513344866,6.743527e-04
point_4f7c6dadc04df114,point_a1174ef6b8b084ff,R200_below_hh,lambda3,8.039409627273459,8.039678149208195,3.340070e-05
point_4f7c6dadc04df114,point_a1174ef6b8b084ff,R200_below_hh,g_hH2H2_GeV,433.06525773817816,433.1313072461337,1.525163e-04
point_4f7c6dadc04df114,point_a1174ef6b8b084ff,R200_below_hh,width_bb_GeV,0.0008114277025986009,0.0008114277025986011,2.672332e-16
point_4f7c6dadc04df114,point_a1174ef6b8b084ff,R200_below_hh,width_cc_GeV,3.624001537591736e-05,3.6240015375917376e-05,3.739658e-16
point_4f7c6dadc04df114,point_a1174ef6b8b084ff,R200_below_hh,width_tautau_GeV,8.567495604093853e-05,8.567495604093852e-05,-1.581854e-16
point_4f7c6dadc04df114,point_a1174ef6b8b084ff,R200_below_hh,width_WW_GeV,0.0020142159016449416,0.0020142159016449447,1.507170e-15
point_4f7c6dadc04df114,point_a1174ef6b8b084ff,R200_below_hh,width_ZZ_GeV,0.0006992273250549665,0.0006992273250549671,7.752859e-16
point_4f7c6dadc04df114,point_a1174ef6b8b084ff,R200_below_hh,width_gg_GeV,0.0002666654608001383,0.00026666546080013744,-3.252621e-15
point_4f7c6dadc04df114,point_a1174ef6b8b084ff,R200_below_hh,width_gammagamma_GeV,1.2858478137888026e-06,1.2858478137887998e-06,-2.140889e-15
point_4f7c6dadc04df114,point_a1174ef6b8b084ff,R200_below_hh,width_Zgamma_GeV,9.094305924407913e-07,9.094305924407884e-07,-3.259859e-15
point_4f7c6dadc04df114,point_a1174ef6b8b084ff,R200_below_hh,total_width_GeV,0.003916244535186791,0.003916244535186794,8.859117e-16
point_4f7c6dadc04df114,point_a1174ef6b8b084ff,R200_below_hh,width_unaccounted_GeV,5.978952650571509e-07,5.978952650580183e-07,1.450692e-12
point_4f7c6dadc04df114,point_a1174ef6b8b084ff,R200_below_hh,BR_bb,0.20719536160422594,0.20719536160422583,-5.358339e-16
point_4f7c6dadc04df114,point_a1174ef6b8b084ff,R200_below_hh,BR_cc,0.009253767238053443,0.00925376723805344,-3.749227e-16
point_4f7c6dadc04df114,point_a1174ef6b8b084ff,R200_below_hh,BR_tautau,0.021876814706324806,0.02187681470632478,-1.110131e-15
point_4f7c6dadc04df114,point_a1174ef6b8b084ff,R200_below_hh,BR_WW,0.5143233226494297,0.51432332264943,6.475827e-16
point_4f7c6dadc04df114,point_a1174ef6b8b084ff,R200_below_hh,BR_ZZ,0.17854536885338185,0.17854536885338182,-1.554539e-16
point_4f7c6dadc04df114,point_a1174ef6b8b084ff,R200_below_hh,BR_gg,0.06809213735357802,0.06809213735357775,-4.076179e-15
point_4f7c6dadc04df114,point_a1174ef6b8b084ff,R200_below_hh,BR_gammagamma,0.0003283369570606939,0.00032833695706069294,-2.971892e-15
point_4f7c6dadc04df114,point_a1174ef6b8b084ff,R200_below_hh,BR_Zgamma,0.00023222007315164113,0.00023222007315164015,-4.201971e-15
point_4f7c6dadc04df114,point_a1174ef6b8b084ff,R200_below_hh,ctau_physical_mm,5.038678729763953e-11,5.038678729763948e-11,-8.977838e-16
point_35e5838c4b5bad63,point_9a5eac9903746c32,R200_below_hh,campaign_id,high_mass_h2_physical_point_scan_v1,high_mass_h2_physical_point_scan_v2_mh12520,
point_35e5838c4b5bad63,point_9a5eac9903746c32,R200_below_hh,m_h_GeV,125.13,125.2,5.594182e-04
point_35e5838c4b5bad63,point_9a5eac9903746c32,R200_below_hh,lambda1,2.3069955254805783,2.307234660810257,1.036566e-04
point_35e5838c4b5bad63,point_9a5eac9903746c32,R200_below_hh,lambda2,0.364649917927939,0.3649514376972313,8.268746e-04
point_35e5838c4b5bad63,point_9a5eac9903746c32,R200_below_hh,lambda3,7.709510372724438,7.709778894659173,3.482996e-05
point_35e5838c4b5bad63,point_9a5eac9903746c32,R200_below_hh,g_hH2H2_GeV,288.0550832456703,288.1211327536261,2.292947e-04
point_35e5838c4b5bad63,point_9a5eac9903746c32,R200_below_hh,width_bb_GeV,0.000811427702598601,0.0008114277025986009,-1.336166e-16
point_35e5838c4b5bad63,point_9a5eac9903746c32,R200_below_hh,width_WW_GeV,0.002014215901644941,0.0020142159016449416,2.153100e-16
point_35e5838c4b5bad63,point_9a5eac9903746c32,R200_below_hh,width_ZZ_GeV,0.000699227325054966,0.0006992273250549665,7.752859e-16
point_35e5838c4b5bad63,point_9a5eac9903746c32,R200_below_hh,width_gg_GeV,0.00026666546080014036,0.0002666654608001383,-7.724975e-15
point_35e5838c4b5bad63,point_9a5eac9903746c32,R200_below_hh,width_gammagamma_GeV,1.3313240805346713e-06,1.3313240805346802e-06,6.680451e-15
point_35e5838c4b5bad63,point_9a5eac9903746c32,R200_below_hh,width_Zgamma_GeV,9.323986541066973e-07,9.323986541066947e-07,-2.838891e-15
point_35e5838c4b5bad63,point_9a5eac9903746c32,R200_below_hh,total_width_GeV,0.003916312979515204,0.003916312979515203,-2.214741e-16
point_35e5838c4b5bad63,point_9a5eac9903746c32,R200_below_hh,width_unaccounted_GeV,5.978952650588856e-07,5.978952650580183e-07,-1.450692e-12
point_35e5838c4b5bad63,point_9a5eac9903746c32,R200_below_hh,BR_cc,0.009253605512500044,0.009253605512500046,1.874646e-16
point_35e5838c4b5bad63,point_9a5eac9903746c32,R200_below_hh,BR_tautau,0.021876432371231,0.021876432371231002,1.585929e-16
point_35e5838c4b5bad63,point_9a5eac9903746c32,R200_below_hh,BR_WW,0.5143143339617047,0.5143143339617049,4.317294e-16
point_35e5838c4b5bad63,point_9a5eac9903746c32,R200_below_hh,BR_ZZ,0.17854224846491265,0.17854224846491284,1.088196e-15
point_35e5838c4b5bad63,point_9a5eac9903746c32,R200_below_hh,BR_gg,0.06809094732595927,0.06809094732595876,-7.541063e-15
point_35e5838c4b5bad63,point_9a5eac9903746c32,R200_below_hh,BR_gammagamma,0.00033994322912860617,0.0003399432291286085,6.857129e-15
point_35e5838c4b5bad63,point_9a5eac9903746c32,R200_below_hh,BR_Zgamma,0.0002380807302643411,0.00023808073026434048,-2.618508e-15
point_35e5838c4b5bad63,point_9a5eac9903746c32,R200_below_hh,ctau_physical_mm,5.0385906701569826e-11,5.038590670156983e-11,1.282571e-16
point_c4e2913ba8cfbe59,point_098935fd1170051c,R200_below_hh,campaign_id,high_mass_h2_physical_point_scan_v1,high_mass_h2_physical_point_scan_v2_mh12520,
point_c4e2913ba8cfbe59,point_098935fd1170051c,R200_below_hh,m_h_GeV,125.13,125.2,5.594182e-04
point_c4e2913ba8cfbe59,point_098935fd1170051c,R200_below_hh,lambda1,0.9873985072844932,0.9876376426141715,2.421873e-04
point_c4e2913ba8cfbe59,point_098935fd1170051c,R200_below_hh,lambda2,0.2821751042906836,0.28247662405997587,1.068556e-03
point_c4e2913ba8cfbe59,point_098935fd1170051c,R200_below_hh,lambda3,7.379611118175417,7.379879640110151,3.638700e-05
point_c4e2913ba8cfbe59,point_098935fd1170051c,R200_below_hh,g_hH2H2_GeV,143.04490875316236,143.11095826111813,4.617397e-04
point_c4e2913ba8cfbe59,point_098935fd1170051c,R200_below_hh,width_bb_GeV,0.000811427702598601,0.0008114277025986009,-1.336166e-16
point_c4e2913ba8cfbe59,point_098935fd1170051c,R200_below_hh,width_tautau_GeV,8.56749560409385e-05,8.567495604093853e-05,4.745562e-16
point_c4e2913ba8cfbe59,point_098935fd1170051c,R200_below_hh,width_WW_GeV,0.0020142159016449395,0.0020142159016449416,1.076550e-15
point_c4e2913ba8cfbe59,point_098935fd1170051c,R200_below_hh,width_ZZ_GeV,0.0006992273250549647,0.0006992273250549665,2.635972e-15
point_c4e2913ba8cfbe59,point_098935fd1170051c,R200_below_hh,width_gg_GeV,0.0002666654608001399,0.0002666654608001383,-5.895376e-15
point_c4e2913ba8cfbe59,point_098935fd1170051c,R200_below_hh,width_gammagamma_GeV,1.37762917142482e-06,1.377629171424828e-06,5.841059e-15
point_c4e2913ba8cfbe59,point_098935fd1170051c,R200_below_hh,width_Zgamma_GeV,9.557476279155997e-07,9.557476279155972e-07,-2.658755e-15
point_c4e2913ba8cfbe59,point_098935fd1170051c,R200_below_hh,total_width_GeV,0.003916382633579899,0.0039163826335799025,8.858805e-16
point_c4e2913ba8cfbe59,point_098935fd1170051c,R200_below_hh,width_unaccounted_GeV,5.978952650571509e-07,5.978952650580183e-07,1.450692e-12
point_c4e2913ba8cfbe59,point_098935fd1170051c,R200_below_hh,BR_bb,0.20718805553912098,0.20718805553912079,-9.377424e-16
point_c4e2913ba8cfbe59,point_098935fd1170051c,R200_below_hh,BR_cc,0.009253440934291698,0.00925344093429169,-7.498717e-16
point_c4e2913ba8cfbe59,point_098935fd1170051c,R200_below_hh,BR_tautau,0.02187604329218069,0.02187604329218068,-4.757872e-16
point_c4e2913ba8cfbe59,point_098935fd1170051c,R200_below_hh,BR_ZZ,0.17853907303633731,0.17853907303633762,1.710053e-15
point_c4e2913ba8cfbe59,point_098935fd1170051c,R200_below_hh,BR_gg,0.06808973630760524,0.06808973630760477,-6.929749e-15
point_c4e2913ba8cfbe59,point_098935fd1170051c,R200_below_hh,BR_gammagamma,0.00035176061695625297,0.0003517606169562547,4.931545e-15
point_c4e2913ba8cfbe59,point_098935fd1170051c,R200_below_hh,BR_Zgamma,0.00024403836839659537,0.0002440383683965945,-3.554202e-15
point_c4e2913ba8cfbe59,point_098935fd1170051c,R200_below_hh,ctau_physical_mm,5.0385010572786335e-11,5.038501057278629e-11,-8.978154e-16
point_f3e8e84dc7d9710c,point_f4e0005ecdcdd1f3,R200_below_hh,campaign_id,high_mass_h2_physical_point_scan_v1,high_mass_h2_physical_point_scan_v2_mh12520,
point_f3e8e84dc7d9710c,point_f4e0005ecdcdd1f3,R200_below_hh,m_h_GeV,125.13,125.2,5.594182e-04
point_f3e8e84dc7d9710c,point_f4e0005ecdcdd1f3,R200_below_hh,lambda1,5.965786580368833,5.966025715698511,4.008446e-05
point_f3e8e84dc7d9710c,point_f4e0005ecdcdd1f3,R200_below_hh,lambda2,0.618324358833455,0.6186258786027474,4.876401e-04
point_f3e8e84dc7d9710c,point_f4e0005ecdcdd1f3,R200_below_hh,lambda3,8.674208136396501,8.674476658331237,3.095636e-05
point_f3e8e84dc7d9710c,point_f4e0005ecdcdd1f3,R200_below_hh,g_hH2H2_GeV,725.1455865902617,725.2116360982179,9.108448e-05
point_f3e8e84dc7d9710c,point_f4e0005ecdcdd1f3,R200_below_hh,width_bb_GeV,0.0008114277025986004,0.000811427702598601,8.016996e-16
point_f3e8e84dc7d9710c,point_f4e0005ecdcdd1f3,R200_below_hh,width_cc_GeV,3.624001537591734e-05,3.624001537591736e-05,5.609487e-16
point_f3e8e84dc7d9710c,point_f4e0005ecdcdd1f3,R200_below_hh,width_tautau_GeV,8.567495604093844e-05,8.56749560409385e-05,6.327416e-16
point_f3e8e84dc7d9710c,point_f4e0005ecdcdd1f3,R200_below_hh,width_WW_GeV,0.002014215901644933,0.0020142159016449395,3.229650e-15
point_f3e8e84dc7d9710c,point_f4e0005ecdcdd1f3,R200_below_hh,width_ZZ_GeV,0.0006992273250549611,0.0006992273250549647,5.116887e-15
point_f3e8e84dc7d9710c,point_f4e0005ecdcdd1f3,R200_below_hh,width_gg_GeV,0.00026666546080013885,0.0002666654608001399,3.862488e-15
point_f3e8e84dc7d9710c,point_f4e0005ecdcdd1f3,R200_below_hh,width_gammagamma_GeV,1.2025609352207237e-06,1.2025609352207162e-06,-6.163129e-15
point_f3e8e84dc7d9710c,point_f4e0005ecdcdd1f3,R200_below_hh,width_Zgamma_GeV,8.672639457527752e-07,8.672639457527758e-07,6.104204e-16
point_f3e8e84dc7d9710c,point_f4e0005ecdcdd1f3,R200_below_hh,total_width_GeV,0.0039161190816615205,0.003916119081661533,3.100790e-15
point_f3e8e84dc7d9710c,point_f4e0005ecdcdd1f3,R200_below_hh,BR_bb,0.20720199914205112,0.20720199914205065,-2.277221e-15
point_f3e8e84dc7d9710c,point_f4e0005ecdcdd1f3,R200_below_hh,BR_cc,0.009254063684024013,0.009254063684023988,-2.624374e-15
point_f3e8e84dc7d9710c,point_f4e0005ecdcdd1f3,R200_below_hh,BR_tautau,0.021877515533717758,0.021877515533717706,-2.378776e-15
point_f3e8e84dc7d9710c,point_f4e0005ecdcdd1f3,R200_below_hh,BR_WW,0.5143397990825005,0.5143397990825006,2.158540e-16
point_f3e8e84dc7d9710c,point_f4e0005ecdcdd1f3,R200_below_hh,BR_ZZ,0.17855108858392907,0.17855108858392943,2.020836e-15
point_f3e8e84dc7d9710c,point_f4e0005ecdcdd1f3,R200_below_hh,BR_gg,0.06809431869650877,0.06809431869650882,8.152097e-16
point_f3e8e84dc7d9710c,point_f4e0005ecdcdd1f3,R200_below_hh,BR_gammagamma,0.0003070797670203901,0.00030707976702038723,-9.356317e-15
point_f3e8e84dc7d9710c,point_f4e0005ecdcdd1f3,R200_below_hh,BR_Zgamma,0.00022146005462755612,0.00022146005462755558,-2.447850e-15
point_f3e8e84dc7d9710c,point_f4e0005ecdcdd1f3,R200_below_hh,ctau_physical_mm,5.038840144674013e-11,5.038840144673998e-11,-3.078017e-15
point_1b98fc734f38182a,point_6330ab67462d5659,R200_below_hh,campaign_id,high_mass_h2_physical_point_scan_v1,high_mass_h2_physical_point_scan_v2_mh12520,
point_1b98fc734f38182a,point_6330ab67462d5659,R200_below_hh,m_h_GeV,125.13,125.2,5.594182e-04
point_1b98fc734f38182a,point_6330ab67462d5659,R200_below_hh,lambda1,4.646189562172749,4.646428697502428,5.146913e-05
point_1b98fc734f38182a,point_6330ab67462d5659,R200_below_hh,lambda2,0.5358495451961998,0.536151064965492,5.626948e-04
point_1b98fc734f38182a,point_6330ab67462d5659,R200_below_hh,lambda3,8.34430888184748,8.344577403782216,3.218025e-05
point_1b98fc734f38182a,point_6330ab67462d5659,R200_below_hh,g_hH2H2_GeV,580.1354120977539,580.2014616057104,1.138519e-04
point_1b98fc734f38182a,point_6330ab67462d5659,R200_below_hh,width_bb_GeV,0.0008114277025986004,0.0008114277025986006,2.672332e-16
point_1b98fc734f38182a,point_6330ab67462d5659,R200_below_hh,width_tautau_GeV,8.567495604093844e-05,8.567495604093847e-05,3.163708e-16
point_1b98fc734f38182a,point_6330ab67462d5659,R200_below_hh,width_WW_GeV,0.002014215901644933,0.002014215901644935,1.076550e-15
point_1b98fc734f38182a,point_6330ab67462d5659,R200_below_hh,width_ZZ_GeV,0.0006992273250549611,0.0006992273250549631,2.791029e-15
point_1b98fc734f38182a,point_6330ab67462d5659,R200_below_hh,width_gg_GeV,0.00026666546080013885,0.0002666654608001378,-3.862488e-15
point_1b98fc734f38182a,point_6330ab67462d5659,R200_below_hh,width_gammagamma_GeV,1.2464783402349644e-06,1.2464783402349638e-06,-5.096556e-16
point_1b98fc734f38182a,point_6330ab67462d5659,R200_below_hh,width_Zgamma_GeV,8.895155835947102e-07,8.895155835947059e-07,-4.880234e-15
point_1b98fc734f38182a,point_6330ab67462d5659,R200_below_hh,total_width_GeV,0.003916185250704377,0.00391618525070438,6.644439e-16
point_1b98fc734f38182a,point_6330ab67462d5659,R200_below_hh,width_unaccounted_GeV,5.978952650588856e-07,5.978952650580183e-07,-1.450692e-12
point_1b98fc734f38182a,point_6330ab67462d5659,R200_below_hh,BR_bb,0.2071984981948069,0.20719849819480682,-4.018694e-16
point_1b98fc734f38182a,point_6330ab67462d5659,R200_below_hh,BR_cc,0.009253907324583048,0.009253907324583043,-5.623755e-16
point_1b98fc734f38182a,point_6330ab67462d5659,R200_below_hh,BR_tautau,0.021877145884640844,0.021877145884640837,-3.171755e-16
point_1b98fc734f38182a,point_6330ab67462d5659,R200_below_hh,BR_WW,0.5143311086426899,0.5143311086426902,4.317153e-16
point_1b98fc734f38182a,point_6330ab67462d5659,R200_below_hh,BR_ZZ,0.1785480717310796,0.17854807173107998,2.176322e-15
point_1b98fc734f38182a,point_6330ab67462d5659,R200_below_hh,BR_gg,0.06809316815443692,0.0680931681544366,-4.687535e-15
point_1b98fc734f38182a,point_6330ab67462d5659,R200_below_hh,BR_gammagamma,0.00031828891138660227,0.00031828891138660194,-1.021904e-15
point_1b98fc734f38182a,point_6330ab67462d5659,R200_below_hh,BR_Zgamma,0.00022713828040558581,0.00022713828040558454,-5.608643e-15
point_1b98fc734f38182a,point_6330ab67462d5659,R200_below_hh,ctau_physical_mm,5.038755006916697e-11,5.038755006916693e-11,-7.695173e-16
point_235bfd99697cab98,point_525eb873b20f2367,R200_below_hh,campaign_id,high_mass_h2_physical_point_scan_v1,high_mass_h2_physical_point_scan_v2_mh12520,
point_235bfd99697cab98,point_525eb873b20f2367,R200_below_hh,m_h_GeV,125.13,125.2,5.594182e-04
point_235bfd99697cab98,point_525eb873b20f2367,R200_below_hh,lambda1,3.3265925439766635,3.3268316793063417,7.188597e-05
point_235bfd99697cab98,point_525eb873b20f2367,R200_below_hh,lambda2,0.45337473155894437,0.45367625132823663,6.650564e-04
point_235bfd99697cab98,point_525eb873b20f2367,R200_below_hh,lambda3,8.014409627298459,8.014678149233195,3.350489e-05
point_235bfd99697cab98,point_525eb873b20f2367,R200_below_hh,g_hH2H2_GeV,435.1252376052465,435.1912871132021,1.517942e-04
point_235bfd99697cab98,point_525eb873b20f2367,R200_below_hh,width_bb_GeV,0.0008114277025986006,0.000811427702598601,5.344664e-16
point_235bfd99697cab98,point_525eb873b20f2367,R200_below_hh,width_cc_GeV,3.624001537591734e-05,3.6240015375917355e-05,3.739658e-16
point_235bfd99697cab98,point_525eb873b20f2367,R200_below_hh,width_tautau_GeV,8.567495604093847e-05,8.56749560409385e-05,3.163708e-16
point_235bfd99697cab98,point_525eb873b20f2367,R200_below_hh,width_WW_GeV,0.002014215901644935,0.002014215901644938,1.507170e-15
point_235bfd99697cab98,point_525eb873b20f2367,R200_below_hh,width_ZZ_GeV,0.0006992273250549631,0.0006992273250549641,1.550572e-15
point_235bfd99697cab98,point_525eb873b20f2367,R200_below_hh,width_gg_GeV,0.0002666654608001378,0.00026666546080013717,-2.439466e-15
point_235bfd99697cab98,point_525eb873b20f2367,R200_below_hh,width_gammagamma_GeV,1.291224569393478e-06,1.2912245693934738e-06,-3.279960e-15
point_235bfd99697cab98,point_525eb873b20f2367,R200_below_hh,width_Zgamma_GeV,9.12148133579641e-07,9.121481335796434e-07,2.669763e-15
point_235bfd99697cab98,point_525eb873b20f2367,R200_below_hh,total_width_GeV,0.003916252629483524,0.003916252629483527,8.859099e-16
point_235bfd99697cab98,point_525eb873b20f2367,R200_below_hh,BR_bb,0.20719493336302255,0.2071949333630225,-2.679175e-16
point_235bfd99697cab98,point_525eb873b20f2367,R200_below_hh,BR_cc,0.009253748111928285,0.00925374811192828,-5.623851e-16
point_235bfd99697cab98,point_525eb873b20f2367,R200_below_hh,BR_tautau,0.021876769490286253,0.02187676949028624,-6.343618e-16
point_235bfd99697cab98,point_525eb873b20f2367,R200_below_hh,BR_WW,0.5143222596215838,0.5143222596215841,4.317227e-16
point_235bfd99697cab98,point_525eb873b20f2367,R200_below_hh,BR_ZZ,0.1785449998273419,0.17854499982734204,7.772712e-16
point_235bfd99697cab98,point_525eb873b20f2367,R200_below_hh,BR_gg,0.06809199661751794,0.0680919966175177,-3.464760e-15
point_235bfd99697cab98,point_525eb873b20f2367,R200_below_hh,BR_gammagamma,0.0003297092122383752,0.0003297092122383738,-4.110448e-15
point_235bfd99697cab98,point_525eb873b20f2367,R200_below_hh,BR_Zgamma,0.00023291350683368332,0.00023291350683368373,1.745609e-15
point_235bfd99697cab98,point_525eb873b20f2367,R200_below_hh,ctau_physical_mm,5.0386683155837045e-11,5.0386683155837e-11,-8.977856e-16
point_01ab7e9c60f5f2eb,point_39a62d5d4c8eb492,R200_below_hh,campaign_id,high_mass_h2_physical_point_scan_v1,high_mass_h2_physical_point_scan_v2_mh12520,
point_01ab7e9c60f5f2eb,point_39a62d5d4c8eb492,R200_below_hh,m_h_GeV,125.13,125.2,5.594182e-04
point_01ab7e9c60f5f2eb,point_39a62d5d4c8eb492,R200_below_hh,lambda1,2.0069955257805785,2.007234661110257,1.191509e-04
point_01ab7e9c60f5f2eb,point_39a62d5d4c8eb492,R200_below_hh,lambda2,0.37089991792168897,0.37120143769098135,8.129411e-04
point_01ab7e9c60f5f2eb,point_39a62d5d4c8eb492,R200_below_hh,lambda3,7.684510372749437,7.684778894684173,3.494327e-05
point_01ab7e9c60f5f2eb,point_39a62d5d4c8eb492,R200_below_hh,g_hH2H2_GeV,290.11506311273814,290.18111262069453,2.276666e-04
point_01ab7e9c60f5f2eb,point_39a62d5d4c8eb492,R200_below_hh,width_bb_GeV,0.000811427702598601,0.0008114277025986015,5.344664e-16
point_01ab7e9c60f5f2eb,point_39a62d5d4c8eb492,R200_below_hh,width_cc_GeV,3.624001537591736e-05,3.624001537591739e-05,7.479316e-16
point_01ab7e9c60f5f2eb,point_39a62d5d4c8eb492,R200_below_hh,width_tautau_GeV,8.56749560409385e-05,8.567495604093856e-05,7.909270e-16
point_01ab7e9c60f5f2eb,point_39a62d5d4c8eb492,R200_below_hh,width_WW_GeV,0.0020142159016449395,0.0020142159016449447,2.583720e-15
point_01ab7e9c60f5f2eb,point_39a62d5d4c8eb492,R200_below_hh,width_ZZ_GeV,0.0006992273250549647,0.0006992273250549679,4.651715e-15
point_01ab7e9c60f5f2eb,point_39a62d5d4c8eb492,R200_below_hh,width_gg_GeV,0.0002666654608001399,0.00026666546080013885,-3.862488e-15
point_01ab7e9c60f5f2eb,point_39a62d5d4c8eb492,R200_below_hh,width_gammagamma_GeV,1.336799622696255e-06,1.336799622696268e-06,9.821226e-15
point_01ab7e9c60f5f2eb,point_39a62d5d4c8eb492,R200_below_hh,width_Zgamma_GeV,9.351615957075802e-07,9.351615957075831e-07,3.170164e-15
point_01ab7e9c60f5f2eb,point_39a62d5d4c8eb492,R200_below_hh,total_width_GeV,0.003916321217998962,0.003916321217998971,2.214736e-15
point_01ab7e9c60f5f2eb,point_39a62d5d4c8eb492,R200_below_hh,width_unaccounted_GeV,5.978952650571509e-07,5.978952650580183e-07,1.450692e-12
point_01ab7e9c60f5f2eb,point_39a62d5d4c8eb492,R200_below_hh,BR_bb,0.20719130465329877,0.2071913046532984,-1.741494e-15
point_01ab7e9c60f5f2eb,point_39a62d5d4c8eb492,R200_below_hh,BR_cc,0.009253586046354527,0.009253586046354513,-1.499720e-15
point_01ab7e9c60f5f2eb,point_39a62d5d4c8eb492,R200_below_hh,BR_tautau,0.021876386351350918,0.021876386351350887,-1.427339e-15
point_01ab7e9c60f5f2eb,point_39a62d5d4c8eb492,R200_below_hh,BR_WW,0.5143132520355671,0.5143132520355673,4.317303e-16
point_01ab7e9c60f5f2eb,point_39a62d5d4c8eb492,R200_below_hh,BR_ZZ,0.1785418728784034,0.17854187287840384,2.487311e-15
point_01ab7e9c60f5f2eb,point_39a62d5d4c8eb492,R200_below_hh,BR_gg,0.06809080408792212,0.0680908040879217,-6.114389e-15
point_01ab7e9c60f5f2eb,point_39a62d5d4c8eb492,R200_below_hh,BR_gammagamma,0.0003413406480940525,0.00034134064809405513,7.623133e-15
point_01ab7e9c60f5f2eb,point_39a62d5d4c8eb492,R200_below_hh,BR_Zgamma,0.0002387857235534422,0.0002387857235534424,9.080963e-16
point_01ab7e9c60f5f2eb,point_39a62d5d4c8eb492,R200_below_hh,ctau_physical_mm,5.0385800708355554e-11,5.0385800708355444e-11,-2.180375e-15
point_6042e86a6daf8fad,point_e2cf5f2a2161b180,R200_below_hh,campaign_id,high_mass_h2_physical_point_scan_v1,high_mass_h2_physical_point_scan_v2_mh12520,
point_6042e86a6daf8fad,point_e2cf5f2a2161b180,R200_below_hh,m_h_GeV,125.13,125.2,5.594182e-04
point_6042e86a6daf8fad,point_e2cf5f2a2161b180,R200_below_hh,lambda1,0.6873985075844933,0.6876376429141715,3.478846e-04
point_6042e86a6daf8fad,point_e2cf5f2a2161b180,R200_below_hh,lambda2,0.2884251042844336,0.28872662405372584,1.045401e-03
point_6042e86a6daf8fad,point_e2cf5f2a2161b180,R200_below_hh,lambda3,7.354611118200416,7.354879640135151,3.651069e-05
point_6042e86a6daf8fad,point_e2cf5f2a2161b180,R200_below_hh,g_hH2H2_GeV,145.1048886202305,145.17093812818632,4.551846e-04
point_7f38c1efd59a0005,point_be287aa4466cd2b4,R200_below_hh,campaign_id,high_mass_h2_physical_point_scan_v1,high_mass_h2_physical_point_scan_v2_mh12520,
point_7f38c1efd59a0005,point_be287aa4466cd2b4,R200_below_hh,m_h_GeV,125.13,125.2,5.594182e-04
point_7f38c1efd59a0005,point_be287aa4466cd2b4,R200_below_hh,lambda1,5.246189562172749,5.246428697502427,4.558267e-05
point_7f38c1efd59a0005,point_be287aa4466cd2b4,R200_below_hh,lambda2,0.5233495451961998,0.5236510649654921,5.761346e-04
point_7f38c1efd59a0005,point_be287aa4466cd2b4,R200_below_hh,lambda3,8.394308881847481,8.394577403782217,3.198857e-05
point_7f38c1efd59a0005,point_be287aa4466cd2b4,R200_below_hh,g_hH2H2_GeV,576.0154523594974,576.0815018674535,1.146662e-04
point_7f38c1efd59a0005,point_be287aa4466cd2b4,R200_below_hh,width_bb_GeV,0.0008114277025986006,0.0008114277025986009,4.008498e-16
point_7f38c1efd59a0005,point_be287aa4466cd2b4,R200_below_hh,width_cc_GeV,3.624001537591735e-05,3.624001537591736e-05,3.739658e-16
point_7f38c1efd59a0005,point_be287aa4466cd2b4,R200_below_hh,width_tautau_GeV,8.567495604093848e-05,8.567495604093853e-05,6.327416e-16
point_7f38c1efd59a0005,point_be287aa4466cd2b4,R200_below_hh,width_WW_GeV,0.0020142159016449373,0.0020142159016449416,2.153100e-15
point_7f38c1efd59a0005,point_be287aa4466cd2b4,R200_below_hh,width_ZZ_GeV,0.0006992273250549634,0.0006992273250549665,4.496658e-15
point_7f38c1efd59a0005,point_be287aa4466cd2b4,R200_below_hh,width_gg_GeV,0.00026666546080013917,0.0002666654608001383,-3.252621e-15
point_7f38c1efd59a0005,point_be287aa4466cd2b4,R200_below_hh,width_gammagamma_GeV,1.235934176380287e-06,1.2359341763802898e-06,2.227349e-15
point_7f38c1efd59a0005,point_be287aa4466cd2b4,R200_below_hh,width_Zgamma_GeV,8.841767134624144e-07,8.841767134624178e-07,3.831962e-15
point_7f38c1efd59a0005,point_be287aa4466cd2b4,R200_below_hh,total_width_GeV,0.003916169367670397,0.003916169367670404,1.771857e-15
point_7f38c1efd59a0005,point_be287aa4466cd2b4,R200_below_hh,BR_bb,0.20719933854170683,0.20719933854170655,-1.339559e-15
point_7f38c1efd59a0005,point_be287aa4466cd2b4,R200_below_hh,BR_cc,0.009253944856188731,0.009253944856188717,-1.499662e-15
point_7f38c1efd59a0005,point_be287aa4466cd2b4,R200_below_hh,BR_tautau,0.02187723461304324,0.021877234613043216,-1.110110e-15
point_7f38c1efd59a0005,point_be287aa4466cd2b4,R200_below_hh,BR_WW,0.5143331946450338,0.514333194645034,4.317135e-16
point_7f38c1efd59a0005,point_be287aa4466cd2b4,R200_below_hh,BR_ZZ,0.17854879587879294,0.17854879587879344,2.798117e-15
point_7f38c1efd59a0005,point_be287aa4466cd2b4,R200_below_hh,BR_gg,0.06809344432382654,0.06809344432382619,-5.095126e-15
point_7f38c1efd59a0005,point_be287aa4466cd2b4,R200_below_hh,BR_gammagamma,0.0003155977334850317,0.0003155977334850318,3.435393e-16
point_7f38c1efd59a0005,point_be287aa4466cd2b4,R200_below_hh,BR_Zgamma,0.0002257759127482228,0.00022577591274822325,2.040899e-15
point_7f38c1efd59a0005,point_be287aa4466cd2b4,R200_below_hh,ctau_physical_mm,5.038775442886002e-11,5.038775442885993e-11,-1.795533e-15
point_8bb2fb6860b1a9f7,point_4f65770091411746,R200_below_hh,campaign_id,high_mass_h2_physical_point_scan_v1,high_mass_h2_physical_point_scan_v2_mh12520,
point_8bb2fb6860b1a9f7,point_4f65770091411746,R200_below_hh,m_h_GeV,125.13,125.2,5.594182e-04
point_8bb2fb6860b1a9f7,point_4f65770091411746,R200_below_hh,lambda1,3.926592543976663,3.9268316793063414,6.090149e-05
point_8bb2fb6860b1a9f7,point_4f65770091411746,R200_below_hh,lambda2,0.4408747315589443,0.44117625132823657,6.839126e-04
point_8bb2fb6860b1a9f7,point_4f65770091411746,R200_below_hh,lambda3,8.06440962729846,8.064678149233195,3.329716e-05
point_8bb2fb6860b1a9f7,point_4f65770091411746,R200_below_hh,g_hH2H2_GeV,431.00527786698984,431.07132737494555,1.532452e-04
point_8bb2fb6860b1a9f7,point_4f65770091411746,R200_below_hh,width_bb_GeV,0.000811427702598601,0.0008114277025986009,-1.336166e-16
point_8bb2fb6860b1a9f7,point_4f65770091411746,R200_below_hh,width_tautau_GeV,8.56749560409385e-05,8.567495604093853e-05,4.745562e-16
point_8bb2fb6860b1a9f7,point_4f65770091411746,R200_below_hh,width_WW_GeV,0.0020142159016449395,0.0020142159016449416,1.076550e-15
point_8bb2fb6860b1a9f7,point_4f65770091411746,R200_below_hh,width_ZZ_GeV,0.0006992273250549647,0.0006992273250549665,2.635972e-15
point_8bb2fb6860b1a9f7,point_4f65770091411746,R200_below_hh,width_gg_GeV,0.0002666654608001399,0.0002666654608001383,-5.895376e-15
point_8bb2fb6860b1a9f7,point_4f65770091411746,R200_below_hh,width_gammagamma_GeV,1.2804828324247775e-06,1.2804828324247894e-06,9.260930e-15
point_8bb2fb6860b1a9f7,point_4f65770091411746,R200_below_hh,width_Zgamma_GeV,9.067184625232033e-07,9.067184625232021e-07,-1.401261e-15
point_8bb2fb6860b1a9f7,point_4f65770091411746,R200_below_hh,total_width_GeV,0.003916236458075506,0.00391623645807551,8.859136e-16
point_8bb2fb6860b1a9f7,point_4f65770091411746,R200_below_hh,width_unaccounted_GeV,5.978952650571509e-07,5.978952650580183e-07,1.450692e-12
point_8bb2fb6860b1a9f7,point_4f65770091411746,R200_below_hh,BR_bb,0.20719578893797133,0.2071957889379711,-1.071666e-15
point_8bb2fb6860b1a9f7,point_4f65770091411746,R200_below_hh,BR_cc,0.009253786323649675,0.009253786323649666,-9.373047e-16
point_8bb2fb6860b1a9f7,point_4f65770091411746,R200_below_hh,BR_tautau,0.021876859826548974,0.021876859826548967,-3.171796e-16
point_8bb2fb6860b1a9f7,point_4f65770091411746,R200_below_hh,BR_WW,0.5143243834246805,0.5143243834246806,2.158605e-16
point_8bb2fb6860b1a9f7,point_4f65770091411746,R200_below_hh,BR_ZZ,0.17854573709744145,0.17854573709744176,1.709989e-15
point_8bb2fb6860b1a9f7,point_4f65770091411746,R200_below_hh,BR_gg,0.0680922777914138,0.06809227779141334,-6.725682e-15
point_8bb2fb6860b1a9f7,point_4f65770091411746,R200_below_hh,BR_gammagamma,0.00032696770129504,0.0003269677012950427,8.289826e-15
point_8bb2fb6860b1a9f7,point_4f65770091411746,R200_below_hh,BR_Zgamma,0.00023152801732732387,0.00023152801732732336,-2.224336e-15
point_8bb2fb6860b1a9f7,point_4f65770091411746,R200_below_hh,ctau_physical_mm,5.038689121876192e-11,5.0386891218761873e-11,-8.977819e-16
point_541a2453a27442aa,point_97c6b444a68633ad,R200_below_hh,campaign_id,high_mass_h2_physical_point_scan_v1,high_mass_h2_physical_point_scan_v2_mh12520,
point_541a2453a27442aa,point_97c6b444a68633ad,R200_below_hh,m_h_GeV,125.13,125.2,5.594182e-04
point_541a2453a27442aa,point_97c6b444a68633ad,R200_below_hh,lambda1,2.606995525780578,2.607234661110257,9.172832e-05
point_541a2453a27442aa,point_97c6b444a68633ad,R200_below_hh,lambda2,0.358399917921689,0.3587014376909813,8.412942e-04
point_541a2453a27442aa,point_97c6b444a68633ad,R200_below_hh,lambda3,7.734510372749438,7.734778894684173,3.471738e-05
point_541a2453a27442aa,point_97c6b444a68633ad,R200_below_hh,g_hH2H2_GeV,285.99510337448135,286.06115288243814,2.309463e-04
point_541a2453a27442aa,point_97c6b444a68633ad,R200_below_hh,width_bb_GeV,0.000811427702598601,0.0008114277025986011,1.336166e-16
point_541a2453a27442aa,point_97c6b444a68633ad,R200_below_hh,width_cc_GeV,3.624001537591736e-05,3.6240015375917376e-05,3.739658e-16
point_541a2453a27442aa,point_97c6b444a68633ad,R200_below_hh,width_tautau_GeV,8.567495604093853e-05,8.567495604093852e-05,-1.581854e-16
point_541a2453a27442aa,point_97c6b444a68633ad,R200_below_hh,width_WW_GeV,0.002014215901644941,0.0020142159016449447,1.722480e-15
point_541a2453a27442aa,point_97c6b444a68633ad,R200_below_hh,width_ZZ_GeV,0.000699227325054966,0.0006992273250549671,1.550572e-15
point_541a2453a27442aa,point_97c6b444a68633ad,R200_below_hh,width_gg_GeV,0.00026666546080014036,0.00026666546080013744,-1.097760e-14
point_541a2453a27442aa,point_97c6b444a68633ad,R200_below_hh,width_gammagamma_GeV,1.3258603126135529e-06,1.3258603126135592e-06,4.791415e-15
point_541a2453a27442aa,point_97c6b444a68633ad,R200_below_hh,width_Zgamma_GeV,9.296411237269876e-07,9.296411237269833e-07,-4.555699e-15
point_541a2453a27442aa,point_97c6b444a68633ad,R200_below_hh,total_width_GeV,0.003916304758216903,0.003916304758216905,4.429491e-16
point_541a2453a27442aa,point_97c6b444a68633ad,R200_below_hh,BR_bb,0.20719217545471225,0.2071921754547122,-2.679211e-16
point_541a2453a27442aa,point_97c6b444a68633ad,R200_below_hh,BR_cc,0.009253624938120871,0.00925362493812087,-1.874642e-16
point_541a2453a27442aa,point_97c6b444a68633ad,R200_below_hh,BR_tautau,0.021876478295306725,0.02187647829530671,-6.343703e-16
point_541a2453a27442aa,point_97c6b444a68633ad,R200_below_hh,BR_WW,0.5143154136354842,0.5143154136354848,1.295185e-15
point_541a2453a27442aa,point_97c6b444a68633ad,R200_below_hh,BR_ZZ,0.1785426232695243,0.1785426232695245,1.088194e-15
point_541a2453a27442aa,point_97c6b444a68633ad,R200_below_hh,BR_gg,0.06809109026580286,0.06809109026580207,-1.161729e-14
point_541a2453a27442aa,point_97c6b444a68633ad,R200_below_hh,BR_gammagamma,0.0003385488092650936,0.0003385488092650951,4.323373e-15
point_541a2453a27442aa,point_97c6b444a68633ad,R200_below_hh,BR_Zgamma,0.0002373771146835503,0.00023737711468354913,-4.909982e-15
point_541a2453a27442aa,point_97c6b444a68633ad,R200_below_hh,ctau_physical_mm,5.038601247412705e-11,5.0386012474127027e-11,-5.130272e-16
point_febcdba0d319b908,point_f1b4c1a7eb2d20bf,R200_below_hh,campaign_id,high_mass_h2_physical_point_scan_v1,high_mass_h2_physical_point_scan_v2_mh12520,
point_febcdba0d319b908,point_f1b4c1a7eb2d20bf,R200_below_hh,m_h_GeV,125.13,125.2,5.594182e-04
point_febcdba0d319b908,point_f1b4c1a7eb2d20bf,R200_below_hh,lambda1,1.2873985075844931,1.2876376429141716,1.857508e-04
point_febcdba0d319b908,point_f1b4c1a7eb2d20bf,R200_below_hh,lambda2,0.2759251042844336,0.2762266240537259,1.092759e-03
point_febcdba0d319b908,point_f1b4c1a7eb2d20bf,R200_below_hh,lambda3,7.404611118200417,7.404879640135151,3.626415e-05
point_febcdba0d319b908,point_f1b4c1a7eb2d20bf,R200_below_hh,g_hH2H2_GeV,140.98492888197393,141.05097838992987,4.684863e-04
point_febcdba0d319b908,point_f1b4c1a7eb2d20bf,R200_below_hh,width_cc_GeV,3.624001537591736e-05,3.6240015375917355e-05,-1.869829e-16
point_febcdba0d319b908,point_f1b4c1a7eb2d20bf,R200_below_hh,width_WW_GeV,0.0020142159016449395,0.002014215901644938,-6.459301e-16
point_febcdba0d319b908,point_f1b4c1a7eb2d20bf,R200_below_hh,width_ZZ_GeV,0.0006992273250549647,0.0006992273250549641,-7.752859e-16
point_febcdba0d319b908,point_f1b4c1a7eb2d20bf,R200_below_hh,width_gg_GeV,0.0002666654608001399,0.00026666546080013717,-1.016444e-14
point_febcdba0d319b908,point_f1b4c1a7eb2d20bf,R200_below_hh,width_gammagamma_GeV,1.3720666169465953e-06,1.3720666169466025e-06,5.247398e-15
point_febcdba0d319b908,point_f1b4c1a7eb2d20bf,R200_below_hh,width_Zgamma_GeV,9.529446970737696e-07,9.529446970737655e-07,-4.333185e-15
point_febcdba0d319b908,point_f1b4c1a7eb2d20bf,R200_below_hh,total_width_GeV,0.003916374268094579,0.0039163742680945746,-1.107353e-15
point_febcdba0d319b908,point_f1b4c1a7eb2d20bf,R200_below_hh,width_unaccounted_GeV,5.978952650571509e-07,5.978952650580183e-07,1.450692e-12
point_febcdba0d319b908,point_f1b4c1a7eb2d20bf,R200_below_hh,BR_bb,0.20718849809862078,0.20718849809862103,1.205666e-15
point_febcdba0d319b908,point_f1b4c1a7eb2d20bf,R200_below_hh,BR_cc,0.009253460699901161,0.00925346069990117,9.373377e-16
point_febcdba0d319b908,point_f1b4c1a7eb2d20bf,R200_below_hh,BR_tautau,0.021876090020022946,0.02187609002002297,1.110168e-15
point_febcdba0d319b908,point_f1b4c1a7eb2d20bf,R200_below_hh,BR_WW,0.5143062852940532,0.5143062852940535,6.476042e-16
point_febcdba0d319b908,point_f1b4c1a7eb2d20bf,R200_below_hh,BR_ZZ,0.17853945440080668,0.17853945440080674,3.109181e-16
point_febcdba0d319b908,point_f1b4c1a7eb2d20bf,R200_below_hh,BR_gg,0.06808988174919242,0.0680898817491918,-9.171707e-15
point_febcdba0d319b908,point_f1b4c1a7eb2d20bf,R200_below_hh,BR_gammagamma,0.0003503410356166349,0.00035034103561663713,6.344145e-15
point_febcdba0d319b908,point_f1b4c1a7eb2d20bf,R200_below_hh,BR_Zgamma,0.0002433231943221307,0.0002433231943221299,-3.230463e-15
point_febcdba0d319b908,point_f1b4c1a7eb2d20bf,R200_below_hh,ctau_physical_mm,5.038511819658259e-11,5.038511819658265e-11,1.154332e-15
point_e82a977f89b559c8,point_4f7a0eb930260ca5,R200_below_hh,campaign_id,high_mass_h2_physical_point_scan_v1,high_mass_h2_physical_point_scan_v2_mh12520,
point_e82a977f89b559c8,point_4f7a0eb930260ca5,R200_below_hh,m_h_GeV,125.13,125.2,5.594182e-04
point_e82a977f89b559c8,point_4f7a0eb930260ca5,R200_below_hh,lambda1,3.7920916311946717,3.7922654388426897,4.583424e-05
point_e82a977f89b559c8,point_4f7a0eb930260ca5,R200_below_hh,lambda2,0.25886491109443716,0.2591585633851406,1.134384e-03
point_e82a977f89b559c8,point_4f7a0eb930260ca5,R200_below_hh,lambda3,7.428794808430943,7.42902072658865,3.041115e-05
point_e82a977f89b559c8,point_4f7a0eb930260ca5,R200_below_hh,g_hH2H2_GeV,141.37541591597687,141.4309859876347,3.930674e-04
point_e82a977f89b559c8,point_4f7a0eb930260ca5,R200_below_hh,width_bb_GeV,9.43615253943867e-05,9.436152539438662e-05,-8.617407e-16
point_e82a977f89b559c8,point_4f7a0eb930260ca5,R200_below_hh,width_cc_GeV,4.214378089675893e-06,4.21437808967589e-06,-6.029594e-16
point_e82a977f89b559c8,point_4f7a0eb930260ca5,R200_below_hh,width_tautau_GeV,9.96320376323066e-06,9.963203763230646e-06,-1.360258e-15
point_e82a977f89b559c8,point_4f7a0eb930260ca5,R200_below_hh,width_WW_GeV,0.0020142159016449507,0.002014215901644938,-6.243991e-15
point_e82a977f89b559c8,point_4f7a0eb930260ca5,R200_below_hh,width_ZZ_GeV,0.0006992273250549706,0.0006992273250549641,-9.303431e-15
point_e82a977f89b559c8,point_4f7a0eb930260ca5,R200_below_hh,width_gg_GeV,3.101072291531783e-05,3.101072291531759e-05,-7.647975e-15
point_e82a977f89b559c8,point_4f7a0eb930260ca5,R200_below_hh,width_gammagamma_GeV,4.3162376922489186e-07,4.316237692248892e-07,-6.132605e-15
point_e82a977f89b559c8,point_4f7a0eb930260ca5,R200_below_hh,width_Zgamma_GeV,6.291825706229509e-07,6.291825706229496e-07,-2.187646e-15
point_e82a977f89b559c8,point_4f7a0eb930260ca5,R200_below_hh,total_width_GeV,0.002854123392883283,0.0028541233928832633,-6.837700e-15
point_e82a977f89b559c8,point_4f7a0eb930260ca5,R200_below_hh,width_unaccounted_GeV,6.952968090211467e-08,6.952968090254835e-08,6.237349e-12
point_e82a977f89b559c8,point_4f7a0eb930260ca5,R200_below_hh,BR_bb,0.03306147366637191,0.033061473666372104,5.876599e-15
point_e82a977f89b559c8,point_4f7a0eb930260ca5,R200_below_hh,BR_cc,0.0014765928131153635,0.0014765928131153729,6.314631e-15
point_e82a977f89b559c8,point_4f7a0eb930260ca5,R200_below_hh,BR_tautau,0.003490810449216656,0.0034908104492166756,5.590575e-15
point_e82a977f89b559c8,point_4f7a0eb930260ca5,R200_below_hh,BR_WW,0.7057213807459657,0.7057213807459661,6.292699e-16
point_e82a977f89b559c8,point_4f7a0eb930260ca5,R200_below_hh,BR_ZZ,0.244988470645132,0.24498847064513138,-2.492455e-15
point_e82a977f89b559c8,point_4f7a0eb930260ca5,R200_below_hh,BR_gg,0.010865235536992772,0.010865235536992764,-7.982908e-16
point_e82a977f89b559c8,point_4f7a0eb930260ca5,R200_below_hh,BR_gammagamma,0.00015122813901499135,0.00015122813901499146,7.169315e-16
point_e82a977f89b559c8,point_4f7a0eb930260ca5,R200_below_hh,BR_Zgamma,0.0002204468707245836,0.00022044687072458462,4.672292e-15
point_e82a977f89b559c8,point_4f7a0eb930260ca5,R200_below_hh,ctau_physical_mm,6.913750852259299e-11,6.913750852259347e-11,6.916850e-15
point_b4df024ef3ac9271,point_9f4991936753c33a,R200_below_hh,campaign_id,high_mass_h2_physical_point_scan_v1,high_mass_h2_physical_point_scan_v2_mh12520,
point_b4df024ef3ac9271,point_9f4991936753c33a,R200_below_hh,m_h_GeV,125.13,125.2,5.594182e-04
point_b4df024ef3ac9271,point_9f4991936753c33a,R200_below_hh,lambda1,5.024452383946768,5.024635181258398,3.638154e-05
point_b4df024ef3ac9271,point_9f4991936753c33a,R200_below_hh,lambda2,0.5100338397526949,0.5103494440264993,6.187909e-04
point_b4df024ef3ac9271,point_9f4991936753c33a,R200_below_hh,lambda3,8.408665534172084,8.408905724956233,2.856467e-05
point_b4df024ef3ac9271,point_9f4991936753c33a,R200_below_hh,g_hH2H2_GeV,502.22257748067733,502.28142169267915,1.171676e-04
point_b4df024ef3ac9271,point_9f4991936753c33a,R200_below_hh,width_bb_GeV,0.0006202630235214372,0.0006202630235214369,-5.243915e-16
point_b4df024ef3ac9271,point_9f4991936753c33a,R200_below_hh,width_tautau_GeV,6.549074810218388e-05,6.549074810218385e-05,-4.138761e-16
point_b4df024ef3ac9271,point_9f4991936753c33a,R200_below_hh,width_WW_GeV,0.010050927273090782,0.010050927273090773,-8.629669e-16
point_b4df024ef3ac9271,point_9f4991936753c33a,R200_below_hh,width_ZZ_GeV,0.003489140854138743,0.0034891408541387367,-1.864417e-15
point_b4df024ef3ac9271,point_9f4991936753c33a,R200_below_hh,width_gg_GeV,0.00020384160468631934,0.00020384160468631894,-1.994567e-15
point_b4df024ef3ac9271,point_9f4991936753c33a,R200_below_hh,width_gammagamma_GeV,2.3734483275166732e-06,2.3734483275166614e-06,-4.996301e-15
point_b4df024ef3ac9271,point_9f4991936753c33a,R200_below_hh,width_Zgamma_GeV,3.2203425587380527e-06,3.2203425587380523e-06,-1.315129e-16
point_b4df024ef3ac9271,point_9f4991936753c33a,R200_below_hh,total_width_GeV,0.014463416542330628,0.014463416542330612,-1.079448e-15
point_b4df024ef3ac9271,point_9f4991936753c33a,R200_below_hh,width_unaccounted_GeV,4.5703680520703394e-07,4.5703680520876866e-07,3.795588e-12
point_b4df024ef3ac9271,point_9f4991936753c33a,R200_below_hh,BR_bb,0.04288495886888758,0.0428849588688876,4.854075e-16
point_b4df024ef3ac9271,point_9f4991936753c33a,R200_below_hh,BR_cc,0.001915329688432983,0.001915329688432985,1.018918e-15
point_b4df024ef3ac9271,point_9f4991936753c33a,R200_below_hh,BR_tautau,0.004528027517599982,0.004528027517599986,7.662160e-16
point_b4df024ef3ac9271,point_9f4991936753c33a,R200_below_hh,BR_WW,0.6949206809936196,0.6949206809936197,1.597626e-16
point_b4df024ef3ac9271,point_9f4991936753c33a,R200_below_hh,BR_ZZ,0.2412390491504509,0.24123904915045072,-8.053797e-16
point_b4df024ef3ac9271,point_9f4991936753c33a,R200_below_hh,BR_gg,0.014093599813690521,0.014093599813690509,-8.616013e-16
point_b4df024ef3ac9271,point_9f4991936753c33a,R200_below_hh,BR_gammagamma,0.00016410011566563213,0.00016410011566563148,-3.964173e-15
point_b4df024ef3ac9271,point_9f4991936753c33a,R200_below_hh,BR_Zgamma,0.00022265434652407018,0.0002226543465240704,9.738882e-16
point_b4df024ef3ac9271,point_9f4991936753c33a,R200_below_hh,ctau_physical_mm,1.3643178969676747e-11,1.3643178969676761e-11,1.065755e-15
point_4d6874c53fe2da07,point_ccfa47acc5754a00,R200_below_hh,campaign_id,high_mass_h2_physical_point_scan_v1,high_mass_h2_physical_point_scan_v2_mh12520,
point_4d6874c53fe2da07,point_ccfa47acc5754a00,R200_below_hh,m_h_GeV,125.13,125.2,5.594182e-04
point_4d6874c53fe2da07,point_ccfa47acc5754a00,R200_below_hh,lambda1,3.7048553657506833,3.705038163062313,4.933993e-05
point_4d6874c53fe2da07,point_ccfa47acc5754a00,R200_below_hh,lambda2,0.4275590261154395,0.42787463038924384,7.381537e-04
point_4d6874c53fe2da07,point_ccfa47acc5754a00,R200_below_hh,lambda3,8.07876627962306,8.079006470407212,2.973112e-05
point_4d6874c53fe2da07,point_ccfa47acc5754a00,R200_below_hh,g_hH2H2_GeV,381.55879677837845,381.61764099038027,1.542206e-04
point_4d6874c53fe2da07,point_ccfa47acc5754a00,R200_below_hh,width_bb_GeV,0.0006202630235214372,0.0006202630235214375,5.243915e-16
point_4d6874c53fe2da07,point_ccfa47acc5754a00,R200_below_hh,width_cc_GeV,2.7702211099698574e-05,2.770221109969859e-05,6.115273e-16
point_4d6874c53fe2da07,point_ccfa47acc5754a00,R200_below_hh,width_tautau_GeV,6.549074810218388e-05,6.54907481021839e-05,4.138761e-16
point_4d6874c53fe2da07,point_ccfa47acc5754a00,R200_below_hh,width_WW_GeV,0.010050927273090782,0.0100509272730908,1.725934e-15
point_4d6874c53fe2da07,point_ccfa47acc5754a00,R200_below_hh,width_ZZ_GeV,0.003489140854138743,0.003489140854138753,2.858773e-15
point_4d6874c53fe2da07,point_ccfa47acc5754a00,R200_below_hh,width_gg_GeV,0.00020384160468631934,0.0002038416046863183,-5.052904e-15
point_4d6874c53fe2da07,point_ccfa47acc5754a00,R200_below_hh,width_gammagamma_GeV,2.436542039587401e-06,2.4365420395874106e-06,3.997829e-15
point_4d6874c53fe2da07,point_ccfa47acc5754a00,R200_below_hh,width_Zgamma_GeV,3.2630729695394865e-06,3.2630729695394954e-06,2.725604e-15
point_4d6874c53fe2da07,point_ccfa47acc5754a00,R200_below_hh,total_width_GeV,0.0144635223664535,0.014463522366453527,1.799067e-15
point_4d6874c53fe2da07,point_ccfa47acc5754a00,R200_below_hh,width_unaccounted_GeV,4.5703680520876866e-07,4.570368052105034e-07,3.795588e-12
point_4d6874c53fe2da07,point_ccfa47acc5754a00,R200_below_hh,BR_bb,0.04288464509586316,0.0428846450958631,-1.294430e-15
point_4d6874c53fe2da07,point_ccfa47acc5754a00,R200_below_hh,BR_cc,0.001915315674690054,0.0019153156746900518,-1.132139e-15
point_4d6874c53fe2da07,point_ccfa47acc5754a00,R200_below_hh,BR_tautau,0.0045279943877351925,0.004527994387735186,-1.532443e-15
point_4d6874c53fe2da07,point_ccfa47acc5754a00,R200_below_hh,BR_WW,0.6949155965218243,0.6949155965218242,-1.597637e-16
point_4d6874c53fe2da07,point_ccfa47acc5754a00,R200_below_hh,BR_ZZ,0.24123728409556786,0.24123728409556813,1.150551e-15
point_4d6874c53fe2da07,point_ccfa47acc5754a00,R200_below_hh,BR_gg,0.014093496696151057,0.014093496696150962,-6.769774e-15
point_4d6874c53fe2da07,point_ccfa47acc5754a00,R200_below_hh,BR_gammagamma,0.0001684611796389712,0.00016846117963897157,2.252571e-15
point_4d6874c53fe2da07,point_ccfa47acc5754a00,R200_below_hh,BR_Zgamma,0.00022560707460222927,0.0002256070746022295,9.611420e-16
point_4d6874c53fe2da07,point_ccfa47acc5754a00,R200_below_hh,ctau_physical_mm,1.3643079147696245e-11,1.364307914769622e-11,-1.776271e-15
point_25d2240cc20534aa,point_3bc93442d3ac9c93,R200_below_hh,campaign_id,high_mass_h2_physical_point_scan_v1,high_mass_h2_physical_point_scan_v2_mh12520,
point_25d2240cc20534aa,point_3bc93442d3ac9c93,R200_below_hh,m_h_GeV,125.13,125.2,5.594182e-04
point_25d2240cc20534aa,point_3bc93442d3ac9c93,R200_below_hh,lambda1,2.3852583475545983,2.385441144866228,7.663627e-05
point_25d2240cc20534aa,point_3bc93442d3ac9c93,R200_below_hh,lambda2,0.3450842124781841,0.34539981675198855,9.145718e-04
point_25d2240cc20534aa,point_3bc93442d3ac9c93,R200_below_hh,lambda3,7.74886702507404,7.7491072158581895,3.099689e-05
point_25d2240cc20534aa,point_3bc93442d3ac9c93,R200_below_hh,g_hH2H2_GeV,260.8950160760797,260.9538602880816,2.255475e-04
point_6880b444cba180b0,point_6cdaa606a1cde50d,R200_below_hh,campaign_id,high_mass_h2_physical_point_scan_v1,high_mass_h2_physical_point_scan_v2_mh12520,
point_6880b444cba180b0,point_6cdaa606a1cde50d,R200_below_hh,m_h_GeV,125.13,125.2,5.594182e-04
point_6880b444cba180b0,point_6cdaa606a1cde50d,R200_below_hh,lambda1,1.065661329358513,1.065844126670143,1.715342e-04
point_6880b444cba180b0,point_6cdaa606a1cde50d,R200_below_hh,lambda2,0.2626093988409287,0.2629250031147331,1.201801e-03
point_6880b444cba180b0,point_6cdaa606a1cde50d,R200_below_hh,lambda3,7.418967770525018,7.419207961309168,3.237523e-05
point_6880b444cba180b0,point_6cdaa606a1cde50d,R200_below_hh,g_hH2H2_GeV,140.23123537378115,140.2900795857825,4.196227e-04
point_6880b444cba180b0,point_6cdaa606a1cde50d,R200_below_hh,width_bb_GeV,0.0006202630235214369,0.0006202630235214372,5.243915e-16
point_6880b444cba180b0,point_6cdaa606a1cde50d,R200_below_hh,width_tautau_GeV,6.549074810218385e-05,6.549074810218389e-05,6.208141e-16
point_6880b444cba180b0,point_6cdaa606a1cde50d,R200_below_hh,width_WW_GeV,0.010050927273090773,0.010050927273090782,8.629669e-16
point_6880b444cba180b0,point_6cdaa606a1cde50d,R200_below_hh,width_ZZ_GeV,0.0034891408541387367,0.0034891408541387462,2.734478e-15
point_6880b444cba180b0,point_6cdaa606a1cde50d,R200_below_hh,width_gg_GeV,0.00020384160468631894,0.00020384160468631774,-5.850731e-15
point_6880b444cba180b0,point_6cdaa606a1cde50d,R200_below_hh,width_gammagamma_GeV,2.565553401887598e-06,2.565553401887609e-06,4.292028e-15
point_6880b444cba180b0,point_6cdaa606a1cde50d,R200_below_hh,width_Zgamma_GeV,3.349831620534967e-06,3.349831620534965e-06,-6.321459e-16
point_6880b444cba180b0,point_6cdaa606a1cde50d,R200_below_hh,total_width_GeV,0.01446373813646678,0.014463738136466798,1.319296e-15
point_6880b444cba180b0,point_6cdaa606a1cde50d,R200_below_hh,width_unaccounted_GeV,4.5703680520876866e-07,4.570368052105034e-07,3.795588e-12
point_6880b444cba180b0,point_6cdaa606a1cde50d,R200_below_hh,BR_bb,0.04288400534282319,0.042884005342823155,-8.090305e-16
point_6880b444cba180b0,point_6cdaa606a1cde50d,R200_below_hh,BR_cc,0.0019152871020150885,0.001915287102015086,-1.358588e-15
point_6880b444cba180b0,point_6cdaa606a1cde50d,R200_below_hh,BR_tautau,0.004527926839125007,0.0045279268391250046,-5.746747e-16
point_6880b444cba180b0,point_6cdaa606a1cde50d,R200_below_hh,BR_WW,0.6949052297725038,0.6949052297725035,-4.792983e-16
point_6880b444cba180b0,point_6cdaa606a1cde50d,R200_below_hh,BR_ZZ,0.24123368531830103,0.24123368531830136,1.380682e-15
point_6880b444cba180b0,point_6cdaa606a1cde50d,R200_below_hh,BR_gg,0.014093286449398734,0.014093286449398631,-7.262230e-15
point_6880b444cba180b0,point_6cdaa606a1cde50d,R200_below_hh,BR_gammagamma,0.0001773783082686752,0.00017737830826867573,3.056186e-15
point_6880b444cba180b0,point_6cdaa606a1cde50d,R200_below_hh,BR_Zgamma,0.00023160206503526122,0.00023160206503526078,-1.872526e-15
point_6880b444cba180b0,point_6cdaa606a1cde50d,R200_below_hh,ctau_physical_mm,1.3642875620271932e-11,1.3642875620271914e-11,-1.302618e-15
point_851afb7c5d6d615d,point_55e4ee0c7e342936,R200_below_hh,campaign_id,high_mass_h2_physical_point_scan_v1,high_mass_h2_physical_point_scan_v2_mh12520,
point_851afb7c5d6d615d,point_55e4ee0c7e342936,R200_below_hh,m_h_GeV,125.13,125.2,5.594182e-04
point_851afb7c5d6d615d,point_55e4ee0c7e342936,R200_below_hh,lambda1,4.724452383946768,4.724635181258398,3.869175e-05
point_851afb7c5d6d615d,point_55e4ee0c7e342936,R200_below_hh,lambda2,0.5162838397526949,0.5165994440264993,6.112999e-04
point_851afb7c5d6d615d,point_55e4ee0c7e342936,R200_below_hh,lambda3,8.383665534172083,8.383905724956232,2.864985e-05
point_851afb7c5d6d615d,point_55e4ee0c7e342936,R200_below_hh,g_hH2H2_GeV,506.7874454038441,506.8462896158459,1.161122e-04
point_851afb7c5d6d615d,point_55e4ee0c7e342936,R200_below_hh,width_bb_GeV,0.0006202630235214369,0.0006202630235214366,-5.243915e-16
point_851afb7c5d6d615d,point_55e4ee0c7e342936,R200_below_hh,width_cc_GeV,2.7702211099698564e-05,2.770221109969856e-05,-1.223055e-16
point_851afb7c5d6d615d,point_55e4ee0c7e342936,R200_below_hh,width_tautau_GeV,6.549074810218385e-05,6.549074810218384e-05,-2.069380e-16
point_851afb7c5d6d615d,point_55e4ee0c7e342936,R200_below_hh,width_WW_GeV,0.010050927273090765,0.010050927273090761,-3.451868e-16
point_851afb7c5d6d615d,point_55e4ee0c7e342936,R200_below_hh,width_ZZ_GeV,0.003489140854138734,0.0034891408541387297,-1.242945e-15
point_851afb7c5d6d615d,point_55e4ee0c7e342936,R200_below_hh,width_gg_GeV,0.0002038416046863169,0.0002038416046863185,7.845298e-15
point_851afb7c5d6d615d,point_55e4ee0c7e342936,R200_below_hh,width_gammagamma_GeV,2.3804299276930656e-06,2.3804299276930724e-06,2.846655e-15
point_851afb7c5d6d615d,point_55e4ee0c7e342936,R200_below_hh,width_Zgamma_GeV,3.225081009775905e-06,3.2250810097759066e-06,5.252786e-16
point_851afb7c5d6d615d,point_55e4ee0c7e342936,R200_below_hh,total_width_GeV,0.014463428262381813,0.014463428262381806,-4.797544e-16
point_851afb7c5d6d615d,point_55e4ee0c7e342936,R200_below_hh,width_unaccounted_GeV,4.5703680520876866e-07,4.5703680520703394e-07,-3.795588e-12
point_851afb7c5d6d615d,point_55e4ee0c7e342936,R200_below_hh,BR_cc,0.0019153281363969382,0.0019153281363969389,3.396396e-16
point_851afb7c5d6d615d,point_55e4ee0c7e342936,R200_below_hh,BR_tautau,0.004528023848434323,0.0045280238484343245,3.831083e-16
point_851afb7c5d6d615d,point_55e4ee0c7e342936,R200_below_hh,BR_WW,0.6949201178832822,0.6949201178832823,1.597627e-16
point_851afb7c5d6d615d,point_55e4ee0c7e342936,R200_below_hh,BR_ZZ,0.2412388536688568,0.24123885366885664,-6.903260e-16
point_851afb7c5d6d615d,point_55e4ee0c7e342936,R200_below_hh,BR_gg,0.014093588393319732,0.01409358839331985,8.369848e-15
point_851afb7c5d6d615d,point_55e4ee0c7e342936,R200_below_hh,BR_gammagamma,0.0001645826898373996,0.00016458268983740015,3.293792e-15
point_851afb7c5d6d615d,point_55e4ee0c7e342936,R200_below_hh,BR_Zgamma,0.0002229817821383382,0.00022298178213833844,1.094015e-15
point_851afb7c5d6d615d,point_55e4ee0c7e342936,R200_below_hh,ctau_physical_mm,1.3643167914292578e-11,1.3643167914292585e-11,4.736692e-16
point_ff6e701e37802b9b,point_80ab496a9a816a44,R200_below_hh,campaign_id,high_mass_h2_physical_point_scan_v1,high_mass_h2_physical_point_scan_v2_mh12520,
point_ff6e701e37802b9b,point_80ab496a9a816a44,R200_below_hh,m_h_GeV,125.13,125.2,5.594182e-04
point_ff6e701e37802b9b,point_80ab496a9a816a44,R200_below_hh,lambda1,3.4048553657506835,3.405038163062313,5.368725e-05
point_ff6e701e37802b9b,point_80ab496a9a816a44,R200_below_hh,lambda2,0.4338090261154395,0.43412463038924387,7.275189e-04
point_ff6e701e37802b9b,point_80ab496a9a816a44,R200_below_hh,lambda3,8.05376627962306,8.054006470407211,2.982341e-05
point_ff6e701e37802b9b,point_80ab496a9a816a44,R200_below_hh,g_hH2H2_GeV,386.12366470154535,386.18250891354705,1.523973e-04
point_ff6e701e37802b9b,point_80ab496a9a816a44,R200_below_hh,width_bb_GeV,0.0006202630235214368,0.0006202630235214372,6.991887e-16
point_ff6e701e37802b9b,point_80ab496a9a816a44,R200_below_hh,width_cc_GeV,2.7702211099698557e-05,2.7702211099698574e-05,6.115273e-16
point_ff6e701e37802b9b,point_80ab496a9a816a44,R200_below_hh,width_tautau_GeV,6.549074810218384e-05,6.549074810218388e-05,6.208141e-16
point_ff6e701e37802b9b,point_80ab496a9a816a44,R200_below_hh,width_WW_GeV,0.010050927273090753,0.010050927273090782,2.934087e-15
point_ff6e701e37802b9b,point_80ab496a9a816a44,R200_below_hh,width_ZZ_GeV,0.0034891408541387284,0.003489140854138743,4.226012e-15
point_ff6e701e37802b9b,point_80ab496a9a816a44,R200_below_hh,width_gg_GeV,0.00020384160468631742,0.00020384160468631934,9.440952e-15
point_ff6e701e37802b9b,point_80ab496a9a816a44,R200_below_hh,width_gammagamma_GeV,2.443628495262098e-06,2.4436284952620935e-06,-1.906461e-15
point_ff6e701e37802b9b,point_80ab496a9a816a44,R200_below_hh,width_Zgamma_GeV,3.267859610211819e-06,3.2678596102118246e-06,1.684807e-15
point_ff6e701e37802b9b,point_80ab496a9a816a44,R200_below_hh,total_width_GeV,0.014463534239549802,0.014463534239549849,3.238319e-15
point_ff6e701e37802b9b,point_80ab496a9a816a44,R200_below_hh,BR_bb,0.04288460989191417,0.04288460989191406,-2.588861e-15
point_ff6e701e37802b9b,point_80ab496a9a816a44,R200_below_hh,BR_cc,0.0019153141024099258,0.0019153141024099206,-2.717137e-15
point_ff6e701e37802b9b,point_80ab496a9a816a44,R200_below_hh,BR_tautau,0.0045279906707105305,0.004527990670710519,-2.490222e-15
point_ff6e701e37802b9b,point_80ab496a9a816a44,R200_below_hh,BR_WW,0.6949150260665198,0.6949150260665196,-3.195277e-16
point_ff6e701e37802b9b,point_80ab496a9a816a44,R200_below_hh,BR_ZZ,0.2412370860641965,0.24123708606419675,1.035497e-15
point_ff6e701e37802b9b,point_80ab496a9a816a44,R200_below_hh,BR_gg,0.014093485126817958,0.014093485126818045,6.154345e-15
point_ff6e701e37802b9b,point_80ab496a9a816a44,R200_below_hh,BR_gammagamma,0.00016895099460407953,0.00016895099460407866,-5.133807e-15
point_ff6e701e37802b9b,point_80ab496a9a816a44,R200_below_hh,BR_Zgamma,0.00022593783483956657,0.0002259378348395662,-1.559569e-15
point_ff6e701e37802b9b,point_80ab496a9a816a44,R200_below_hh,ctau_physical_mm,1.3643067948110454e-11,1.3643067948110409e-11,-3.315709e-15
point_18d886d84438d5e6,point_7335c36ebc728f07,R200_below_hh,campaign_id,high_mass_h2_physical_point_scan_v1,high_mass_h2_physical_point_scan_v2_mh12520,
point_18d886d84438d5e6,point_7335c36ebc728f07,R200_below_hh,m_h_GeV,125.13,125.2,5.594182e-04
point_18d886d84438d5e6,point_7335c36ebc728f07,R200_below_hh,lambda1,2.0852583475545985,2.0854411448662282,8.766171e-05
point_18d886d84438d5e6,point_7335c36ebc728f07,R200_below_hh,lambda2,0.3513342124781841,0.3516498167519886,8.983021e-04
point_18d886d84438d5e6,point_7335c36ebc728f07,R200_below_hh,lambda3,7.72386702507404,7.724107215858189,3.109722e-05
point_18d886d84438d5e6,point_7335c36ebc728f07,R200_below_hh,g_hH2H2_GeV,265.4598839992466,265.5187282112484,2.216689e-04
point_18d886d84438d5e6,point_7335c36ebc728f07,R200_below_hh,width_bb_GeV,0.0006202630235214372,0.0006202630235214374,3.495943e-16
point_18d886d84438d5e6,point_7335c36ebc728f07,R200_below_hh,width_cc_GeV,2.7702211099698574e-05,2.7702211099698584e-05,3.669164e-16
point_18d886d84438d5e6,point_7335c36ebc728f07,R200_below_hh,width_tautau_GeV,6.549074810218389e-05,6.549074810218388e-05,-2.069380e-16
point_18d886d84438d5e6,point_7335c36ebc728f07,R200_below_hh,width_WW_GeV,0.010050927273090782,0.010050927273090798,1.553340e-15
point_18d886d84438d5e6,point_7335c36ebc728f07,R200_below_hh,width_ZZ_GeV,0.0034891408541387462,0.003489140854138749,7.457667e-16
point_18d886d84438d5e6,point_7335c36ebc728f07,R200_below_hh,width_gg_GeV,0.00020384160468631774,0.00020384160468631717,-2.792394e-15
point_18d886d84438d5e6,point_7335c36ebc728f07,R200_below_hh,width_gammagamma_GeV,2.5077683755507053e-06,2.5077683755507015e-06,-1.519936e-15
point_18d886d84438d5e6,point_7335c36ebc728f07,R200_below_hh,width_Zgamma_GeV,3.311070820445275e-06,3.3110708204452716e-06,-1.023274e-15
point_18d886d84438d5e6,point_7335c36ebc728f07,R200_below_hh,total_width_GeV,0.014463641590640373,0.014463641590640388,1.079432e-15
point_18d886d84438d5e6,point_7335c36ebc728f07,R200_below_hh,width_unaccounted_GeV,4.570368052105034e-07,4.5703680520876866e-07,-3.795588e-12
point_18d886d84438d5e6,point_7335c36ebc728f07,R200_below_hh,BR_bb,0.042884291596579534,0.042884291596579506,-6.472201e-16
point_18d886d84438d5e6,point_7335c36ebc728f07,R200_below_hh,BR_cc,0.0019152998866914033,0.0019152998866914018,-7.925041e-16
point_18d886d84438d5e6,point_7335c36ebc728f07,R200_below_hh,BR_tautau,0.004527957063355599,0.004527957063355593,-1.340899e-15
point_18d886d84438d5e6,point_7335c36ebc728f07,R200_below_hh,BR_WW,0.6949098683138608,0.6949098683138611,4.792951e-16
point_18d886d84438d5e6,point_7335c36ebc728f07,R200_below_hh,BR_ZZ,0.24123529557014317,0.24123529557014312,-2.301121e-16
point_18d886d84438d5e6,point_7335c36ebc728f07,R200_below_hh,BR_gg,0.014093380523078403,0.014093380523078347,-3.938810e-15
point_18d886d84438d5e6,point_7335c36ebc728f07,R200_below_hh,BR_gammagamma,0.0001733843002009617,0.00017338430020096124,-2.657599e-15
point_18d886d84438d5e6,point_7335c36ebc728f07,R200_below_hh,BR_Zgamma,0.00022892373263645553,0.00022892373263645505,-2.131238e-15
point_18d886d84438d5e6,point_7335c36ebc728f07,R200_below_hh,ctau_physical_mm,1.3642966687427673e-11,1.3642966687427659e-11,-1.065771e-15
point_d22b6c9c29ec6934,point_4e523bff963b3579,R200_below_hh,campaign_id,high_mass_h2_physical_point_scan_v1,high_mass_h2_physical_point_scan_v2_mh12520,
point_d22b6c9c29ec6934,point_4e523bff963b3579,R200_below_hh,m_h_GeV,125.13,125.2,5.594182e-04
point_d22b6c9c29ec6934,point_4e523bff963b3579,R200_below_hh,lambda1,0.765661329358513,0.765844126670143,2.387443e-04
point_d22b6c9c29ec6934,point_4e523bff963b3579,R200_below_hh,lambda2,0.2688593988409287,0.2691750031147331,1.173864e-03
point_d22b6c9c29ec6934,point_4e523bff963b3579,R200_below_hh,lambda3,7.393967770525018,7.394207961309168,3.248469e-05
point_d22b6c9c29ec6934,point_4e523bff963b3579,R200_below_hh,g_hH2H2_GeV,144.79610329694805,144.85494750894952,4.063936e-04
point_d22b6c9c29ec6934,point_4e523bff963b3579,R200_below_hh,width_bb_GeV,0.0006202630235214369,0.0006202630235214372,5.243915e-16
point_d22b6c9c29ec6934,point_4e523bff963b3579,R200_below_hh,width_cc_GeV,2.7702211099698564e-05,2.7702211099698574e-05,3.669164e-16
point_d22b6c9c29ec6934,point_4e523bff963b3579,R200_below_hh,width_tautau_GeV,6.549074810218385e-05,6.549074810218389e-05,6.208141e-16
point_d22b6c9c29ec6934,point_4e523bff963b3579,R200_below_hh,width_WW_GeV,0.010050927273090765,0.010050927273090782,1.725934e-15
point_d22b6c9c29ec6934,point_4e523bff963b3579,R200_below_hh,width_ZZ_GeV,0.003489140854138734,0.0034891408541387462,3.480245e-15
point_d22b6c9c29ec6934,point_4e523bff963b3579,R200_below_hh,width_gg_GeV,0.0002038416046863169,0.00020384160468631774,4.122106e-15
point_d22b6c9c29ec6934,point_4e523bff963b3579,R200_below_hh,width_gammagamma_GeV,2.5728495685588854e-06,2.572849568558892e-06,2.469148e-15
point_d22b6c9c29ec6934,point_4e523bff963b3579,R200_below_hh,width_Zgamma_GeV,3.3547146404762595e-06,3.3547146404762633e-06,1.136206e-15
point_d22b6c9c29ec6934,point_4e523bff963b3579,R200_below_hh,total_width_GeV,0.014463750315653378,0.01446375031565341,2.278783e-15
point_d22b6c9c29ec6934,point_4e523bff963b3579,R200_below_hh,width_unaccounted_GeV,4.5703680520876866e-07,4.570368052105034e-07,3.795588e-12
point_d22b6c9c29ec6934,point_4e523bff963b3579,R200_below_hh,BR_bb,0.04288396923238905,0.04288396923238898,-1.779869e-15
point_d22b6c9c29ec6934,point_4e523bff963b3579,R200_below_hh,BR_cc,0.0019152854892494843,0.0019152854892494806,-1.924667e-15
point_d22b6c9c29ec6934,point_4e523bff963b3579,R200_below_hh,BR_tautau,0.004527923026388707,0.004527923026388699,-1.724026e-15
point_d22b6c9c29ec6934,point_4e523bff963b3579,R200_below_hh,BR_WW,0.6949046446282442,0.6949046446282438,-6.390650e-16
point_d22b6c9c29ec6934,point_4e523bff963b3579,R200_below_hh,BR_ZZ,0.24123348218771554,0.24123348218771584,1.265626e-15
point_d22b6c9c29ec6934,point_4e523bff963b3579,R200_below_hh,BR_gg,0.014093274582160725,0.014093274582160751,1.846331e-15
point_d22b6c9c29ec6934,point_4e523bff963b3579,R200_below_hh,BR_gammagamma,0.00017788260391735482,0.00017788260391735485,1.523761e-16
point_d22b6c9c29ec6934,point_4e523bff963b3579,R200_below_hh,BR_Zgamma,0.00023193947401357054,0.0002319394740135703,-1.051764e-15
point_d22b6c9c29ec6934,point_4e523bff963b3579,R200_below_hh,ctau_physical_mm,1.3642864132302055e-11,1.3642864132302025e-11,-2.249979e-15
point_9795bf875f6f6b49,point_7d3b967cd3785aa6,R200_below_hh,campaign_id,high_mass_h2_physical_point_scan_v1,high_mass_h2_physical_point_scan_v2_mh12520,
point_9795bf875f6f6b49,point_7d3b967cd3785aa6,R200_below_hh,m_h_GeV,125.13,125.2,5.594182e-04
point_9795bf875f6f6b49,point_7d3b967cd3785aa6,R200_below_hh,lambda1,5.024452383646768,5.024635180958398,3.638154e-05
point_9795bf875f6f6b49,point_7d3b967cd3785aa6,R200_below_hh,lambda2,0.5100338397589449,0.5103494440327493,6.187909e-04
point_9795bf875f6f6b49,point_7d3b967cd3785aa6,R200_below_hh,lambda3,8.408665534147083,8.408905724931232,2.856467e-05
point_9795bf875f6f6b49,point_7d3b967cd3785aa6,R200_below_hh,g_hH2H2_GeV,502.22257748524225,502.2814216972439,1.171676e-04
point_9795bf875f6f6b49,point_7d3b967cd3785aa6,R200_below_hh,width_bb_GeV,0.0006202630235214369,0.0006202630235214372,5.243915e-16
point_9795bf875f6f6b49,point_7d3b967cd3785aa6,R200_below_hh,width_tautau_GeV,6.549074810218385e-05,6.549074810218388e-05,4.138761e-16
point_9795bf875f6f6b49,point_7d3b967cd3785aa6,R200_below_hh,width_WW_GeV,0.010050927273090773,0.010050927273090782,8.629669e-16
point_9795bf875f6f6b49,point_7d3b967cd3785aa6,R200_below_hh,width_ZZ_GeV,0.0034891408541387367,0.003489140854138743,1.864417e-15
point_9795bf875f6f6b49,point_7d3b967cd3785aa6,R200_below_hh,width_gg_GeV,0.00020384160468631894,0.00020384160468631934,1.994567e-15
point_9795bf875f6f6b49,point_7d3b967cd3785aa6,R200_below_hh,width_gammagamma_GeV,2.373448327523637e-06,2.373448327523643e-06,2.498150e-15
point_9795bf875f6f6b49,point_7d3b967cd3785aa6,R200_below_hh,width_Zgamma_GeV,3.220342558742788e-06,3.220342558742794e-06,1.841180e-15
point_9795bf875f6f6b49,point_7d3b967cd3785aa6,R200_below_hh,total_width_GeV,0.014463416542330625,0.01446341654233064,1.079448e-15
point_9795bf875f6f6b49,point_7d3b967cd3785aa6,R200_below_hh,width_unaccounted_GeV,4.5703680520876866e-07,4.5703680520703394e-07,-3.795588e-12
point_9795bf875f6f6b49,point_7d3b967cd3785aa6,R200_below_hh,BR_bb,0.04288495886888757,0.042884958868887546,-4.854075e-16
point_9795bf875f6f6b49,point_7d3b967cd3785aa6,R200_below_hh,BR_cc,0.0019153296884329835,0.0019153296884329813,-1.132131e-15
point_9795bf875f6f6b49,point_7d3b967cd3785aa6,R200_below_hh,BR_tautau,0.0045280275175999815,0.004528027517599979,-5.746620e-16
point_9795bf875f6f6b49,point_7d3b967cd3785aa6,R200_below_hh,BR_WW,0.6949206809936191,0.6949206809936189,-3.195251e-16
point_9795bf875f6f6b49,point_7d3b967cd3785aa6,R200_below_hh,BR_ZZ,0.24123904915045052,0.24123904915045072,8.053797e-16
point_9795bf875f6f6b49,point_7d3b967cd3785aa6,R200_below_hh,BR_gg,0.014093599813690497,0.014093599813690509,8.616013e-16
point_9795bf875f6f6b49,point_7d3b967cd3785aa6,R200_below_hh,BR_gammagamma,0.00016410011566611365,0.0001641001156661139,1.486565e-15
point_9795bf875f6f6b49,point_7d3b967cd3785aa6,R200_below_hh,BR_Zgamma,0.00022265434652439764,0.0002226543465243978,7.304161e-16
point_9795bf875f6f6b49,point_7d3b967cd3785aa6,R200_below_hh,ctau_physical_mm,1.364317896967675e-11,1.3643178969676736e-11,-1.065755e-15
point_384fb51333fc5693,point_605573360a7dfa10,R200_below_hh,campaign_id,high_mass_h2_physical_point_scan_v1,high_mass_h2_physical_point_scan_v2_mh12520,
point_384fb51333fc5693,point_605573360a7dfa10,R200_below_hh,m_h_GeV,125.13,125.2,5.594182e-04
point_384fb51333fc5693,point_605573360a7dfa10,R200_below_hh,lambda1,3.7048553654506833,3.705038162762313,4.933993e-05
point_384fb51333fc5693,point_605573360a7dfa10,R200_below_hh,lambda2,0.4275590261216895,0.42787463039549384,7.381537e-04
point_384fb51333fc5693,point_605573360a7dfa10,R200_below_hh,lambda3,8.07876627959806,8.079006470382211,2.973112e-05
point_384fb51333fc5693,point_605573360a7dfa10,R200_below_hh,g_hH2H2_GeV,381.5587967829433,381.61764099494513,1.542206e-04
point_384fb51333fc5693,point_605573360a7dfa10,R200_below_hh,width_bb_GeV,0.0006202630235214375,0.0006202630235214376,1.747972e-16
point_384fb51333fc5693,point_605573360a7dfa10,R200_below_hh,width_cc_GeV,2.770221109969859e-05,2.77022110996986e-05,3.669164e-16
point_384fb51333fc5693,point_605573360a7dfa10,R200_below_hh,width_tautau_GeV,6.54907481021839e-05,6.549074810218392e-05,2.069380e-16
point_384fb51333fc5693,point_605573360a7dfa10,R200_below_hh,width_WW_GeV,0.0100509272730908,0.01005092727309082,2.071121e-15
point_384fb51333fc5693,point_605573360a7dfa10,R200_below_hh,width_ZZ_GeV,0.003489140854138753,0.0034891408541387636,2.983067e-15
point_384fb51333fc5693,point_605573360a7dfa10,R200_below_hh,width_gg_GeV,0.0002038416046863183,0.00020384160468631956,6.116673e-15
point_384fb51333fc5693,point_605573360a7dfa10,R200_below_hh,width_Zgamma_GeV,3.2630729695442706e-06,3.2630729695442744e-06,1.168116e-15
point_384fb51333fc5693,point_605573360a7dfa10,R200_below_hh,total_width_GeV,0.014463522366453537,0.01446352236645357,2.278819e-15
point_384fb51333fc5693,point_605573360a7dfa10,R200_below_hh,BR_bb,0.04288464509586307,0.04288464509586298,-2.103448e-15
point_384fb51333fc5693,point_605573360a7dfa10,R200_below_hh,BR_cc,0.0019153156746900505,0.0019153156746900468,-1.924637e-15
point_384fb51333fc5693,point_605573360a7dfa10,R200_below_hh,BR_tautau,0.004527994387735183,0.004527994387735173,-2.107109e-15
point_384fb51333fc5693,point_605573360a7dfa10,R200_below_hh,BR_WW,0.6949155965218238,0.6949155965218236,-3.195274e-16
point_384fb51333fc5693,point_605573360a7dfa10,R200_below_hh,BR_ZZ,0.24123728409556794,0.2412372840955681,6.903305e-16
point_384fb51333fc5693,point_605573360a7dfa10,R200_below_hh,BR_gg,0.014093496696150952,0.014093496696151005,3.815691e-15
point_384fb51333fc5693,point_605573360a7dfa10,R200_below_hh,BR_gammagamma,0.00016846117963946074,0.00016846117963946036,-2.252571e-15
point_384fb51333fc5693,point_605573360a7dfa10,R200_below_hh,BR_Zgamma,0.00022560707460255946,0.00022560707460255922,-1.081285e-15
point_384fb51333fc5693,point_605573360a7dfa10,R200_below_hh,ctau_physical_mm,1.3643079147696211e-11,1.364307914769618e-11,-2.249943e-15
point_011af49c15561f96,point_feb838bf5e5e421f,R200_below_hh,campaign_id,high_mass_h2_physical_point_scan_v1,high_mass_h2_physical_point_scan_v2_mh12520,
point_011af49c15561f96,point_feb838bf5e5e421f,R200_below_hh,m_h_GeV,125.13,125.2,5.594182e-04
point_011af49c15561f96,point_feb838bf5e5e421f,R200_below_hh,lambda1,2.3852583472545983,2.385441144566228,7.663627e-05
point_011af49c15561f96,point_feb838bf5e5e421f,R200_below_hh,lambda2,0.3450842124844341,0.34539981675823855,9.145718e-04
point_011af49c15561f96,point_feb838bf5e5e421f,R200_below_hh,lambda3,7.748867025049041,7.74910721583319,3.099689e-05
point_011af49c15561f96,point_feb838bf5e5e421f,R200_below_hh,g_hH2H2_GeV,260.89501608064444,260.95386029264637,2.255475e-04
point_011af49c15561f96,point_feb838bf5e5e421f,R200_below_hh,width_bb_GeV,0.0006202630235214369,0.0006202630235214377,1.398377e-15
point_011af49c15561f96,point_feb838bf5e5e421f,R200_below_hh,width_cc_GeV,2.7702211099698574e-05,2.7702211099698597e-05,8.561382e-16
point_011af49c15561f96,point_feb838bf5e5e421f,R200_below_hh,width_tautau_GeV,6.549074810218385e-05,6.549074810218393e-05,1.241628e-15
point_011af49c15561f96,point_feb838bf5e5e421f,R200_below_hh,width_WW_GeV,0.010050927273090773,0.010050927273090815,4.142241e-15
point_011af49c15561f96,point_feb838bf5e5e421f,R200_below_hh,width_ZZ_GeV,0.0034891408541387367,0.003489140854138761,6.960490e-15
point_011af49c15561f96,point_feb838bf5e5e421f,R200_below_hh,width_gg_GeV,0.00020384160468631894,0.00020384160468631807,-4.255077e-15
point_011af49c15561f96,point_feb838bf5e5e421f,R200_below_hh,width_gammagamma_GeV,2.5005770643848876e-06,2.5005770643849e-06,4.911657e-15
point_011af49c15561f96,point_feb838bf5e5e421f,R200_below_hh,width_Zgamma_GeV,3.3062359901432906e-06,3.3062359901432978e-06,2.177636e-15
point_011af49c15561f96,point_feb838bf5e5e421f,R200_below_hh,total_width_GeV,0.014463629564498886,0.014463629564498951,4.557604e-15
point_011af49c15561f96,point_feb838bf5e5e421f,R200_below_hh,width_unaccounted_GeV,4.5703680520876866e-07,4.5703680520703394e-07,-3.795588e-12
point_011af49c15561f96,point_feb838bf5e5e421f,R200_below_hh,BR_bb,0.04288432725378132,0.04288432725378119,-3.074293e-15
point_011af49c15561f96,point_feb838bf5e5e421f,R200_below_hh,BR_cc,0.001915301479214727,0.0019153014792147199,-3.736088e-15
point_011af49c15561f96,point_feb838bf5e5e421f,R200_below_hh,BR_tautau,0.00452796082823716,0.004527960828237145,-3.448023e-15
point_011af49c15561f96,point_feb838bf5e5e421f,R200_below_hh,BR_WW,0.6949104461138074,0.694910446113807,-4.792947e-16
point_011af49c15561f96,point_feb838bf5e5e421f,R200_below_hh,BR_ZZ,0.2412354961511781,0.24123549615117867,2.416175e-15
point_011af49c15561f96,point_feb838bf5e5e421f,R200_below_hh,BR_gg,0.014093392241367275,0.014093392241367152,-8.739228e-15
point_011af49c15561f96,point_feb838bf5e5e421f,R200_below_hh,BR_gammagamma,0.00017288724474267354,0.0001728872447426736,3.135576e-16
point_011af49c15561f96,point_feb838bf5e5e421f,R200_below_hh,BR_Zgamma,0.00022858964794414245,0.0002285896479441419,-2.371503e-15
point_011af49c15561f96,point_feb838bf5e5e421f,R200_below_hh,ctau_physical_mm,1.3642978031208773e-11,1.3642978031208711e-11,-4.499920e-15
point_2d8ec7b308e97700,point_0a1bc70b46cf1165,R200_below_hh,campaign_id,high_mass_h2_physical_point_scan_v1,high_mass_h2_physical_point_scan_v2_mh12520,
point_2d8ec7b308e97700,point_0a1bc70b46cf1165,R200_below_hh,m_h_GeV,125.13,125.2,5.594182e-04
point_2d8ec7b308e97700,point_0a1bc70b46cf1165,R200_below_hh,lambda1,1.065661329058513,1.065844126370143,1.715342e-04
point_2d8ec7b308e97700,point_0a1bc70b46cf1165,R200_below_hh,lambda2,0.2626093988471787,0.2629250031209831,1.201801e-03
point_2d8ec7b308e97700,point_0a1bc70b46cf1165,R200_below_hh,lambda3,7.418967770500019,7.419207961284169,3.237523e-05
point_2d8ec7b308e97700,point_0a1bc70b46cf1165,R200_below_hh,g_hH2H2_GeV,140.23123537834556,140.29007959034726,4.196227e-04
point_2d8ec7b308e97700,point_0a1bc70b46cf1165,R200_below_hh,width_bb_GeV,0.0006202630235214369,0.0006202630235214372,5.243915e-16
point_2d8ec7b308e97700,point_0a1bc70b46cf1165,R200_below_hh,width_tautau_GeV,6.549074810218385e-05,6.549074810218389e-05,6.208141e-16
point_2d8ec7b308e97700,point_0a1bc70b46cf1165,R200_below_hh,width_WW_GeV,0.010050927273090773,0.010050927273090782,8.629669e-16
point_2d8ec7b308e97700,point_0a1bc70b46cf1165,R200_below_hh,width_ZZ_GeV,0.0034891408541387367,0.0034891408541387462,2.734478e-15
point_2d8ec7b308e97700,point_0a1bc70b46cf1165,R200_below_hh,width_gg_GeV,0.00020384160468631894,0.00020384160468631774,-5.850731e-15
point_2d8ec7b308e97700,point_0a1bc70b46cf1165,R200_below_hh,width_gammagamma_GeV,2.565553401894888e-06,2.5655534018949e-06,4.622185e-15
point_2d8ec7b308e97700,point_0a1bc70b46cf1165,R200_below_hh,width_Zgamma_GeV,3.349831620539847e-06,3.349831620539846e-06,-3.792875e-16
point_2d8ec7b308e97700,point_0a1bc70b46cf1165,R200_below_hh,total_width_GeV,0.014463738136466791,0.01446373813646681,1.319296e-15
point_2d8ec7b308e97700,point_0a1bc70b46cf1165,R200_below_hh,width_unaccounted_GeV,4.5703680520876866e-07,4.570368052105034e-07,3.795588e-12
point_2d8ec7b308e97700,point_0a1bc70b46cf1165,R200_below_hh,BR_bb,0.042884005342823155,0.04288400534282312,-8.090305e-16
point_2d8ec7b308e97700,point_0a1bc70b46cf1165,R200_below_hh,BR_cc,0.0019152871020150868,0.0019152871020150844,-1.245372e-15
point_2d8ec7b308e97700,point_0a1bc70b46cf1165,R200_below_hh,BR_tautau,0.004527926839125004,0.004527926839125,-7.662330e-16
point_2d8ec7b308e97700,point_0a1bc70b46cf1165,R200_below_hh,BR_WW,0.6949052297725032,0.6949052297725029,-4.792983e-16
point_2d8ec7b308e97700,point_0a1bc70b46cf1165,R200_below_hh,BR_ZZ,0.24123368531830083,0.24123368531830117,1.380682e-15
point_2d8ec7b308e97700,point_0a1bc70b46cf1165,R200_below_hh,BR_gg,0.014093286449398721,0.014093286449398619,-7.262230e-15
point_2d8ec7b308e97700,point_0a1bc70b46cf1165,R200_below_hh,BR_gammagamma,0.00017737830826917907,0.00017737830826917964,3.208995e-15
point_2d8ec7b308e97700,point_0a1bc70b46cf1165,R200_below_hh,BR_Zgamma,0.00023160206503559843,0.00023160206503559805,-1.638460e-15
point_2d8ec7b308e97700,point_0a1bc70b46cf1165,R200_below_hh,ctau_physical_mm,1.364287562027192e-11,1.3642875620271903e-11,-1.302618e-15
point_37819d52e815a358,point_49cdeb803cd46ed1,R200_below_hh,campaign_id,high_mass_h2_physical_point_scan_v1,high_mass_h2_physical_point_scan_v2_mh12520,
point_37819d52e815a358,point_49cdeb803cd46ed1,R200_below_hh,m_h_GeV,125.13,125.2,5.594182e-04
point_37819d52e815a358,point_49cdeb803cd46ed1,R200_below_hh,lambda1,5.324452383946768,5.324635181258397,3.433166e-05
point_37819d52e815a358,point_49cdeb803cd46ed1,R200_below_hh,lambda2,0.5037838397526949,0.5040994440264993,6.264676e-04
point_37819d52e815a358,point_49cdeb803cd46ed1,R200_below_hh,lambda3,8.433665534172084,8.433905724956233,2.848000e-05
point_37819d52e815a358,point_49cdeb803cd46ed1,R200_below_hh,g_hH2H2_GeV,497.65770955751054,497.7165537695121,1.182423e-04
point_37819d52e815a358,point_49cdeb803cd46ed1,R200_below_hh,width_tautau_GeV,6.549074810218388e-05,6.549074810218389e-05,2.069380e-16
point_37819d52e815a358,point_49cdeb803cd46ed1,R200_below_hh,width_ZZ_GeV,0.003489140854138743,0.0034891408541387462,8.700612e-16
point_37819d52e815a358,point_49cdeb803cd46ed1,R200_below_hh,width_gg_GeV,0.00020384160468631934,0.00020384160468631774,-7.845298e-15
point_37819d52e815a358,point_49cdeb803cd46ed1,R200_below_hh,width_gammagamma_GeV,2.3664784074921404e-06,2.366478407492148e-06,3.221367e-15
point_37819d52e815a358,point_49cdeb803cd46ed1,R200_below_hh,width_Zgamma_GeV,3.2156094756805007e-06,3.215609475680487e-06,-4.214606e-15
point_37819d52e815a358,point_49cdeb803cd46ed1,R200_below_hh,total_width_GeV,0.014463404839327548,0.01446340483932755,1.199388e-16
point_37819d52e815a358,point_49cdeb803cd46ed1,R200_below_hh,width_unaccounted_GeV,4.5703680520876866e-07,4.570368052105034e-07,3.795588e-12
point_37819d52e815a358,point_49cdeb803cd46ed1,R200_below_hh,BR_bb,0.04288499356907134,0.042884993569071335,-1.618024e-16
point_37819d52e815a358,point_49cdeb803cd46ed1,R200_below_hh,BR_cc,0.0019153312382139296,0.0019153312382139294,-1.132130e-16
point_37819d52e815a358,point_49cdeb803cd46ed1,R200_below_hh,BR_WW,0.6949212432857603,0.6949212432857602,-1.597624e-16
point_37819d52e815a358,point_49cdeb803cd46ed1,R200_below_hh,BR_ZZ,0.241239244348011,0.2412392443480112,8.053790e-16
point_37819d52e815a358,point_49cdeb803cd46ed1,R200_below_hh,BR_gg,0.014093611217467423,0.01409361121746731,-8.000577e-15
point_37819d52e815a358,point_49cdeb803cd46ed1,R200_below_hh,BR_gammagamma,0.00016361834808477683,0.00016361834808477734,3.147545e-15
point_37819d52e815a358,point_49cdeb803cd46ed1,R200_below_hh,BR_Zgamma,0.00022232728125931413,0.00022232728125931315,-4.388944e-15
point_37819d52e815a358,point_49cdeb803cd46ed1,R200_below_hh,ctau_physical_mm,1.3643190008997522e-11,1.364319000899752e-11,-1.184171e-16
point_cf87c7187e16d8fa,point_7ef775154bbe0823,R200_below_hh,campaign_id,high_mass_h2_physical_point_scan_v1,high_mass_h2_physical_point_scan_v2_mh12520,
point_cf87c7187e16d8fa,point_7ef775154bbe0823,R200_below_hh,m_h_GeV,125.13,125.2,5.594182e-04
point_cf87c7187e16d8fa,point_7ef775154bbe0823,R200_below_hh,lambda1,4.004855365750683,4.005038163062313,4.564392e-05
point_cf87c7187e16d8fa,point_7ef775154bbe0823,R200_below_hh,lambda2,0.4213090261154395,0.4216246303892438,7.491040e-04
point_cf87c7187e16d8fa,point_7ef775154bbe0823,R200_below_hh,lambda3,8.103766279623061,8.104006470407212,2.963940e-05
point_cf87c7187e16d8fa,point_7ef775154bbe0823,R200_below_hh,g_hH2H2_GeV,376.99392885521166,377.05277306721325,1.560880e-04
point_cf87c7187e16d8fa,point_7ef775154bbe0823,R200_below_hh,width_bb_GeV,0.0006202630235214372,0.0006202630235214377,8.739858e-16
point_cf87c7187e16d8fa,point_7ef775154bbe0823,R200_below_hh,width_cc_GeV,2.7702211099698574e-05,2.7702211099698597e-05,8.561382e-16
point_cf87c7187e16d8fa,point_7ef775154bbe0823,R200_below_hh,width_tautau_GeV,6.549074810218389e-05,6.549074810218393e-05,6.208141e-16
point_cf87c7187e16d8fa,point_7ef775154bbe0823,R200_below_hh,width_WW_GeV,0.010050927273090782,0.010050927273090815,3.279274e-15
point_cf87c7187e16d8fa,point_7ef775154bbe0823,R200_below_hh,width_ZZ_GeV,0.0034891408541387462,0.003489140854138761,4.226012e-15
point_cf87c7187e16d8fa,point_7ef775154bbe0823,R200_below_hh,width_gg_GeV,0.00020384160468631774,0.00020384160468631807,1.595654e-15
point_cf87c7187e16d8fa,point_7ef775154bbe0823,R200_below_hh,width_gammagamma_GeV,2.4294672640645825e-06,2.4294672640645816e-06,-3.486497e-16
point_cf87c7187e16d8fa,point_7ef775154bbe0823,R200_below_hh,width_Zgamma_GeV,3.258291696847448e-06,3.258291696847458e-06,2.989566e-15
point_cf87c7187e16d8fa,point_7ef775154bbe0823,R200_below_hh,total_width_GeV,0.014463510510405288,0.014463510510405337,3.358262e-15
point_cf87c7187e16d8fa,point_7ef775154bbe0823,R200_below_hh,width_unaccounted_GeV,4.570368052105034e-07,4.5703680520876866e-07,-3.795588e-12
point_cf87c7187e16d8fa,point_7ef775154bbe0823,R200_below_hh,BR_bb,0.04288468024932189,0.04288468024932178,-2.588857e-15
point_cf87c7187e16d8fa,point_7ef775154bbe0823,R200_below_hh,BR_cc,0.001915317244715185,0.0019153172447151801,-2.490705e-15
point_cf87c7187e16d8fa,point_7ef775154bbe0823,R200_below_hh,BR_tautau,0.004527998099428819,0.004527998099428806,-2.681773e-15
point_cf87c7187e16d8fa,point_7ef775154bbe0823,R200_below_hh,BR_ZZ,0.2412374818429178,0.241237481842918,8.053849e-16
point_cf87c7187e16d8fa,point_7ef775154bbe0823,R200_below_hh,BR_gg,0.01409350824889094,0.014093508248890916,-1.723214e-15
point_cf87c7187e16d8fa,point_7ef775154bbe0823,R200_below_hh,BR_gammagamma,0.0001679721712316511,0.00016797217123165048,-3.711426e-15
point_cf87c7187e16d8fa,point_7ef775154bbe0823,R200_below_hh,BR_Zgamma,0.00022527668469583364,0.00022527668469583356,-3.609569e-16
point_cf87c7187e16d8fa,point_7ef775154bbe0823,R200_below_hh,ctau_physical_mm,1.3643090331219361e-11,1.3643090331219316e-11,-3.315703e-15
point_c064181b05885e21,point_a5ed658833eb5ae6,R200_below_hh,campaign_id,high_mass_h2_physical_point_scan_v1,high_mass_h2_physical_point_scan_v2_mh12520,
point_c064181b05885e21,point_a5ed658833eb5ae6,R200_below_hh,m_h_GeV,125.13,125.2,5.594182e-04
point_c064181b05885e21,point_a5ed658833eb5ae6,R200_below_hh,lambda1,2.685258347554598,2.685441144866228,6.807439e-05
point_c064181b05885e21,point_a5ed658833eb5ae6,R200_below_hh,lambda2,0.3388342124781841,0.3391498167519885,9.314416e-04
point_c064181b05885e21,point_a5ed658833eb5ae6,R200_below_hh,lambda3,7.773867025074041,7.77410721585819,3.089721e-05
point_c064181b05885e21,point_a5ed658833eb5ae6,R200_below_hh,g_hH2H2_GeV,256.3301481529128,256.38899236491454,2.295641e-04
point_c064181b05885e21,point_a5ed658833eb5ae6,R200_below_hh,width_bb_GeV,0.0006202630235214369,0.0006202630235214372,5.243915e-16
point_c064181b05885e21,point_a5ed658833eb5ae6,R200_below_hh,width_tautau_GeV,6.549074810218385e-05,6.549074810218389e-05,6.208141e-16
point_c064181b05885e21,point_a5ed658833eb5ae6,R200_below_hh,width_WW_GeV,0.010050927273090773,0.010050927273090782,8.629669e-16
point_c064181b05885e21,point_a5ed658833eb5ae6,R200_below_hh,width_ZZ_GeV,0.0034891408541387367,0.0034891408541387462,2.734478e-15
point_c064181b05885e21,point_a5ed658833eb5ae6,R200_below_hh,width_gg_GeV,0.00020384160468631894,0.00020384160468631774,-5.850731e-15
point_c064181b05885e21,point_a5ed658833eb5ae6,R200_below_hh,width_gammagamma_GeV,2.493397433356586e-06,2.4933974333566017e-06,6.284642e-15
point_c064181b05885e21,point_a5ed658833eb5ae6,R200_below_hh,width_Zgamma_GeV,3.301406527811941e-06,3.30140652781194e-06,-3.848509e-16
point_c064181b05885e21,point_a5ed658833eb5ae6,R200_below_hh,total_width_GeV,0.014463617555405525,0.014463617555405544,1.319307e-15
point_c064181b05885e21,point_a5ed658833eb5ae6,R200_below_hh,width_unaccounted_GeV,4.5703680520876866e-07,4.570368052105034e-07,3.795588e-12
point_c064181b05885e21,point_a5ed658833eb5ae6,R200_below_hh,BR_bb,0.042884362860495046,0.04288436286049501,-8.090238e-16
point_c064181b05885e21,point_a5ed658833eb5ae6,R200_below_hh,BR_cc,0.0019153030694831498,0.0019153030694831472,-1.358576e-15
point_c064181b05885e21,point_a5ed658833eb5ae6,R200_below_hh,BR_tautau,0.004527964587787916,0.004527964587787914,-5.746700e-16
point_c064181b05885e21,point_a5ed658833eb5ae6,R200_below_hh,BR_WW,0.6949110230956304,0.69491102309563,-4.792943e-16
point_c064181b05885e21,point_a5ed658833eb5ae6,R200_below_hh,BR_ZZ,0.24123569644820503,0.2412356964482054,1.495726e-15
point_c064181b05885e21,point_a5ed658833eb5ae6,R200_below_hh,BR_gg,0.014093403943063793,0.014093403943063692,-7.139082e-15
point_c064181b05885e21,point_a5ed658833eb5ae6,R200_below_hh,BR_gammagamma,0.00017239099580759602,0.00017239099580759689,5.031363e-15
point_c064181b05885e21,point_a5ed658833eb5ae6,R200_below_hh,BR_Zgamma,0.000228255933563322,0.0002282559335633216,-1.662479e-15
point_c064181b05885e21,point_a5ed658833eb5ae6,R200_below_hh,ctau_physical_mm,1.3642989358927876e-11,1.3642989358927858e-11,-1.302607e-15
point_1c0d97e9294f6b33,point_0724020dfd422ad4,R200_below_hh,campaign_id,high_mass_h2_physical_point_scan_v1,high_mass_h2_physical_point_scan_v2_mh12520,
point_1c0d97e9294f6b33,point_0724020dfd422ad4,R200_below_hh,m_h_GeV,125.13,125.2,5.594182e-04
point_1c0d97e9294f6b33,point_0724020dfd422ad4,R200_below_hh,lambda1,1.3656613293585131,1.365844126670143,1.338526e-04
point_1c0d97e9294f6b33,point_0724020dfd422ad4,R200_below_hh,lambda2,0.25635939884092873,0.2566750031147331,1.231101e-03
point_1c0d97e9294f6b33,point_0724020dfd422ad4,R200_below_hh,lambda3,7.443967770525019,7.444207961309169,3.226650e-05
point_1c0d97e9294f6b33,point_0724020dfd422ad4,R200_below_hh,g_hH2H2_GeV,135.66636745061368,135.7252116626155,4.337421e-04
point_1c0d97e9294f6b33,point_0724020dfd422ad4,R200_below_hh,width_bb_GeV,0.0006202630235214369,0.0006202630235214372,5.243915e-16
point_1c0d97e9294f6b33,point_0724020dfd422ad4,R200_below_hh,width_tautau_GeV,6.549074810218385e-05,6.549074810218389e-05,6.208141e-16
point_1c0d97e9294f6b33,point_0724020dfd422ad4,R200_below_hh,width_WW_GeV,0.010050927273090773,0.010050927273090782,8.629669e-16
point_1c0d97e9294f6b33,point_0724020dfd422ad4,R200_below_hh,width_ZZ_GeV,0.0034891408541387367,0.0034891408541387462,2.734478e-15
point_1c0d97e9294f6b33,point_0724020dfd422ad4,R200_below_hh,width_gg_GeV,0.00020384160468631894,0.00020384160468631774,-5.850731e-15
point_1c0d97e9294f6b33,point_0724020dfd422ad4,R200_below_hh,width_gammagamma_GeV,2.5582689153681863e-06,2.5582689153681986e-06,4.800894e-15
point_1c0d97e9294f6b33,point_0724020dfd422ad4,R200_below_hh,width_Zgamma_GeV,3.344953968573969e-06,3.3449539685739674e-06,-5.064542e-16
point_1c0d97e9294f6b33,point_0724020dfd422ad4,R200_below_hh,total_width_GeV,0.014463725974328299,0.014463725974328316,1.199361e-15
point_1c0d97e9294f6b33,point_0724020dfd422ad4,R200_below_hh,BR_bb,0.042884041402771536,0.04288404140277151,-6.472239e-16
point_1c0d97e9294f6b33,point_0724020dfd422ad4,R200_below_hh,BR_cc,0.0019152887125258936,0.0019152887125258914,-1.132155e-15
point_1c0d97e9294f6b33,point_0724020dfd422ad4,R200_below_hh,BR_tautau,0.004527930646530744,0.004527930646530742,-5.746743e-16
point_1c0d97e9294f6b33,point_0724020dfd422ad4,R200_below_hh,BR_WW,0.6949058140986761,0.6949058140986758,-4.792979e-16
point_1c0d97e9294f6b33,point_0724020dfd422ad4,R200_below_hh,BR_ZZ,0.24123388816489064,0.241233888164891,1.495737e-15
point_1c0d97e9294f6b33,point_0724020dfd422ad4,R200_below_hh,BR_gg,0.014093298300045083,0.014093298300044984,-7.016047e-15
point_1c0d97e9294f6b33,point_0724020dfd422ad4,R200_below_hh,BR_gammagamma,0.00017687481911015624,0.0001768748191101569,3.677863e-15
point_1c0d97e9294f6b33,point_0724020dfd422ad4,R200_below_hh,BR_Zgamma,0.0002312650263501214,0.00023126502635012098,-1.758051e-15
point_1c0d97e9294f6b33,point_0724020dfd422ad4,R200_below_hh,ctau_physical_mm,1.3642887092180544e-11,1.3642887092180528e-11,-1.184197e-15
point_4aed8e968255aa8d,point_83ae22fb525f6952,R200_below_hh,campaign_id,high_mass_h2_physical_point_scan_v1,high_mass_h2_physical_point_scan_v2_mh12520,
point_4aed8e968255aa8d,point_83ae22fb525f6952,R200_below_hh,m_h_GeV,125.13,125.2,5.594182e-04
point_4aed8e968255aa8d,point_83ae22fb525f6952,R200_below_hh,lambda1,0.046064311162428595,0.046247108474058496,3.968307e-03
point_4aed8e968255aa8d,point_83ae22fb525f6952,R200_below_hh,lambda2,0.17388458520367336,0.17420018947747776,1.815022e-03
point_4aed8e968255aa8d,point_83ae22fb525f6952,R200_below_hh,lambda3,7.114068515975998,7.114308706760148,3.376279e-05
point_4aed8e968255aa8d,point_83ae22fb525f6952,R200_below_hh,g_hH2H2_GeV,15.002586748315139,15.06143096031684,3.922271e-03
point_93485c9c4dfc6581,point_f26e16d8fbce872c,R200_below_hh,campaign_id,high_mass_h2_physical_point_scan_v1,high_mass_h2_physical_point_scan_v2_mh12520,
point_93485c9c4dfc6581,point_f26e16d8fbce872c,R200_below_hh,m_h_GeV,125.13,125.2,5.594182e-04
point_93485c9c4dfc6581,point_f26e16d8fbce872c,R200_below_hh,lambda1,3.934905948468371,3.934976950270629,1.804409e-05
point_93485c9c4dfc6581,point_f26e16d8fbce872c,R200_below_hh,lambda2,0.253152338403489,0.2534501029280229,1.176227e-03
point_93485c9c4dfc6581,point_f26e16d8fbce872c,R200_below_hh,lambda3,7.5406446992933125,7.5407901015556416,1.928247e-05
point_93485c9c4dfc6581,point_f26e16d8fbce872c,R200_below_hh,g_hH2H2_GeV,136.53167772021584,136.56729974285224,2.609066e-04
point_93485c9c4dfc6581,point_f26e16d8fbce872c,R200_below_hh,width_bb_GeV,3.854743127325707e-05,3.8547431273257106e-05,8.789514e-16
point_93485c9c4dfc6581,point_f26e16d8fbce872c,R200_below_hh,width_cc_GeV,1.7216068635211558e-06,1.7216068635211563e-06,2.460007e-16
point_93485c9c4dfc6581,point_f26e16d8fbce872c,R200_below_hh,width_tautau_GeV,4.070047730994353e-06,4.0700477309943575e-06,1.040569e-15
point_93485c9c4dfc6581,point_f26e16d8fbce872c,R200_below_hh,width_WW_GeV,0.010050927273090773,0.01005092727309082,4.660021e-15
point_93485c9c4dfc6581,point_f26e16d8fbce872c,R200_below_hh,width_ZZ_GeV,0.0034891408541387367,0.0034891408541387636,7.706256e-15
point_93485c9c4dfc6581,point_f26e16d8fbce872c,R200_below_hh,width_gg_GeV,1.2668126180835847e-05,1.2668126180835894e-05,3.744346e-15
point_93485c9c4dfc6581,point_f26e16d8fbce872c,R200_below_hh,width_gammagamma_GeV,1.2332525528026505e-06,1.2332525528026539e-06,2.747314e-15
point_93485c9c4dfc6581,point_f26e16d8fbce872c,R200_below_hh,width_Zgamma_GeV,2.7452721226877955e-06,2.7452721226877997e-06,1.542712e-15
point_93485c9c4dfc6581,point_f26e16d8fbce872c,R200_below_hh,total_width_GeV,0.013601082267379525,0.0136010822673796,5.484351e-15
point_93485c9c4dfc6581,point_f26e16d8fbce872c,R200_below_hh,width_unaccounted_GeV,2.8403425916811997e-08,2.840342591854672e-08,6.107445e-11
point_93485c9c4dfc6581,point_f26e16d8fbce872c,R200_below_hh,BR_bb,0.0028341444096480622,0.0028341444096480492,-4.590601e-15
point_93485c9c4dfc6581,point_f26e16d8fbce872c,R200_below_hh,BR_cc,0.00012657866702638892,0.00012657866702638827,-5.139265e-15
point_93485c9c4dfc6581,point_f26e16d8fbce872c,R200_below_hh,BR_tautau,0.00029924440209848943,0.00029924440209848813,-4.347759e-15
point_93485c9c4dfc6581,point_f26e16d8fbce872c,R200_below_hh,BR_WW,0.7389799631751843,0.7389799631751837,-9.014234e-16
point_93485c9c4dfc6581,point_f26e16d8fbce872c,R200_below_hh,BR_ZZ,0.2565340599774916,0.2565340599774922,2.163890e-15
point_93485c9c4dfc6581,point_f26e16d8fbce872c,R200_below_hh,BR_gg,0.0009314057463808409,0.0009314057463808392,-1.746074e-15
point_93485c9c4dfc6581,point_f26e16d8fbce872c,R200_below_hh,BR_gammagamma,9.067311913555958e-05,9.067311913555933e-05,-2.690384e-15
point_93485c9c4dfc6581,point_f26e16d8fbce872c,R200_below_hh,BR_Zgamma,0.00020184218202046932,0.0002018421820204685,-4.028651e-15
point_93485c9c4dfc6581,point_f26e16d8fbce872c,R200_below_hh,ctau_physical_mm,1.4508182254971268e-11,1.4508182254971188e-11,-5.456491e-15
point_dde67a3d20799bcf,point_8b9b75f490d0e600,R250_near_hh_threshold,campaign_id,high_mass_h2_physical_point_scan_v1,high_mass_h2_physical_point_scan_v2_mh12520,
point_dde67a3d20799bcf,point_8b9b75f490d0e600,R250_near_hh_threshold,m_h_GeV,125.13,125.2,5.594182e-04
point_dde67a3d20799bcf,point_8b9b75f490d0e600,R250_near_hh_threshold,lambda1,6.777079427558594,6.777368470439963,4.265007e-05
point_dde67a3d20799bcf,point_8b9b75f490d0e600,R250_near_hh_threshold,lambda2,0.6656957370379767,0.6659847799193461,4.341967e-04
point_dde67a3d20799bcf,point_8b9b75f490d0e600,R250_near_hh_threshold,lambda3,9.805554584318614,9.805843627199984,2.947746e-05
point_dde67a3d20799bcf,point_8b9b75f490d0e600,R250_near_hh_threshold,g_hH2H2_GeV,866.1238892529414,866.1950575556785,8.216873e-05
point_dde67a3d20799bcf,point_8b9b75f490d0e600,R250_near_hh_threshold,width_bb_GeV,0.001175933121877772,0.0011759331218777719,-1.843986e-16
point_dde67a3d20799bcf,point_8b9b75f490d0e600,R250_near_hh_threshold,width_tautau_GeV,0.00012946622906309966,0.00012946622906309963,-2.093600e-16
point_dde67a3d20799bcf,point_8b9b75f490d0e600,R250_near_hh_threshold,width_gg_GeV,0.0006752725287474847,0.0006752725287474839,-1.123904e-15
point_dde67a3d20799bcf,point_8b9b75f490d0e600,R250_near_hh_threshold,width_gammagamma_GeV,1.3842959260036146e-06,1.3842959260035928e-06,-1.575610e-14
point_dde67a3d20799bcf,point_8b9b75f490d0e600,R250_near_hh_threshold,width_Zgamma_GeV,2.5033181992939306e-07,2.5033181992939343e-07,1.480343e-15
point_dde67a3d20799bcf,point_8b9b75f490d0e600,R250_near_hh_threshold,total_width_GeV,0.00203565001495768,0.002035650014957679,-4.260859e-16
point_dde67a3d20799bcf,point_8b9b75f490d0e600,R250_near_hh_threshold,BR_bb,0.5776695960686636,0.5776695960686637,1.921900e-16
point_dde67a3d20799bcf,point_8b9b75f490d0e600,R250_near_hh_threshold,BR_cc,0.02577014302413304,0.025770143024133055,5.385220e-16
point_dde67a3d20799bcf,point_8b9b75f490d0e600,R250_near_hh_threshold,BR_tautau,0.06359945379205628,0.0635994537920563,2.182061e-16
point_dde67a3d20799bcf,point_8b9b75f490d0e600,R250_near_hh_threshold,BR_gg,0.3317232941741821,0.3317232941741819,-6.693669e-16
point_dde67a3d20799bcf,point_8b9b75f490d0e600,R250_near_hh_threshold,BR_gammagamma,0.0006800264858064972,0.0006800264858064868,-1.530579e-14
point_dde67a3d20799bcf,point_8b9b75f490d0e600,R250_near_hh_threshold,BR_Zgamma,0.00012297389929014752,0.00012297389929014776,1.983718e-15
point_dde67a3d20799bcf,point_8b9b75f490d0e600,R250_near_hh_threshold,ctau_physical_mm,9.693561218778677e-11,9.69356121877868e-11,3.999984e-16
point_9887c1bb67ec0ee3,point_cf1e5eaef3ac4288,R250_near_hh_threshold,campaign_id,high_mass_h2_physical_point_scan_v1,high_mass_h2_physical_point_scan_v2_mh12520,
point_9887c1bb67ec0ee3,point_cf1e5eaef3ac4288,R250_near_hh_threshold,m_h_GeV,125.13,125.2,5.594182e-04
point_9887c1bb67ec0ee3,point_cf1e5eaef3ac4288,R250_near_hh_threshold,lambda1,5.180367035541331,5.1806560784227,5.579583e-05
point_9887c1bb67ec0ee3,point_cf1e5eaef3ac4288,R250_near_hh_threshold,lambda2,0.5659012125368977,0.5661902554182671,5.107656e-04
point_9887c1bb67ec0ee3,point_cf1e5eaef3ac4288,R250_near_hh_threshold,lambda3,9.406376486314299,9.406665529195669,3.072840e-05
point_9887c1bb67ec0ee3,point_cf1e5eaef3ac4288,R250_near_hh_threshold,g_hH2H2_GeV,669.5521723483521,669.6233406510896,1.062924e-04
point_9887c1bb67ec0ee3,point_cf1e5eaef3ac4288,R250_near_hh_threshold,width_bb_GeV,0.0011759331218777719,0.0011759331218777716,-1.843986e-16
point_9887c1bb67ec0ee3,point_cf1e5eaef3ac4288,R250_near_hh_threshold,width_cc_GeV,5.245899203253798e-05,5.245899203253797e-05,-2.583452e-16
point_9887c1bb67ec0ee3,point_cf1e5eaef3ac4288,R250_near_hh_threshold,width_gg_GeV,0.0006752725287474839,0.0006752725287474824,-2.247808e-15
point_9887c1bb67ec0ee3,point_cf1e5eaef3ac4288,R250_near_hh_threshold,width_gammagamma_GeV,1.4486735076830498e-06,1.448673507683068e-06,1.257095e-14
point_9887c1bb67ec0ee3,point_cf1e5eaef3ac4288,R250_near_hh_threshold,width_Zgamma_GeV,2.7177056927174543e-07,2.7177056927174347e-07,-7.207417e-15
point_9887c1bb67ec0ee3,point_cf1e5eaef3ac4288,R250_near_hh_threshold,total_width_GeV,0.002035735831288701,0.0020357358312886992,-8.521358e-16
point_9887c1bb67ec0ee3,point_cf1e5eaef3ac4288,R250_near_hh_threshold,BR_bb,0.5776452444388916,0.577645244438892,5.765942e-16
point_9887c1bb67ec0ee3,point_cf1e5eaef3ac4288,R250_near_hh_threshold,BR_cc,0.025769056685183644,0.02576905668518366,5.385447e-16
point_9887c1bb67ec0ee3,point_cf1e5eaef3ac4288,R250_near_hh_threshold,BR_tautau,0.0635967727606103,0.06359677276061036,8.728611e-16
point_9887c1bb67ec0ee3,point_cf1e5eaef3ac4288,R250_near_hh_threshold,BR_gg,0.33170931039712054,0.3317093103971201,-1.338790e-15
point_9887c1bb67ec0ee3,point_cf1e5eaef3ac4288,R250_near_hh_threshold,BR_gammagamma,0.0007116215598396096,0.0007116215598396192,1.340738e-14
point_9887c1bb67ec0ee3,point_cf1e5eaef3ac4288,R250_near_hh_threshold,BR_Zgamma,0.00013349991933860297,0.00013349991933860213,-6.294061e-15
point_9887c1bb67ec0ee3,point_cf1e5eaef3ac4288,R250_near_hh_threshold,ctau_physical_mm,9.693152587243319e-11,9.693152587243328e-11,9.333690e-16
point_47937ee4dec7e33c,point_e9b98fc52c850f31,R250_near_hh_threshold,campaign_id,high_mass_h2_physical_point_scan_v1,high_mass_h2_physical_point_scan_v2_mh12520,
point_47937ee4dec7e33c,point_e9b98fc52c850f31,R250_near_hh_threshold,m_h_GeV,125.13,125.2,5.594182e-04
point_47937ee4dec7e33c,point_e9b98fc52c850f31,R250_near_hh_threshold,lambda1,3.5836546435240684,3.583943686405438,8.065590e-05
point_47937ee4dec7e33c,point_e9b98fc52c850f31,R250_near_hh_threshold,lambda2,0.46610668803581873,0.46639573091718806,6.201217e-04
point_47937ee4dec7e33c,point_e9b98fc52c850f31,R250_near_hh_threshold,lambda3,9.00719838830998,9.007487431191352,3.209021e-05
point_47937ee4dec7e33c,point_e9b98fc52c850f31,R250_near_hh_threshold,g_hH2H2_GeV,472.9804554437635,473.05162374650115,1.504677e-04
point_20ef1819e5ebec9c,point_f6242d10da8d9a0d,R250_near_hh_threshold,campaign_id,high_mass_h2_physical_point_scan_v1,high_mass_h2_physical_point_scan_v2_mh12520,
point_20ef1819e5ebec9c,point_f6242d10da8d9a0d,R250_near_hh_threshold,m_h_GeV,125.13,125.2,5.594182e-04
point_20ef1819e5ebec9c,point_f6242d10da8d9a0d,R250_near_hh_threshold,lambda1,1.9869422515068063,1.9872312943881756,1.454712e-04
point_20ef1819e5ebec9c,point_f6242d10da8d9a0d,R250_near_hh_threshold,lambda2,0.3663121635347397,0.36660120641610905,7.890617e-04
point_20ef1819e5ebec9c,point_f6242d10da8d9a0d,R250_near_hh_threshold,lambda3,8.608020290305666,8.608309333187037,3.357832e-05
point_20ef1819e5ebec9c,point_f6242d10da8d9a0d,R250_near_hh_threshold,g_hH2H2_GeV,276.4087385391747,276.4799068419122,2.574749e-04
point_20ef1819e5ebec9c,point_f6242d10da8d9a0d,R250_near_hh_threshold,width_cc_GeV,5.245899203253796e-05,5.245899203253797e-05,1.291726e-16
point_20ef1819e5ebec9c,point_f6242d10da8d9a0d,R250_near_hh_threshold,width_tautau_GeV,0.00012946622906309955,0.0001294662290630996,4.187201e-16
point_20ef1819e5ebec9c,point_f6242d10da8d9a0d,R250_near_hh_threshold,width_gg_GeV,0.000675272528747483,0.0006752725287474835,8.027886e-16
point_20ef1819e5ebec9c,point_f6242d10da8d9a0d,R250_near_hh_threshold,width_gammagamma_GeV,1.5818183273897179e-06,1.5818183273897194e-06,9.370910e-16
point_20ef1819e5ebec9c,point_f6242d10da8d9a0d,R250_near_hh_threshold,width_Zgamma_GeV,3.1729030748208637e-07,3.172903074820849e-07,-4.671771e-15
point_20ef1819e5ebec9c,point_f6242d10da8d9a0d,R250_near_hh_threshold,total_width_GeV,0.002035914495846616,0.002035914495846617,4.260305e-16
point_20ef1819e5ebec9c,point_f6242d10da8d9a0d,R250_near_hh_threshold,width_unaccounted_GeV,8.845154908523022e-07,8.845154908527358e-07,4.903033e-13
point_20ef1819e5ebec9c,point_f6242d10da8d9a0d,R250_near_hh_threshold,BR_bb,0.577594552362952,0.5775945523629518,-3.844299e-16
point_20ef1819e5ebec9c,point_f6242d10da8d9a0d,R250_near_hh_threshold,BR_cc,0.025766795285144514,0.025766795285144507,-2.692960e-16
point_20ef1819e5ebec9c,point_f6242d10da8d9a0d,R250_near_hh_threshold,BR_gg,0.3316802007771339,0.331680200777134,3.347270e-16
point_20ef1819e5ebec9c,point_f6242d10da8d9a0d,R250_near_hh_threshold,BR_gammagamma,0.0007769571514995935,0.0007769571514995939,5.581786e-16
point_20ef1819e5ebec9c,point_f6242d10da8d9a0d,R250_near_hh_threshold,BR_Zgamma,0.0001558465781001005,0.0001558465781000997,-5.043720e-15
point_20ef1819e5ebec9c,point_f6242d10da8d9a0d,R250_near_hh_threshold,ctau_physical_mm,9.692301950919772e-11,9.692301950919767e-11,-5.334005e-16
point_ce7763c62c6486a3,point_da1ae3c565cb25a2,R250_near_hh_threshold,campaign_id,high_mass_h2_physical_point_scan_v1,high_mass_h2_physical_point_scan_v2_mh12520,
point_ce7763c62c6486a3,point_da1ae3c565cb25a2,R250_near_hh_threshold,m_h_GeV,125.13,125.2,5.594182e-04
point_ce7763c62c6486a3,point_da1ae3c565cb25a2,R250_near_hh_threshold,lambda1,0.3902298594895431,0.3905189023709125,7.406990e-04
point_ce7763c62c6486a3,point_da1ae3c565cb25a2,R250_near_hh_threshold,lambda2,0.2665176390336607,0.2668066819150301,1.084517e-03
point_ce7763c62c6486a3,point_da1ae3c565cb25a2,R250_near_hh_threshold,lambda3,8.20884219230135,8.20913123518272,3.521116e-05
point_ce7763c62c6486a3,point_da1ae3c565cb25a2,R250_near_hh_threshold,g_hH2H2_GeV,79.83702163458622,79.90818993732364,8.914198e-04
point_ce7763c62c6486a3,point_da1ae3c565cb25a2,R250_near_hh_threshold,width_bb_GeV,0.0011759331218777719,0.0011759331218777714,-3.687972e-16
point_ce7763c62c6486a3,point_da1ae3c565cb25a2,R250_near_hh_threshold,width_cc_GeV,5.245899203253798e-05,5.245899203253797e-05,-2.583452e-16
point_ce7763c62c6486a3,point_da1ae3c565cb25a2,R250_near_hh_threshold,width_tautau_GeV,0.00012946622906309963,0.0001294662290630996,-2.093600e-16
point_ce7763c62c6486a3,point_da1ae3c565cb25a2,R250_near_hh_threshold,width_gg_GeV,0.0006752725287474839,0.0006752725287474835,-6.422309e-16
point_ce7763c62c6486a3,point_da1ae3c565cb25a2,R250_near_hh_threshold,width_gammagamma_GeV,1.6505855654169204e-06,1.6505855654169267e-06,3.848784e-15
point_ce7763c62c6486a3,point_da1ae3c565cb25a2,R250_near_hh_threshold,width_Zgamma_GeV,3.413712963500748e-07,3.4137129635007367e-07,-3.256661e-15
point_ce7763c62c6486a3,point_da1ae3c565cb25a2,R250_near_hh_threshold,total_width_GeV,0.002036007344073513,0.002036007344073512,-4.260111e-16
point_ce7763c62c6486a3,point_da1ae3c565cb25a2,R250_near_hh_threshold,BR_bb,0.5775682122663861,0.5775682122663862,1.922237e-16
point_ce7763c62c6486a3,point_da1ae3c565cb25a2,R250_near_hh_threshold,BR_cc,0.025765620239650705,0.02576562023965071,1.346541e-16
point_ce7763c62c6486a3,point_da1ae3c565cb25a2,R250_near_hh_threshold,BR_tautau,0.06358829178094805,0.06358829178094806,2.182444e-16
point_ce7763c62c6486a3,point_da1ae3c565cb25a2,R250_near_hh_threshold,BR_gg,0.33166507513496585,0.33166507513496574,-3.347422e-16
point_ce7763c62c6486a3,point_da1ae3c565cb25a2,R250_near_hh_threshold,BR_gammagamma,0.0008106972552046569,0.0008106972552046603,4.279584e-15
point_ce7763c62c6486a3,point_da1ae3c565cb25a2,R250_near_hh_threshold,BR_Zgamma,0.00016766702602706774,0.00016766702602706728,-2.748220e-15
point_ce7763c62c6486a3,point_da1ae3c565cb25a2,R250_near_hh_threshold,ctau_physical_mm,9.691859951998053e-11,9.691859951998057e-11,4.000686e-16
point_5eb4cedf170eb7fb,point_1ef6a17dd5d99610,R250_near_hh_threshold,campaign_id,high_mass_h2_physical_point_scan_v1,high_mass_h2_physical_point_scan_v2_mh12520,
point_5eb4cedf170eb7fb,point_1ef6a17dd5d99610,R250_near_hh_threshold,m_h_GeV,125.13,125.2,5.594182e-04
point_5eb4cedf170eb7fb,point_1ef6a17dd5d99610,R250_near_hh_threshold,lambda1,6.777079427258594,6.777368470139963,4.265007e-05
point_5eb4cedf170eb7fb,point_1ef6a17dd5d99610,R250_near_hh_threshold,lambda2,0.6656957370442267,0.6659847799255961,4.341967e-04
point_5eb4cedf170eb7fb,point_1ef6a17dd5d99610,R250_near_hh_threshold,lambda3,9.805554584293613,9.805843627174983,2.947746e-05
point_5eb4cedf170eb7fb,point_1ef6a17dd5d99610,R250_near_hh_threshold,g_hH2H2_GeV,866.1238892529414,866.1950575556789,8.216873e-05
point_5eb4cedf170eb7fb,point_1ef6a17dd5d99610,R250_near_hh_threshold,width_bb_GeV,0.001175933121877772,0.0011759331218777719,-1.843986e-16
point_5eb4cedf170eb7fb,point_1ef6a17dd5d99610,R250_near_hh_threshold,width_tautau_GeV,0.00012946622906309966,0.00012946622906309963,-2.093600e-16
point_5eb4cedf170eb7fb,point_1ef6a17dd5d99610,R250_near_hh_threshold,width_gg_GeV,0.0006752725287474847,0.0006752725287474839,-1.123904e-15
point_5eb4cedf170eb7fb,point_1ef6a17dd5d99610,R250_near_hh_threshold,width_gammagamma_GeV,1.384295926010258e-06,1.3842959260102367e-06,-1.545015e-14
point_5eb4cedf170eb7fb,point_1ef6a17dd5d99610,R250_near_hh_threshold,width_Zgamma_GeV,2.503318199315849e-07,2.503318199315852e-07,1.057388e-15
point_5eb4cedf170eb7fb,point_1ef6a17dd5d99610,R250_near_hh_threshold,total_width_GeV,0.002035650014957689,0.002035650014957688,-6.391288e-16
point_5eb4cedf170eb7fb,point_1ef6a17dd5d99610,R250_near_hh_threshold,BR_bb,0.5776695960686611,0.5776695960686613,3.843799e-16
point_5eb4cedf170eb7fb,point_1ef6a17dd5d99610,R250_near_hh_threshold,BR_cc,0.025770143024132927,0.025770143024132944,6.731524e-16
point_5eb4cedf170eb7fb,point_1ef6a17dd5d99610,R250_near_hh_threshold,BR_tautau,0.063599453792056,0.06359945379205603,4.364122e-16
point_5eb4cedf170eb7fb,point_1ef6a17dd5d99610,R250_near_hh_threshold,BR_gg,0.3317232941741806,0.33172329417418045,-5.020252e-16
point_5eb4cedf170eb7fb,point_1ef6a17dd5d99610,R250_near_hh_threshold,BR_gammagamma,0.0006800264858097577,0.0006800264858097476,-1.482748e-14
point_5eb4cedf170eb7fb,point_1ef6a17dd5d99610,R250_near_hh_threshold,BR_Zgamma,0.00012297389929122373,0.00012297389929122392,1.542891e-15
point_5eb4cedf170eb7fb,point_1ef6a17dd5d99610,R250_near_hh_threshold,ctau_physical_mm,9.693561218778634e-11,9.693561218778639e-11,5.333312e-16
point_45c41cc72f54be6f,point_1bdae3d5f3939838,R250_near_hh_threshold,campaign_id,high_mass_h2_physical_point_scan_v1,high_mass_h2_physical_point_scan_v2_mh12520,
point_45c41cc72f54be6f,point_1bdae3d5f3939838,R250_near_hh_threshold,m_h_GeV,125.13,125.2,5.594182e-04
point_45c41cc72f54be6f,point_1bdae3d5f3939838,R250_near_hh_threshold,lambda1,5.180367035241331,5.1806560781227,5.579583e-05
point_45c41cc72f54be6f,point_1bdae3d5f3939838,R250_near_hh_threshold,lambda2,0.5659012125431477,0.5661902554245171,5.107656e-04
point_45c41cc72f54be6f,point_1bdae3d5f3939838,R250_near_hh_threshold,lambda3,9.406376486289298,9.406665529170668,3.072840e-05
point_45c41cc72f54be6f,point_1bdae3d5f3939838,R250_near_hh_threshold,g_hH2H2_GeV,669.5521723483522,669.6233406510896,1.062924e-04
point_45c41cc72f54be6f,point_1bdae3d5f3939838,R250_near_hh_threshold,width_bb_GeV,0.001175933121877772,0.0011759331218777725,3.687972e-16
point_45c41cc72f54be6f,point_1bdae3d5f3939838,R250_near_hh_threshold,width_cc_GeV,5.2458992032538e-05,5.2458992032538003e-05,1.291726e-16
point_45c41cc72f54be6f,point_1bdae3d5f3939838,R250_near_hh_threshold,width_tautau_GeV,0.00012946622906309963,0.0001294662290630997,4.187201e-16
point_45c41cc72f54be6f,point_1bdae3d5f3939838,R250_near_hh_threshold,width_gg_GeV,0.0006752725287474838,0.0006752725287474846,1.123904e-15
point_45c41cc72f54be6f,point_1bdae3d5f3939838,R250_near_hh_threshold,width_gammagamma_GeV,1.448673507689849e-06,1.448673507689858e-06,6.285477e-15
point_45c41cc72f54be6f,point_1bdae3d5f3939838,R250_near_hh_threshold,width_Zgamma_GeV,2.7177056927402977e-07,2.7177056927402866e-07,-4.090696e-15
point_45c41cc72f54be6f,point_1bdae3d5f3939838,R250_near_hh_threshold,total_width_GeV,0.00203573583128871,0.002035735831288711,4.260679e-16
point_45c41cc72f54be6f,point_1bdae3d5f3939838,R250_near_hh_threshold,BR_cc,0.025769056685183537,0.025769056685183526,-4.039085e-16
point_45c41cc72f54be6f,point_1bdae3d5f3939838,R250_near_hh_threshold,BR_gg,0.331709310397119,0.33170931039711926,8.367439e-16
point_45c41cc72f54be6f,point_1bdae3d5f3939838,R250_near_hh_threshold,BR_gammagamma,0.0007116215598429464,0.0007116215598429505,5.789550e-15
point_45c41cc72f54be6f,point_1bdae3d5f3939838,R250_near_hh_threshold,BR_Zgamma,0.0001334999193397245,0.00013349991933972387,-4.669787e-15
point_45c41cc72f54be6f,point_1bdae3d5f3939838,R250_near_hh_threshold,ctau_physical_mm,9.693152587243276e-11,9.693152587243272e-11,-4.000153e-16
point_7c7040857e3235dc,point_cc704cfd9847e809,R250_near_hh_threshold,campaign_id,high_mass_h2_physical_point_scan_v1,high_mass_h2_physical_point_scan_v2_mh12520,
point_7c7040857e3235dc,point_cc704cfd9847e809,R250_near_hh_threshold,m_h_GeV,125.13,125.2,5.594182e-04
point_7c7040857e3235dc,point_cc704cfd9847e809,R250_near_hh_threshold,lambda1,3.5836546432240683,3.583943686105438,8.065590e-05
point_7c7040857e3235dc,point_cc704cfd9847e809,R250_near_hh_threshold,lambda2,0.46610668804206873,0.46639573092343806,6.201217e-04
point_7c7040857e3235dc,point_cc704cfd9847e809,R250_near_hh_threshold,lambda3,9.00719838828498,9.007487431166352,3.209021e-05
point_7c7040857e3235dc,point_cc704cfd9847e809,R250_near_hh_threshold,g_hH2H2_GeV,472.98045544376384,473.05162374650115,1.504677e-04
point_281d965e168d04bc,point_93654e157f8ec665,R250_near_hh_threshold,campaign_id,high_mass_h2_physical_point_scan_v1,high_mass_h2_physical_point_scan_v2_mh12520,
point_281d965e168d04bc,point_93654e157f8ec665,R250_near_hh_threshold,m_h_GeV,125.13,125.2,5.594182e-04
point_281d965e168d04bc,point_93654e157f8ec665,R250_near_hh_threshold,lambda1,1.9869422512068062,1.9872312940881756,1.454712e-04
point_281d965e168d04bc,point_93654e157f8ec665,R250_near_hh_threshold,lambda2,0.3663121635409897,0.36660120642235905,7.890617e-04
point_281d965e168d04bc,point_93654e157f8ec665,R250_near_hh_threshold,lambda3,8.608020290280665,8.608309333162037,3.357832e-05
point_281d965e168d04bc,point_93654e157f8ec665,R250_near_hh_threshold,g_hH2H2_GeV,276.40873853917515,276.4799068419122,2.574749e-04
point_281d965e168d04bc,point_93654e157f8ec665,R250_near_hh_threshold,width_bb_GeV,0.0011759331218777714,0.0011759331218777716,1.843986e-16
point_281d965e168d04bc,point_93654e157f8ec665,R250_near_hh_threshold,width_tautau_GeV,0.0001294662290630996,0.00012946622906309963,2.093600e-16
point_281d965e168d04bc,point_93654e157f8ec665,R250_near_hh_threshold,width_gg_GeV,0.0006752725287474835,0.0006752725287474824,-1.605577e-15
point_281d965e168d04bc,point_93654e157f8ec665,R250_near_hh_threshold,width_gammagamma_GeV,1.5818183273968209e-06,1.5818183273968338e-06,8.166078e-15
point_281d965e168d04bc,point_93654e157f8ec665,R250_near_hh_threshold,width_Zgamma_GeV,3.172903074845525e-07,3.172903074845527e-07,6.673959e-16
point_281d965e168d04bc,point_93654e157f8ec665,R250_near_hh_threshold,total_width_GeV,0.0020359144958466266,0.0020359144958466257,-4.260305e-16
point_281d965e168d04bc,point_93654e157f8ec665,R250_near_hh_threshold,BR_bb,0.5775945523629491,0.5775945523629494,5.766448e-16
point_281d965e168d04bc,point_93654e157f8ec665,R250_near_hh_threshold,BR_cc,0.025766795285144386,0.0257667952851444,5.385919e-16
point_281d965e168d04bc,point_93654e157f8ec665,R250_near_hh_threshold,BR_tautau,0.0635911917358109,0.06359119173581093,4.364689e-16
point_281d965e168d04bc,point_93654e157f8ec665,R250_near_hh_threshold,BR_gg,0.33168020077713245,0.33168020077713206,-1.171544e-15
point_281d965e168d04bc,point_93654e157f8ec665,R250_near_hh_threshold,BR_gammagamma,0.0007769571515030784,0.000776957151503085,8.512224e-15
point_281d965e168d04bc,point_93654e157f8ec665,R250_near_hh_threshold,BR_Zgamma,0.000155846578101311,0.00015584657810131116,1.043528e-15
point_281d965e168d04bc,point_93654e157f8ec665,R250_near_hh_threshold,ctau_physical_mm,9.692301950919722e-11,9.692301950919725e-11,4.000504e-16
point_e54f8be40206fd2f,point_1bbe8740bf52192e,R250_near_hh_threshold,campaign_id,high_mass_h2_physical_point_scan_v1,high_mass_h2_physical_point_scan_v2_mh12520,
point_e54f8be40206fd2f,point_1bbe8740bf52192e,R250_near_hh_threshold,m_h_GeV,125.13,125.2,5.594182e-04
point_e54f8be40206fd2f,point_1bbe8740bf52192e,R250_near_hh_threshold,lambda1,0.39022985918954306,0.3905189020709125,7.406990e-04
point_e54f8be40206fd2f,point_1bbe8740bf52192e,R250_near_hh_threshold,lambda2,0.2665176390399107,0.2668066819212801,1.084517e-03
point_e54f8be40206fd2f,point_1bbe8740bf52192e,R250_near_hh_threshold,lambda3,8.20884219227635,8.20913123515772,3.521116e-05
point_e54f8be40206fd2f,point_1bbe8740bf52192e,R250_near_hh_threshold,g_hH2H2_GeV,79.83702163458611,79.90818993732364,8.914198e-04
point_e54f8be40206fd2f,point_1bbe8740bf52192e,R250_near_hh_threshold,width_bb_GeV,0.0011759331218777719,0.0011759331218777714,-3.687972e-16
point_e54f8be40206fd2f,point_1bbe8740bf52192e,R250_near_hh_threshold,width_cc_GeV,5.245899203253798e-05,5.245899203253797e-05,-2.583452e-16
point_e54f8be40206fd2f,point_1bbe8740bf52192e,R250_near_hh_threshold,width_tautau_GeV,0.00012946622906309963,0.0001294662290630996,-2.093600e-16
point_e54f8be40206fd2f,point_1bbe8740bf52192e,R250_near_hh_threshold,width_gg_GeV,0.0006752725287474839,0.0006752725287474835,-6.422309e-16
point_e54f8be40206fd2f,point_1bbe8740bf52192e,R250_near_hh_threshold,width_gammagamma_GeV,1.6505855654241744e-06,1.6505855654241807e-06,3.848784e-15
point_e54f8be40206fd2f,point_1bbe8740bf52192e,R250_near_hh_threshold,width_Zgamma_GeV,3.4137129635263436e-07,3.4137129635263324e-07,-3.256661e-15
point_e54f8be40206fd2f,point_1bbe8740bf52192e,R250_near_hh_threshold,total_width_GeV,0.002036007344073523,0.002036007344073522,-4.260111e-16
point_e54f8be40206fd2f,point_1bbe8740bf52192e,R250_near_hh_threshold,BR_cc,0.02576562023965058,0.025765620239650584,1.346541e-16
point_e54f8be40206fd2f,point_1bbe8740bf52192e,R250_near_hh_threshold,BR_tautau,0.06358829178094774,0.06358829178094776,2.182444e-16
point_e54f8be40206fd2f,point_1bbe8740bf52192e,R250_near_hh_threshold,BR_gg,0.33166507513496424,0.3316650751349641,-3.347422e-16
point_e54f8be40206fd2f,point_1bbe8740bf52192e,R250_near_hh_threshold,BR_gammagamma,0.0008106972552082158,0.0008106972552082192,4.279584e-15
point_e54f8be40206fd2f,point_1bbe8740bf52192e,R250_near_hh_threshold,BR_Zgamma,0.0001676670260283241,0.0001676670260283236,-2.909880e-15
point_e54f8be40206fd2f,point_1bbe8740bf52192e,R250_near_hh_threshold,ctau_physical_mm,9.691859951998005e-11,9.691859951998009e-11,4.000686e-16
point_50de8dc38c5287a6,point_413b855a3f83e8f7,R250_near_hh_threshold,campaign_id,high_mass_h2_physical_point_scan_v1,high_mass_h2_physical_point_scan_v2_mh12520,
point_50de8dc38c5287a6,point_413b855a3f83e8f7,R250_near_hh_threshold,m_h_GeV,125.13,125.2,5.594182e-04
point_50de8dc38c5287a6,point_413b855a3f83e8f7,R250_near_hh_threshold,lambda1,1.0830182932924959,1.0833073361738625,2.668864e-04
point_50de8dc38c5287a6,point_413b855a3f83e8f7,R250_near_hh_threshold,lambda2,0.2595897546885313,0.25987879756990073,1.113460e-03
point_50de8dc38c5287a6,point_413b855a3f83e8f7,R250_near_hh_threshold,lambda3,8.208842192291351,8.209131235172721,3.521116e-05
point_50de8dc38c5287a6,point_413b855a3f83e8f7,R250_near_hh_threshold,g_hH2H2_GeV,79.83702163458668,79.9081899373241,8.914198e-04
point_50de8dc38c5287a6,point_413b855a3f83e8f7,R250_near_hh_threshold,width_bb_GeV,0.00018814929950044328,0.00018814929950044322,-2.881228e-16
point_50de8dc38c5287a6,point_413b855a3f83e8f7,R250_near_hh_threshold,width_tautau_GeV,2.0714596650095926e-05,2.0714596650095922e-05,-1.635625e-16
point_50de8dc38c5287a6,point_413b855a3f83e8f7,R250_near_hh_threshold,width_gg_GeV,0.00010804360459959705,0.00010804360459959718,1.128921e-15
point_50de8dc38c5287a6,point_413b855a3f83e8f7,R250_near_hh_threshold,width_gammagamma_GeV,2.576999157092574e-07,2.576999157092554e-07,-7.806379e-15
point_50de8dc38c5287a6,point_413b855a3f83e8f7,R250_near_hh_threshold,width_Zgamma_GeV,5.2373242720668045e-08,5.2373242720668026e-08,-3.790549e-16
point_50de8dc38c5287a6,point_413b855a3f83e8f7,R250_near_hh_threshold,total_width_GeV,0.00032575253511230864,0.0003257525351123087,1.664150e-16
point_50de8dc38c5287a6,point_413b855a3f83e8f7,R250_near_hh_threshold,BR_bb,0.5775835311168819,0.5775835311168817,-3.844372e-16
point_50de8dc38c5287a6,point_413b855a3f83e8f7,R250_near_hh_threshold,BR_cc,0.025766303621588976,0.02576630362158897,-2.693011e-16
point_50de8dc38c5287a6,point_413b855a3f83e8f7,R250_near_hh_threshold,BR_tautau,0.06358997833418004,0.06358997833418001,-4.364772e-16
point_50de8dc38c5287a6,point_413b855a3f83e8f7,R250_near_hh_threshold,BR_gg,0.3316738718928073,0.33167387189280756,8.368333e-16
point_50de8dc38c5287a6,point_413b855a3f83e8f7,R250_near_hh_threshold,BR_gammagamma,0.0007910910520478714,0.0007910910520478651,-7.948987e-15
point_50de8dc38c5287a6,point_413b855a3f83e8f7,R250_near_hh_threshold,BR_Zgamma,0.00016077616311600305,0.00016077616311600297,-5.057663e-16
point_50de8dc38c5287a6,point_413b855a3f83e8f7,R250_near_hh_threshold,ctau_physical_mm,6.057573130842043e-10,6.057573130842042e-10,-1.706914e-16
point_a279136b199d1003,point_3f4c77b265dd0644,R250_near_hh_threshold,campaign_id,high_mass_h2_physical_point_scan_v1,high_mass_h2_physical_point_scan_v2_mh12520,
point_a279136b199d1003,point_3f4c77b265dd0644,R250_near_hh_threshold,m_h_GeV,125.13,125.2,5.594182e-04
point_a279136b199d1003,point_3f4c77b265dd0644,R250_near_hh_threshold,lambda1,6.477079427558595,6.477368470439963,4.462550e-05
point_a279136b199d1003,point_3f4c77b265dd0644,R250_near_hh_threshold,lambda2,0.6719457370379767,0.6722347799193461,4.301581e-04
point_a279136b199d1003,point_3f4c77b265dd0644,R250_near_hh_threshold,lambda3,9.780554584318613,9.780843627199983,2.955281e-05
point_a279136b199d1003,point_3f4c77b265dd0644,R250_near_hh_threshold,g_hH2H2_GeV,866.1238892529414,866.1950575556784,8.216873e-05
point_a279136b199d1003,point_3f4c77b265dd0644,R250_near_hh_threshold,width_bb_GeV,0.0011759331218777714,0.0011759331218777719,3.687972e-16
point_a279136b199d1003,point_3f4c77b265dd0644,R250_near_hh_threshold,width_cc_GeV,5.245899203253796e-05,5.245899203253798e-05,3.875178e-16
point_a279136b199d1003,point_3f4c77b265dd0644,R250_near_hh_threshold,width_tautau_GeV,0.00012946622906309955,0.00012946622906309963,6.280801e-16
point_a279136b199d1003,point_3f4c77b265dd0644,R250_near_hh_threshold,width_gg_GeV,0.000675272528747483,0.0006752725287474839,1.445019e-15
point_a279136b199d1003,point_3f4c77b265dd0644,R250_near_hh_threshold,width_gammagamma_GeV,1.3909473366179106e-06,1.3909473366179087e-06,-1.370163e-15
point_a279136b199d1003,point_3f4c77b265dd0644,R250_near_hh_threshold,width_Zgamma_GeV,2.525284525078406e-07,2.5252845250784125e-07,2.515656e-15
point_a279136b199d1003,point_3f4c77b265dd0644,R250_near_hh_threshold,total_width_GeV,0.0020356588630008705,0.0020356588630008722,8.521681e-16
point_a279136b199d1003,point_3f4c77b265dd0644,R250_near_hh_threshold,BR_bb,0.577667085213024,0.5776670852130237,-5.765724e-16
point_a279136b199d1003,point_3f4c77b265dd0644,R250_near_hh_threshold,BR_cc,0.02577003101354882,0.02577003101354881,-4.038932e-16
point_a279136b199d1003,point_3f4c77b265dd0644,R250_near_hh_threshold,BR_tautau,0.0635991773554075,0.06359917735540749,-2.182070e-16
point_a279136b199d1003,point_3f4c77b265dd0644,R250_near_hh_threshold,BR_gg,0.3317218523304188,0.33172185233041895,5.020274e-16
point_a279136b199d1003,point_3f4c77b265dd0644,R250_near_hh_threshold,BR_gammagamma,0.0006832909786109461,0.0006832909786109446,-2.221430e-15
point_a279136b199d1003,point_3f4c77b265dd0644,R250_near_hh_threshold,BR_Zgamma,0.00012405244174142974,0.00012405244174142996,1.747974e-15
point_a279136b199d1003,point_3f4c77b265dd0644,R250_near_hh_threshold,ctau_physical_mm,9.693519085467495e-11,9.693519085467487e-11,-8.000003e-16
point_22e173fed911c697,point_ad712858a6ee816c,R250_near_hh_threshold,campaign_id,high_mass_h2_physical_point_scan_v1,high_mass_h2_physical_point_scan_v2_mh12520,
point_22e173fed911c697,point_ad712858a6ee816c,R250_near_hh_threshold,m_h_GeV,125.13,125.2,5.594182e-04
point_22e173fed911c697,point_ad712858a6ee816c,R250_near_hh_threshold,lambda1,4.880367035541331,4.8806560784227,5.922564e-05
point_22e173fed911c697,point_ad712858a6ee816c,R250_near_hh_threshold,lambda2,0.5721512125368977,0.572440255418267,5.051862e-04
point_22e173fed911c697,point_ad712858a6ee816c,R250_near_hh_threshold,lambda3,9.381376486314299,9.381665529195669,3.081028e-05
point_22e173fed911c697,point_ad712858a6ee816c,R250_near_hh_threshold,g_hH2H2_GeV,669.5521723483521,669.6233406510896,1.062924e-04
point_22e173fed911c697,point_ad712858a6ee816c,R250_near_hh_threshold,width_bb_GeV,0.0011759331218777716,0.0011759331218777714,-1.843986e-16
point_22e173fed911c697,point_ad712858a6ee816c,R250_near_hh_threshold,width_tautau_GeV,0.00012946622906309963,0.0001294662290630996,-2.093600e-16
point_22e173fed911c697,point_ad712858a6ee816c,R250_near_hh_threshold,width_gg_GeV,0.0006752725287474824,0.0006752725287474835,1.605577e-15
point_22e173fed911c697,point_ad712858a6ee816c,R250_near_hh_threshold,width_gammagamma_GeV,1.4554776507483353e-06,1.4554776507483226e-06,-8.729433e-15
point_22e173fed911c697,point_ad712858a6ee816c,R250_near_hh_threshold,width_Zgamma_GeV,2.7405913517863014e-07,2.7405913517863045e-07,1.159010e-15
point_22e173fed911c697,point_ad712858a6ee816c,R250_near_hh_threshold,total_width_GeV,0.0020357449239976717,0.0020357449239976726,4.260660e-16
point_22e173fed911c697,point_ad712858a6ee816c,R250_near_hh_threshold,BR_bb,0.5776426643710086,0.5776426643710083,-5.765968e-16
point_22e173fed911c697,point_ad712858a6ee816c,R250_near_hh_threshold,BR_cc,0.025768941587005018,0.025768941587005007,-4.039103e-16
point_22e173fed911c697,point_ad712858a6ee816c,R250_near_hh_threshold,BR_tautau,0.06359648870392945,0.06359648870392941,-6.546488e-16
point_22e173fed911c697,point_ad712858a6ee816c,R250_near_hh_threshold,BR_gg,0.3317078288086424,0.3317078288086428,1.171447e-15
point_22e173fed911c697,point_ad712858a6ee816c,R250_near_hh_threshold,BR_gammagamma,0.000714960717126661,0.0007149607171266544,-9.098700e-15
point_22e173fed911c697,point_ad712858a6ee816c,R250_near_hh_threshold,BR_Zgamma,0.00013462351395205718,0.00013462351395205727,6.040190e-16
point_22e173fed911c697,point_ad712858a6ee816c,R250_near_hh_threshold,ctau_physical_mm,9.693109292518893e-11,9.693109292518889e-11,-4.000171e-16
point_55b669b28e23e240,point_b9f588f29645de1d,R250_near_hh_threshold,campaign_id,high_mass_h2_physical_point_scan_v1,high_mass_h2_physical_point_scan_v2_mh12520,
point_55b669b28e23e240,point_b9f588f29645de1d,R250_near_hh_threshold,m_h_GeV,125.13,125.2,5.594182e-04
point_55b669b28e23e240,point_b9f588f29645de1d,R250_near_hh_threshold,lambda1,3.2836546435240686,3.283943686405438,8.802475e-05
point_55b669b28e23e240,point_b9f588f29645de1d,R250_near_hh_threshold,lambda2,0.47235668803581876,0.4726457309171881,6.119166e-04
point_55b669b28e23e240,point_b9f588f29645de1d,R250_near_hh_threshold,lambda3,8.98219838830998,8.982487431191352,3.217953e-05
point_55b669b28e23e240,point_b9f588f29645de1d,R250_near_hh_threshold,g_hH2H2_GeV,472.9804554437635,473.05162374650104,1.504677e-04
point_55b669b28e23e240,point_b9f588f29645de1d,R250_near_hh_threshold,width_bb_GeV,0.001175933121877771,0.0011759331218777714,3.687972e-16
point_55b669b28e23e240,point_b9f588f29645de1d,R250_near_hh_threshold,width_cc_GeV,5.245899203253794e-05,5.245899203253797e-05,5.166903e-16
point_55b669b28e23e240,point_b9f588f29645de1d,R250_near_hh_threshold,width_tautau_GeV,0.00012946622906309953,0.00012946622906309955,2.093600e-16
point_55b669b28e23e240,point_b9f588f29645de1d,R250_near_hh_threshold,width_gg_GeV,0.000675272528747483,0.0006752725287474832,3.211154e-16
point_55b669b28e23e240,point_b9f588f29645de1d,R250_near_hh_threshold,width_gammagamma_GeV,1.5214711836613167e-06,1.5214711836613256e-06,5.845557e-15
point_55b669b28e23e240,point_b9f588f29645de1d,R250_near_hh_threshold,width_Zgamma_GeV,2.964705643579681e-07,2.9647056435796797e-07,-3.571320e-16
point_55b669b28e23e240,point_b9f588f29645de1d,R250_near_hh_threshold,total_width_GeV,0.0020358333289597634,0.0020358333289597643,4.260475e-16
point_55b669b28e23e240,point_b9f588f29645de1d,R250_near_hh_threshold,BR_bb,0.5776175805504815,0.5776175805504814,-1.922073e-16
point_55b669b28e23e240,point_b9f588f29645de1d,R250_near_hh_threshold,BR_tautau,0.06359372706077665,0.06359372706077664,-2.182257e-16
point_55b669b28e23e240,point_b9f588f29645de1d,R250_near_hh_threshold,BR_gg,0.3316934245754404,0.3316934245754403,-1.673568e-16
point_55b669b28e23e240,point_b9f588f29645de1d,R250_near_hh_threshold,BR_gammagamma,0.0007473456505590921,0.0007473456505590962,5.512802e-15
point_55b669b28e23e240,point_b9f588f29645de1d,R250_near_hh_threshold,BR_Zgamma,0.00014562614735728573,0.00014562614735728563,-7.445106e-16
point_55b669b28e23e240,point_b9f588f29645de1d,R250_near_hh_threshold,ctau_physical_mm,9.692688374486279e-11,9.692688374486275e-11,-4.000344e-16
point_521efc97a4e188a0,point_d79bc309cefaea79,R250_near_hh_threshold,campaign_id,high_mass_h2_physical_point_scan_v1,high_mass_h2_physical_point_scan_v2_mh12520,
point_521efc97a4e188a0,point_d79bc309cefaea79,R250_near_hh_threshold,m_h_GeV,125.13,125.2,5.594182e-04
point_521efc97a4e188a0,point_d79bc309cefaea79,R250_near_hh_threshold,lambda1,1.6869422515068062,1.6872312943881755,1.713413e-04
point_521efc97a4e188a0,point_d79bc309cefaea79,R250_near_hh_threshold,lambda2,0.3725621635347397,0.372851206416109,7.758246e-04
point_521efc97a4e188a0,point_d79bc309cefaea79,R250_near_hh_threshold,lambda3,8.583020290305665,8.583309333187037,3.367613e-05
point_521efc97a4e188a0,point_d79bc309cefaea79,R250_near_hh_threshold,g_hH2H2_GeV,276.40873853917515,276.4799068419122,2.574749e-04
point_521efc97a4e188a0,point_d79bc309cefaea79,R250_near_hh_threshold,width_cc_GeV,5.245899203253796e-05,5.245899203253797e-05,1.291726e-16
point_521efc97a4e188a0,point_d79bc309cefaea79,R250_near_hh_threshold,width_gg_GeV,0.000675272528747483,0.0006752725287474832,3.211154e-16
point_521efc97a4e188a0,point_d79bc309cefaea79,R250_near_hh_threshold,width_gammagamma_GeV,1.588927935356888e-06,1.5889279353569017e-06,8.662624e-15
point_521efc97a4e188a0,point_d79bc309cefaea79,R250_near_hh_threshold,width_Zgamma_GeV,3.1976274004585057e-07,3.197627400458501e-07,-1.490030e-15
point_521efc97a4e188a0,point_d79bc309cefaea79,R250_near_hh_threshold,total_width_GeV,0.002035924077887147,0.0020359240778871474,2.130143e-16
point_521efc97a4e188a0,point_d79bc309cefaea79,R250_near_hh_threshold,width_unaccounted_GeV,8.845154908523022e-07,8.845154908527358e-07,4.903033e-13
point_521efc97a4e188a0,point_d79bc309cefaea79,R250_near_hh_threshold,BR_bb,0.5775918339244448,0.5775918339244447,-1.922158e-16
point_521efc97a4e188a0,point_d79bc309cefaea79,R250_near_hh_threshold,BR_tautau,0.06359089244499616,0.06359089244499615,-2.182355e-16
point_521efc97a4e188a0,point_d79bc309cefaea79,R250_near_hh_threshold,BR_gammagamma,0.0007804455738869471,0.0007804455738869536,8.335255e-15
point_521efc97a4e188a0,point_d79bc309cefaea79,R250_near_hh_threshold,BR_Zgamma,0.0001570602477365933,0.00015706024773659303,-1.725774e-15
point_521efc97a4e188a0,point_d79bc309cefaea79,R250_near_hh_threshold,ctau_physical_mm,9.692256334272697e-11,9.692256334272696e-11,-1.333508e-16
point_b435c8810c2eb116,point_b1df8f632e9684ab,R250_near_hh_threshold,campaign_id,high_mass_h2_physical_point_scan_v1,high_mass_h2_physical_point_scan_v2_mh12520,
point_b435c8810c2eb116,point_b1df8f632e9684ab,R250_near_hh_threshold,m_h_GeV,125.13,125.2,5.594182e-04
point_b435c8810c2eb116,point_b1df8f632e9684ab,R250_near_hh_threshold,lambda1,5.480367035541331,5.4806560784227,5.274152e-05
point_b435c8810c2eb116,point_b1df8f632e9684ab,R250_near_hh_threshold,lambda2,0.5596512125368978,0.5599402554182671,5.164697e-04
point_b435c8810c2eb116,point_b1df8f632e9684ab,R250_near_hh_threshold,lambda3,9.4313764863143,9.43166552919567,3.064695e-05
point_b435c8810c2eb116,point_b1df8f632e9684ab,R250_near_hh_threshold,g_hH2H2_GeV,669.5521723483521,669.6233406510896,1.062924e-04
point_b435c8810c2eb116,point_b1df8f632e9684ab,R250_near_hh_threshold,width_cc_GeV,5.245899203253798e-05,5.2458992032538e-05,2.583452e-16
point_b435c8810c2eb116,point_b1df8f632e9684ab,R250_near_hh_threshold,width_tautau_GeV,0.00012946622906309966,0.00012946622906309963,-2.093600e-16
point_b435c8810c2eb116,point_b1df8f632e9684ab,R250_near_hh_threshold,width_gg_GeV,0.0006752725287474832,0.0006752725287474838,9.633463e-16
point_b435c8810c2eb116,point_b1df8f632e9684ab,R250_near_hh_threshold,width_gammagamma_GeV,1.441885307005818e-06,1.4418853070057944e-06,-1.630169e-14
point_b435c8810c2eb116,point_b1df8f632e9684ab,R250_near_hh_threshold,width_Zgamma_GeV,2.694915994708835e-07,2.694915994708852e-07,6.286155e-15
point_b435c8810c2eb116,point_b1df8f632e9684ab,R250_near_hh_threshold,total_width_GeV,0.0020357267641182225,0.002035726764118223,2.130349e-16
point_b435c8810c2eb116,point_b1df8f632e9684ab,R250_near_hh_threshold,BR_bb,0.5776478172831455,0.5776478172831454,-1.921972e-16
point_b435c8810c2eb116,point_b1df8f632e9684ab,R250_near_hh_threshold,BR_tautau,0.06359705602199424,0.06359705602199421,-4.364286e-16
point_b435c8810c2eb116,point_b1df8f632e9684ab,R250_near_hh_threshold,BR_gg,0.33171078783747204,0.33171078783747227,6.693922e-16
point_b435c8810c2eb116,point_b1df8f632e9684ab,R250_near_hh_threshold,BR_gammagamma,0.0007082901951384287,0.000708290195138417,-1.653190e-14
point_b435c8810c2eb116,point_b1df8f632e9684ab,R250_near_hh_threshold,BR_Zgamma,0.00013238102687499623,0.000132381026874997,5.937759e-15
point_b435c8810c2eb116,point_b1df8f632e9684ab,R250_near_hh_threshold,ctau_physical_mm,9.69319576075193e-11,9.693195760751929e-11,-1.333378e-16
point_dcac68d529d091ff,point_5ff0f17fe2627198,R250_near_hh_threshold,campaign_id,high_mass_h2_physical_point_scan_v1,high_mass_h2_physical_point_scan_v2_mh12520,
point_dcac68d529d091ff,point_5ff0f17fe2627198,R250_near_hh_threshold,m_h_GeV,125.13,125.2,5.594182e-04
point_dcac68d529d091ff,point_5ff0f17fe2627198,R250_near_hh_threshold,lambda1,3.883654643524068,3.8839436864054377,7.442549e-05
point_dcac68d529d091ff,point_5ff0f17fe2627198,R250_near_hh_threshold,lambda2,0.4598566880358187,0.460145730917188,6.285499e-04
point_dcac68d529d091ff,point_5ff0f17fe2627198,R250_near_hh_threshold,lambda3,9.03219838830998,9.032487431191353,3.200139e-05
point_dcac68d529d091ff,point_5ff0f17fe2627198,R250_near_hh_threshold,g_hH2H2_GeV,472.9804554437635,473.05162374650115,1.504677e-04
point_dcac68d529d091ff,point_5ff0f17fe2627198,R250_near_hh_threshold,width_Zgamma_GeV,2.917191619933418e-07,2.9171916199334184e-07,1.814744e-16
point_dcac68d529d091ff,point_5ff0f17fe2627198,R250_near_hh_threshold,BR_Zgamma,0.0001432935742605725,0.00014329357426057254,1.891575e-16
point_5bfaaf62087a09df,point_0ec9786c6b02b9d4,R250_near_hh_threshold,campaign_id,high_mass_h2_physical_point_scan_v1,high_mass_h2_physical_point_scan_v2_mh12520,
point_5bfaaf62087a09df,point_0ec9786c6b02b9d4,R250_near_hh_threshold,m_h_GeV,125.13,125.2,5.594182e-04
point_5bfaaf62087a09df,point_0ec9786c6b02b9d4,R250_near_hh_threshold,lambda1,2.2869422515068063,2.2872312943881754,1.263884e-04
point_5bfaaf62087a09df,point_0ec9786c6b02b9d4,R250_near_hh_threshold,lambda2,0.36006216353473974,0.36035120641610907,8.027583e-04
point_5bfaaf62087a09df,point_0ec9786c6b02b9d4,R250_near_hh_threshold,lambda3,8.633020290305666,8.633309333187038,3.348108e-05
point_5bfaaf62087a09df,point_0ec9786c6b02b9d4,R250_near_hh_threshold,g_hH2H2_GeV,276.4087385391747,276.4799068419122,2.574749e-04
point_5bfaaf62087a09df,point_0ec9786c6b02b9d4,R250_near_hh_threshold,width_gammagamma_GeV,1.5747246618105797e-06,1.5747246618105802e-06,2.689464e-16
point_5bfaaf62087a09df,point_0ec9786c6b02b9d4,R250_near_hh_threshold,BR_gammagamma,0.0007734765171882392,0.0007734765171882394,2.803452e-16
point_6a9257d781b9ec56,point_6072686a8dee3059,R250_near_hh_threshold,campaign_id,high_mass_h2_physical_point_scan_v1,high_mass_h2_physical_point_scan_v2_mh12520,
point_6a9257d781b9ec56,point_6072686a8dee3059,R250_near_hh_threshold,m_h_GeV,125.13,125.2,5.594182e-04
point_6a9257d781b9ec56,point_6072686a8dee3059,R250_near_hh_threshold,lambda1,0.6902298594895431,0.6905189023709125,4.187632e-04
point_6a9257d781b9ec56,point_6072686a8dee3059,R250_near_hh_threshold,lambda2,0.2602676390336607,0.2605566819150301,1.110560e-03
point_6a9257d781b9ec56,point_6072686a8dee3059,R250_near_hh_threshold,lambda3,8.233842192301351,8.234131235182721,3.510425e-05
point_6a9257d781b9ec56,point_6072686a8dee3059,R250_near_hh_threshold,g_hH2H2_GeV,79.83702163458622,79.90818993732364,8.914198e-04
point_6a9257d781b9ec56,point_6072686a8dee3059,R250_near_hh_threshold,width_bb_GeV,0.001175933121877772,0.0011759331218777716,-3.687972e-16
point_6a9257d781b9ec56,point_6072686a8dee3059,R250_near_hh_threshold,width_cc_GeV,5.2458992032538e-05,5.245899203253797e-05,-5.166903e-16
point_6a9257d781b9ec56,point_6072686a8dee3059,R250_near_hh_threshold,width_gg_GeV,0.0006752725287474838,0.0006752725287474824,-2.087250e-15
point_6a9257d781b9ec56,point_6072686a8dee3059,R250_near_hh_threshold,width_gammagamma_GeV,1.6433391673868112e-06,1.6433391673868271e-06,9.664388e-15
point_6a9257d781b9ec56,point_6072686a8dee3059,R250_near_hh_threshold,width_Zgamma_GeV,3.388165265638983e-07,3.3881652656389695e-07,-4.062460e-15
point_6a9257d781b9ec56,point_6072686a8dee3059,R250_near_hh_threshold,total_width_GeV,0.002035997542905697,0.002035997542905695,-8.520263e-16
point_6a9257d781b9ec56,point_6072686a8dee3059,R250_near_hh_threshold,BR_bb,0.5775709926444832,0.5775709926444834,3.844456e-16
point_6a9257d781b9ec56,point_6072686a8dee3059,R250_near_hh_threshold,BR_cc,0.025765744273772824,0.02576574427377283,2.693069e-16
point_6a9257d781b9ec56,point_6072686a8dee3059,R250_near_hh_threshold,BR_tautau,0.06358859789110081,0.06358859789110087,8.729733e-16
point_6a9257d781b9ec56,point_6072686a8dee3059,R250_near_hh_threshold,BR_gg,0.33166667175037995,0.3316666717503795,-1.338962e-15
point_6a9257d781b9ec56,point_6072686a8dee3059,R250_near_hh_threshold,BR_gammagamma,0.0008071420189640805,0.0008071420189640889,1.047743e-14
point_6a9257d781b9ec56,point_6072686a8dee3059,R250_near_hh_threshold,BR_Zgamma,0.000166413033131834,0.00016641303313183345,-3.257564e-15
point_6a9257d781b9ec56,point_6072686a8dee3059,R250_near_hh_threshold,ctau_physical_mm,9.691906608019899e-11,9.691906608019907e-11,8.001334e-16
point_72ec88da202df03a,point_f836a86b4a29cf8b,R250_near_hh_threshold,campaign_id,high_mass_h2_physical_point_scan_v1,high_mass_h2_physical_point_scan_v2_mh12520,
point_72ec88da202df03a,point_f836a86b4a29cf8b,R250_near_hh_threshold,m_h_GeV,125.13,125.2,5.594182e-04
point_72ec88da202df03a,point_f836a86b4a29cf8b,R250_near_hh_threshold,lambda1,1.083018294042496,1.0833073369238626,2.668864e-04
point_72ec88da202df03a,point_f836a86b4a29cf8b,R250_near_hh_threshold,lambda2,0.2595897546881313,0.2598787975695007,1.113460e-03
point_72ec88da202df03a,point_f836a86b4a29cf8b,R250_near_hh_threshold,lambda3,8.20884219230135,8.20913123518272,3.521116e-05
point_72ec88da202df03a,point_f836a86b4a29cf8b,R250_near_hh_threshold,g_hH2H2_GeV,79.83702163458634,79.9081899373241,8.914198e-04
point_72ec88da202df03a,point_f836a86b4a29cf8b,R250_near_hh_threshold,width_bb_GeV,0.00018814929950044328,0.00018814929950044322,-2.881228e-16
point_72ec88da202df03a,point_f836a86b4a29cf8b,R250_near_hh_threshold,width_tautau_GeV,2.0714596650095926e-05,2.0714596650095922e-05,-1.635625e-16
point_72ec88da202df03a,point_f836a86b4a29cf8b,R250_near_hh_threshold,width_gg_GeV,0.00010804360459959705,0.00010804360459959718,1.128921e-15
point_72ec88da202df03a,point_f836a86b4a29cf8b,R250_near_hh_threshold,width_gammagamma_GeV,2.576999157068726e-07,2.576999157068706e-07,-7.806379e-15
point_72ec88da202df03a,point_f836a86b4a29cf8b,R250_near_hh_threshold,width_Zgamma_GeV,5.2373242719833936e-08,5.2373242719833897e-08,-7.581098e-16
point_72ec88da202df03a,point_f836a86b4a29cf8b,R250_near_hh_threshold,total_width_GeV,0.00032575253511230544,0.0003257525351123055,1.664150e-16
point_72ec88da202df03a,point_f836a86b4a29cf8b,R250_near_hh_threshold,BR_bb,0.5775835311168875,0.5775835311168873,-3.844372e-16
point_72ec88da202df03a,point_f836a86b4a29cf8b,R250_near_hh_threshold,BR_cc,0.02576630362158923,0.025766303621589222,-2.693011e-16
point_72ec88da202df03a,point_f836a86b4a29cf8b,R250_near_hh_threshold,BR_tautau,0.06358997833418066,0.06358997833418063,-4.364772e-16
point_72ec88da202df03a,point_f836a86b4a29cf8b,R250_near_hh_threshold,BR_gg,0.3316738718928105,0.33167387189281083,1.004200e-15
point_72ec88da202df03a,point_f836a86b4a29cf8b,R250_near_hh_threshold,BR_gammagamma,0.0007910910520405582,0.0007910910520405519,-7.948987e-15
point_72ec88da202df03a,point_f836a86b4a29cf8b,R250_near_hh_threshold,BR_Zgamma,0.00016077616311344406,0.00016077616311344393,-8.429438e-16
point_72ec88da202df03a,point_f836a86b4a29cf8b,R250_near_hh_threshold,ctau_physical_mm,6.057573130842102e-10,6.057573130842101e-10,-1.706914e-16
point_2987e553370e5636,point_6cba02ef1fb5b8df,R250_near_hh_threshold,campaign_id,high_mass_h2_physical_point_scan_v1,high_mass_h2_physical_point_scan_v2_mh12520,
point_2987e553370e5636,point_6cba02ef1fb5b8df,R250_near_hh_threshold,m_h_GeV,125.13,125.2,5.594182e-04
point_2987e553370e5636,point_6cba02ef1fb5b8df,R250_near_hh_threshold,lambda1,0.3330182940424957,0.3333073369238624,8.679490e-04
point_2987e553370e5636,point_6cba02ef1fb5b8df,R250_near_hh_threshold,lambda2,0.2599897546881313,0.26027879756950073,1.111747e-03
point_2987e553370e5636,point_6cba02ef1fb5b8df,R250_near_hh_threshold,lambda3,8.19884219230135,8.19913123518272,3.525411e-05
point_2987e553370e5636,point_6cba02ef1fb5b8df,R250_near_hh_threshold,g_hH2H2_GeV,79.83702163458634,79.9081899373241,8.914198e-04
point_2987e553370e5636,point_6cba02ef1fb5b8df,R250_near_hh_threshold,width_bb_GeV,0.00018814929950044317,0.00018814929950044322,2.881228e-16
point_2987e553370e5636,point_6cba02ef1fb5b8df,R250_near_hh_threshold,width_cc_GeV,8.393438725206063e-06,8.393438725206068e-06,6.054965e-16
point_2987e553370e5636,point_6cba02ef1fb5b8df,R250_near_hh_threshold,width_tautau_GeV,2.0714596650095912e-05,2.0714596650095922e-05,4.906876e-16
point_2987e553370e5636,point_6cba02ef1fb5b8df,R250_near_hh_threshold,width_gg_GeV,0.0001080436045995967,0.00010804360459959718,4.390250e-15
point_2987e553370e5636,point_6cba02ef1fb5b8df,R250_near_hh_threshold,width_gammagamma_GeV,2.60090282221769e-07,2.600902822217663e-07,-1.038069e-14
point_2987e553370e5636,point_6cba02ef1fb5b8df,R250_near_hh_threshold,width_Zgamma_GeV,5.321068839921222e-08,5.321068839921216e-08,-1.119268e-15
point_2987e553370e5636,point_6cba02ef1fb5b8df,R250_near_hh_threshold,total_width_GeV,0.00032575576292449924,0.0003257557629244998,1.664134e-15
point_2987e553370e5636,point_6cba02ef1fb5b8df,R250_near_hh_threshold,BR_bb,0.5775778080219282,0.5775778080219274,-1.345544e-15
point_2987e553370e5636,point_6cba02ef1fb5b8df,R250_near_hh_threshold,BR_cc,0.025766048311327706,0.02576604831132768,-1.077215e-15
point_2987e553370e5636,point_6cba02ef1fb5b8df,R250_near_hh_threshold,BR_tautau,0.0635893482409303,0.06358934824093022,-1.091204e-15
point_2987e553370e5636,point_6cba02ef1fb5b8df,R250_near_hh_threshold,BR_gg,0.3316705854399208,0.3316705854399217,2.677893e-15
point_2987e553370e5636,point_6cba02ef1fb5b8df,R250_near_hh_threshold,BR_gammagamma,0.0007984211235030412,0.0007984211235030316,-1.208560e-14
point_2987e553370e5636,point_6cba02ef1fb5b8df,R250_near_hh_threshold,BR_Zgamma,0.00016334534781981713,0.0001633453478198167,-2.654994e-15
point_2987e553370e5636,point_6cba02ef1fb5b8df,R250_near_hh_threshold,ctau_physical_mm,6.057513108240381e-10,6.057513108240371e-10,-1.706931e-15
point_52577efa59704095,point_fa9a4e651104e200,R250_near_hh_threshold,campaign_id,high_mass_h2_physical_point_scan_v1,high_mass_h2_physical_point_scan_v2_mh12520,
point_52577efa59704095,point_fa9a4e651104e200,R250_near_hh_threshold,m_h_GeV,125.13,125.2,5.594182e-04
point_52577efa59704095,point_fa9a4e651104e200,R250_near_hh_threshold,lambda1,3.55726270316016,3.5575517460415327,8.125430e-05
point_52577efa59704095,point_fa9a4e651104e200,R250_near_hh_threshold,lambda2,0.25860005692448423,0.2588890998058537,1.117722e-03
point_52577efa59704095,point_fa9a4e651104e200,R250_near_hh_threshold,lambda3,8.20884219230135,8.209131235182719,3.521116e-05
point_52577efa59704095,point_fa9a4e651104e200,R250_near_hh_threshold,g_hH2H2_GeV,79.83702163458622,79.9081899373233,8.914198e-04
point_52577efa59704095,point_fa9a4e651104e200,R250_near_hh_threshold,width_bb_GeV,4.703732487511073e-05,4.7037324875110785e-05,1.152491e-15
point_52577efa59704095,point_fa9a4e651104e200,R250_near_hh_threshold,width_cc_GeV,2.098359681301514e-06,2.098359681301516e-06,1.009161e-15
point_52577efa59704095,point_fa9a4e651104e200,R250_near_hh_threshold,width_tautau_GeV,5.178649162523969e-06,5.1786491625239755e-06,1.308500e-15
point_52577efa59704095,point_fa9a4e651104e200,R250_near_hh_threshold,width_gg_GeV,2.7010901149899236e-05,2.7010901149899257e-05,7.526143e-16
point_52577efa59704095,point_fa9a4e651104e200,R250_near_hh_threshold,width_gammagamma_GeV,5.887615516124064e-08,5.88761551612411e-08,7.867721e-15
point_52577efa59704095,point_fa9a4e651104e200,R250_near_hh_threshold,width_Zgamma_GeV,1.118405636151901e-08,1.1184056361518986e-08,-2.070900e-15
point_52577efa59704095,point_fa9a4e651104e200,R250_near_hh_threshold,total_width_GeV,8.143067569999231e-05,8.143067569999239e-05,9.985815e-16
point_52577efa59704095,point_fa9a4e651104e200,R250_near_hh_threshold,BR_bb,0.5776364308753387,0.5776364308753388,1.922010e-16
point_52577efa59704095,point_fa9a4e651104e200,R250_near_hh_threshold,BR_tautau,0.06359580241730031,0.06359580241730034,4.364372e-16
point_52577efa59704095,point_fa9a4e651104e200,R250_near_hh_threshold,BR_gg,0.33170424926121284,0.3317042492612128,-1.673513e-16
point_52577efa59704095,point_fa9a4e651104e200,R250_near_hh_threshold,BR_gammagamma,0.0007230218177011418,0.0007230218177011468,6.897897e-15
point_52577efa59704095,point_fa9a4e651104e200,R250_near_hh_threshold,BR_Zgamma,0.00013734451133284734,0.0001373445113328469,-3.157613e-15
point_52577efa59704095,point_fa9a4e651104e200,R250_near_hh_threshold,ctau_physical_mm,2.4232511728994367e-09,2.4232511728994342e-09,-1.024055e-15
point_c1e518ac578ee5d1,point_b1aa1e2cbadc6e3e,R250_near_hh_threshold,campaign_id,high_mass_h2_physical_point_scan_v1,high_mass_h2_physical_point_scan_v2_mh12520,
point_c1e518ac578ee5d1,point_b1aa1e2cbadc6e3e,R250_near_hh_threshold,m_h_GeV,125.13,125.2,5.594182e-04
point_c1e518ac578ee5d1,point_b1aa1e2cbadc6e3e,R250_near_hh_threshold,lambda1,1.8330182940424962,1.8333073369238628,1.576869e-04
point_c1e518ac578ee5d1,point_b1aa1e2cbadc6e3e,R250_near_hh_threshold,lambda2,0.25918975468813127,0.2594787975695007,1.115179e-03
point_c1e518ac578ee5d1,point_b1aa1e2cbadc6e3e,R250_near_hh_threshold,lambda3,8.21884219230135,8.21913123518272,3.516832e-05
point_c1e518ac578ee5d1,point_b1aa1e2cbadc6e3e,R250_near_hh_threshold,g_hH2H2_GeV,79.83702163458634,79.90818993732375,8.914198e-04
point_c1e518ac578ee5d1,point_b1aa1e2cbadc6e3e,R250_near_hh_threshold,width_bb_GeV,0.00018814929950044328,0.00018814929950044322,-2.881228e-16
point_c1e518ac578ee5d1,point_b1aa1e2cbadc6e3e,R250_near_hh_threshold,width_tautau_GeV,2.0714596650095926e-05,2.0714596650095922e-05,-1.635625e-16
point_c1e518ac578ee5d1,point_b1aa1e2cbadc6e3e,R250_near_hh_threshold,width_gg_GeV,0.00010804360459959705,0.00010804360459959718,1.128921e-15
point_c1e518ac578ee5d1,point_b1aa1e2cbadc6e3e,R250_near_hh_threshold,width_gammagamma_GeV,2.553205848955738e-07,2.553205848955718e-07,-7.879127e-15
point_c1e518ac578ee5d1,point_b1aa1e2cbadc6e3e,R250_near_hh_threshold,width_Zgamma_GeV,5.154243969535323e-08,5.154243969535321e-08,-3.851648e-16
point_c1e518ac578ee5d1,point_b1aa1e2cbadc6e3e,R250_near_hh_threshold,total_width_GeV,0.00032574932497846966,0.0003257493249784697,1.664166e-16
point_c1e518ac578ee5d1,point_b1aa1e2cbadc6e3e,R250_near_hh_threshold,BR_bb,0.5775892229795994,0.577589222979599,-5.766501e-16
point_c1e518ac578ee5d1,point_b1aa1e2cbadc6e3e,R250_near_hh_threshold,BR_cc,0.025766557538563835,0.025766557538563828,-2.692984e-16
point_c1e518ac578ee5d1,point_b1aa1e2cbadc6e3e,R250_near_hh_threshold,BR_tautau,0.06359060498886698,0.06359060498886697,-2.182364e-16
point_c1e518ac578ee5d1,point_b1aa1e2cbadc6e3e,R250_near_hh_threshold,BR_gg,0.33167714041076884,0.3316771404107692,1.004190e-15
point_c1e518ac578ee5d1,point_b1aa1e2cbadc6e3e,R250_near_hh_threshold,BR_gammagamma,0.0007837946706795146,0.0007837946706795082,-8.161312e-15
point_c1e518ac578ee5d1,point_b1aa1e2cbadc6e3e,R250_near_hh_threshold,BR_Zgamma,0.00015822731082791935,0.00015822731082791927,-5.139136e-16
point_c1e518ac578ee5d1,point_b1aa1e2cbadc6e3e,R250_near_hh_threshold,ctau_physical_mm,6.057632825886663e-10,6.057632825886662e-10,-1.706897e-16
point_ce7c950be3372b8d,point_8df579ee560d9210,R250_near_hh_threshold,campaign_id,high_mass_h2_physical_point_scan_v1,high_mass_h2_physical_point_scan_v2_mh12520,
point_ce7c950be3372b8d,point_8df579ee560d9210,R250_near_hh_threshold,m_h_GeV,125.13,125.2,5.594182e-04
point_ce7c950be3372b8d,point_8df579ee560d9210,R250_near_hh_threshold,lambda1,3.55726270166016,3.5575517445415326,8.125430e-05
point_ce7c950be3372b8d,point_8df579ee560d9210,R250_near_hh_threshold,lambda2,0.25860005692453425,0.2588890998059037,1.117722e-03
point_ce7c950be3372b8d,point_8df579ee560d9210,R250_near_hh_threshold,lambda3,8.20884219229635,8.209131235177718,3.521116e-05
point_ce7c950be3372b8d,point_8df579ee560d9210,R250_near_hh_threshold,g_hH2H2_GeV,79.83702163458622,79.9081899373233,8.914198e-04
point_ce7c950be3372b8d,point_8df579ee560d9210,R250_near_hh_threshold,width_bb_GeV,4.7037324875110826e-05,4.703732487511082e-05,-1.440614e-16
point_ce7c950be3372b8d,point_8df579ee560d9210,R250_near_hh_threshold,width_gg_GeV,2.701090114989943e-05,2.7010901149899457e-05,1.003486e-15
point_ce7c950be3372b8d,point_8df579ee560d9210,R250_near_hh_threshold,width_gammagamma_GeV,5.887615516234857e-08,5.887615516234817e-08,-6.856157e-15
point_ce7c950be3372b8d,point_8df579ee560d9210,R250_near_hh_threshold,width_Zgamma_GeV,1.1184056361893423e-08,1.1184056361893406e-08,-1.479214e-15
point_ce7c950be3372b8d,point_8df579ee560d9210,R250_near_hh_threshold,total_width_GeV,8.14306756999941e-05,8.143067569999411e-05,1.664302e-16
point_ce7c950be3372b8d,point_8df579ee560d9210,R250_near_hh_threshold,BR_bb,0.5776364308753272,0.577636430875327,-3.844020e-16
point_ce7c950be3372b8d,point_8df579ee560d9210,R250_near_hh_threshold,BR_cc,0.025768663507500154,0.025768663507500147,-2.692764e-16
point_ce7c950be3372b8d,point_8df579ee560d9210,R250_near_hh_threshold,BR_gg,0.33170424926120795,0.33170424926120823,8.367567e-16
point_ce7c950be3372b8d,point_8df579ee560d9210,R250_near_hh_threshold,BR_gammagamma,0.0007230218177147318,0.0007230218177147267,-7.047851e-15
point_ce7c950be3372b8d,point_8df579ee560d9210,R250_near_hh_threshold,BR_Zgamma,0.00013734451133744227,0.00013734451133744203,-1.776158e-15
point_ce7c950be3372b8d,point_8df579ee560d9210,R250_near_hh_threshold,ctau_physical_mm,2.4232511728993834e-09,2.423251172899383e-09,-1.706758e-16
point_faafb32cb6c51181,point_ae4b5022e6110244,R250_near_hh_threshold,campaign_id,high_mass_h2_physical_point_scan_v1,high_mass_h2_physical_point_scan_v2_mh12520,
point_faafb32cb6c51181,point_ae4b5022e6110244,R250_near_hh_threshold,m_h_GeV,125.13,125.2,5.594182e-04
point_faafb32cb6c51181,point_ae4b5022e6110244,R250_near_hh_threshold,lambda1,2.0572627031601582,2.057551746041531,1.404988e-04
point_faafb32cb6c51181,point_ae4b5022e6110244,R250_near_hh_threshold,lambda2,0.25865005692448423,0.25893909980585367,1.117506e-03
point_faafb32cb6c51181,point_ae4b5022e6110244,R250_near_hh_threshold,lambda3,8.20384219230135,8.204131235182718,3.523262e-05
point_faafb32cb6c51181,point_ae4b5022e6110244,R250_near_hh_threshold,g_hH2H2_GeV,79.83702163458588,79.90818993732296,8.914198e-04
point_faafb32cb6c51181,point_ae4b5022e6110244,R250_near_hh_threshold,width_bb_GeV,4.7037324875110826e-05,4.7037324875110785e-05,-8.643685e-16
point_faafb32cb6c51181,point_ae4b5022e6110244,R250_near_hh_threshold,width_cc_GeV,2.0983596813015173e-06,2.098359681301516e-06,-6.054965e-16
point_faafb32cb6c51181,point_ae4b5022e6110244,R250_near_hh_threshold,width_tautau_GeV,5.178649162523979e-06,5.1786491625239755e-06,-6.542501e-16
point_faafb32cb6c51181,point_ae4b5022e6110244,R250_near_hh_threshold,width_gg_GeV,2.701090114989943e-05,2.7010901149899257e-05,-6.397222e-15
point_faafb32cb6c51181,point_ae4b5022e6110244,R250_near_hh_threshold,width_gammagamma_GeV,5.998839177558038e-08,5.998839177557993e-08,-7.501222e-15
point_faafb32cb6c51181,point_ae4b5022e6110244,R250_near_hh_threshold,width_Zgamma_GeV,1.1561525279090221e-08,1.1561525279090125e-08,-8.299333e-15
point_faafb32cb6c51181,point_ae4b5022e6110244,R250_near_hh_threshold,total_width_GeV,8.143216540552453e-05,8.143216540552431e-05,-2.662835e-15
point_faafb32cb6c51181,point_ae4b5022e6110244,R250_near_hh_threshold,BR_bb,0.5776258636973408,0.5776258636973419,1.922045e-15
point_faafb32cb6c51181,point_ae4b5022e6110244,R250_near_hh_threshold,BR_cc,0.025768192100159484,0.025768192100159536,2.019610e-15
point_faafb32cb6c51181,point_ae4b5022e6110244,R250_near_hh_threshold,BR_tautau,0.06359463900701637,0.06359463900701649,1.964003e-15
point_faafb32cb6c51181,point_ae4b5022e6110244,R250_near_hh_threshold,BR_gg,0.33169818112275024,0.331698181122749,-3.681797e-15
point_faafb32cb6c51181,point_ae4b5022e6110244,R250_near_hh_threshold,BR_gammagamma,0.0007366670341730915,0.0007366670341730881,-4.709654e-15
point_faafb32cb6c51181,point_ae4b5022e6110244,R250_near_hh_threshold,BR_Zgamma,0.00014197737738539694,0.00014197737738539615,-5.536421e-15
point_faafb32cb6c51181,point_ae4b5022e6110244,R250_near_hh_threshold,ctau_physical_mm,2.4232068423740203e-09,2.4232068423740265e-09,2.560184e-15
point_5d563de8d289da76,point_30bbcc2aa7e32ad9,R250_near_hh_threshold,campaign_id,high_mass_h2_physical_point_scan_v1,high_mass_h2_physical_point_scan_v2_mh12520,
point_5d563de8d289da76,point_30bbcc2aa7e32ad9,R250_near_hh_threshold,m_h_GeV,125.13,125.2,5.594182e-04
point_5d563de8d289da76,point_30bbcc2aa7e32ad9,R250_near_hh_threshold,lambda1,6.610491531961919,6.610730667291597,3.617512e-05
point_5d563de8d289da76,point_30bbcc2aa7e32ad9,R250_near_hh_threshold,lambda2,0.6385927109371453,0.6388942307064376,4.721629e-04
point_5d563de8d289da76,point_30bbcc2aa7e32ad9,R250_near_hh_threshold,lambda3,9.835410865221668,9.835679387156405,2.730155e-05
point_5d563de8d289da76,point_30bbcc2aa7e32ad9,R250_near_hh_threshold,g_hH2H2_GeV,795.4313135896149,795.497363097571,8.303609e-05
point_5d563de8d289da76,point_30bbcc2aa7e32ad9,R250_near_hh_threshold,width_bb_GeV,0.0009728907816278514,0.0009728907816278517,2.228826e-16
point_5d563de8d289da76,point_30bbcc2aa7e32ad9,R250_near_hh_threshold,width_cc_GeV,4.3401166964705984e-05,4.340116696470599e-05,1.561309e-16
point_5d563de8d289da76,point_30bbcc2aa7e32ad9,R250_near_hh_threshold,width_tautau_GeV,0.00010711195938292618,0.00010711195938292621,2.530535e-16
point_5d563de8d289da76,point_30bbcc2aa7e32ad9,R250_near_hh_threshold,width_WW_GeV,0.0054684874720258006,0.005468487472025807,1.110276e-15
point_5d563de8d289da76,point_30bbcc2aa7e32ad9,R250_near_hh_threshold,width_ZZ_GeV,0.0023152702662946737,0.002315270266294676,9.365664e-16
point_5d563de8d289da76,point_30bbcc2aa7e32ad9,R250_near_hh_threshold,width_gg_GeV,0.0005586766849936896,0.0005586766849936882,-2.522860e-15
point_5d563de8d289da76,point_30bbcc2aa7e32ad9,R250_near_hh_threshold,width_gammagamma_GeV,2.090597085285487e-06,2.0905970852855067e-06,9.521335e-15
point_5d563de8d289da76,point_30bbcc2aa7e32ad9,R250_near_hh_threshold,width_Zgamma_GeV,1.4275298683823642e-06,1.427529868382365e-06,5.933557e-16
point_5d563de8d289da76,point_30bbcc2aa7e32ad9,R250_near_hh_threshold,total_width_GeV,0.009470088248981452,0.009470088248981457,5.495377e-16
point_5d563de8d289da76,point_30bbcc2aa7e32ad9,R250_near_hh_threshold,width_unaccounted_GeV,7.3179073813677e-07,7.317907381350353e-07,-2.370518e-12
point_5d563de8d289da76,point_30bbcc2aa7e32ad9,R250_near_hh_threshold,BR_bb,0.10273302170468053,0.10273302170468049,-4.052578e-16
point_5d563de8d289da76,point_30bbcc2aa7e32ad9,R250_near_hh_threshold,BR_cc,0.004582973867152079,0.004582973867152077,-3.785148e-16
point_5d563de8d289da76,point_30bbcc2aa7e32ad9,R250_near_hh_threshold,BR_tautau,0.011310555568945889,0.011310555568945885,-3.067442e-16
point_5d563de8d289da76,point_30bbcc2aa7e32ad9,R250_near_hh_threshold,BR_WW,0.5774484174013859,0.5774484174013862,5.767908e-16
point_5d563de8d289da76,point_30bbcc2aa7e32ad9,R250_near_hh_threshold,BR_ZZ,0.24448243832824798,0.2444824383282481,4.541116e-16
point_5d563de8d289da76,point_30bbcc2aa7e32ad9,R250_near_hh_threshold,BR_gg,0.05899382036421653,0.05899382036421635,-3.058138e-15
point_5d563de8d289da76,point_30bbcc2aa7e32ad9,R250_near_hh_threshold,BR_gammagamma,0.00022075793068880212,0.0002207579306888041,8.963071e-15
point_5d563de8d289da76,point_30bbcc2aa7e32ad9,R250_near_hh_threshold,ctau_physical_mm,2.0836868169757906e-11,2.0836868169757896e-11,-4.652102e-16
point_741c972428dfd58e,point_d25e18bf5bc7a67d,R250_near_hh_threshold,campaign_id,high_mass_h2_physical_point_scan_v1,high_mass_h2_physical_point_scan_v2_mh12520,
point_741c972428dfd58e,point_d25e18bf5bc7a67d,R250_near_hh_threshold,m_h_GeV,125.13,125.2,5.594182e-04
point_741c972428dfd58e,point_d25e18bf5bc7a67d,R250_near_hh_threshold,lambda1,5.013779139944655,5.014018275274333,4.769562e-05
point_741c972428dfd58e,point_d25e18bf5bc7a67d,R250_near_hh_threshold,lambda2,0.5387981864360663,0.5390997062053585,5.596154e-04
point_741c972428dfd58e,point_d25e18bf5bc7a67d,R250_near_hh_threshold,lambda3,9.436232767217353,9.43650128915209,2.845648e-05
point_741c972428dfd58e,point_d25e18bf5bc7a67d,R250_near_hh_threshold,g_hH2H2_GeV,619.9690024536806,620.0350519616363,1.065368e-04
point_741c972428dfd58e,point_d25e18bf5bc7a67d,R250_near_hh_threshold,width_bb_GeV,0.0009728907816278517,0.0009728907816278514,-2.228826e-16
point_741c972428dfd58e,point_d25e18bf5bc7a67d,R250_near_hh_threshold,width_tautau_GeV,0.00010711195938292621,0.00010711195938292622,1.265267e-16
point_741c972428dfd58e,point_d25e18bf5bc7a67d,R250_near_hh_threshold,width_WW_GeV,0.005468487472025807,0.005468487472025801,-9.516654e-16
point_741c972428dfd58e,point_d25e18bf5bc7a67d,R250_near_hh_threshold,width_ZZ_GeV,0.002315270266294676,0.0023152702662946746,-5.619398e-16
point_741c972428dfd58e,point_d25e18bf5bc7a67d,R250_near_hh_threshold,width_gg_GeV,0.0005586766849936882,0.0005586766849936903,3.687256e-15
point_741c972428dfd58e,point_d25e18bf5bc7a67d,R250_near_hh_threshold,width_gammagamma_GeV,2.171377894259978e-06,2.1713778942599643e-06,-6.241441e-15
point_741c972428dfd58e,point_d25e18bf5bc7a67d,R250_near_hh_threshold,width_Zgamma_GeV,1.468718972759869e-06,1.4687189727598712e-06,1.441789e-15
point_741c972428dfd58e,point_d25e18bf5bc7a67d,R250_near_hh_threshold,total_width_GeV,0.00947021021889481,0.009470210218894805,-5.495306e-16
point_741c972428dfd58e,point_d25e18bf5bc7a67d,R250_near_hh_threshold,BR_bb,0.10273169857272606,0.10273169857272609,2.701754e-16
point_741c972428dfd58e,point_d25e18bf5bc7a67d,R250_near_hh_threshold,BR_cc,0.004582914841543083,0.004582914841543085,3.785197e-16
point_741c972428dfd58e,point_d25e18bf5bc7a67d,R250_near_hh_threshold,BR_tautau,0.011310409896627021,0.011310409896627028,6.134962e-16
point_741c972428dfd58e,point_d25e18bf5bc7a67d,R250_near_hh_threshold,BR_WW,0.577440980255662,0.5774409802556618,-3.845321e-16
point_741c972428dfd58e,point_d25e18bf5bc7a67d,R250_near_hh_threshold,BR_gg,0.05899306056364256,0.05899306056364281,4.234399e-15
point_741c972428dfd58e,point_d25e18bf5bc7a67d,R250_near_hh_threshold,BR_gammagamma,0.00022928507858544468,0.00022928507858544338,-5.674345e-15
point_741c972428dfd58e,point_d25e18bf5bc7a67d,R250_near_hh_threshold,BR_Zgamma,0.0001550883178738213,0.00015508831787382161,2.097261e-15
point_741c972428dfd58e,point_d25e18bf5bc7a67d,R250_near_hh_threshold,ctau_physical_mm,2.0836599804964878e-11,2.083659980496489e-11,6.202882e-16
point_3a37385beb426b2b,point_de4655b81ddbdd82,R250_near_hh_threshold,campaign_id,high_mass_h2_physical_point_scan_v1,high_mass_h2_physical_point_scan_v2_mh12520,
point_3a37385beb426b2b,point_de4655b81ddbdd82,R250_near_hh_threshold,m_h_GeV,125.13,125.2,5.594182e-04
point_3a37385beb426b2b,point_de4655b81ddbdd82,R250_near_hh_threshold,lambda1,3.417066747927393,3.4173058832570717,6.998263e-05
point_3a37385beb426b2b,point_de4655b81ddbdd82,R250_near_hh_threshold,lambda2,0.4390036619349873,0.43930518170427957,6.868275e-04
point_3a37385beb426b2b,point_de4655b81ddbdd82,R250_near_hh_threshold,lambda3,9.037054669213038,9.037323191147772,2.971343e-05
point_3a37385beb426b2b,point_de4655b81ddbdd82,R250_near_hh_threshold,g_hH2H2_GeV,444.50669131774634,444.5727408257017,1.485906e-04
point_3a37385beb426b2b,point_de4655b81ddbdd82,R250_near_hh_threshold,width_gammagamma_GeV,2.2537984779335237e-06,2.2537984779335275e-06,1.691211e-15
point_3a37385beb426b2b,point_de4655b81ddbdd82,R250_near_hh_threshold,width_Zgamma_GeV,1.5108950968901404e-06,1.5108950968901408e-06,2.803083e-16
point_3a37385beb426b2b,point_de4655b81ddbdd82,R250_near_hh_threshold,BR_gammagamma,0.00023798508942052778,0.00023798508942052816,1.594515e-15
point_3a37385beb426b2b,point_de4655b81ddbdd82,R250_near_hh_threshold,BR_Zgamma,0.0001595397761862552,0.00015953977618625526,3.397906e-16
point_692952104661f3ef,point_85fca41219cd7122,R250_near_hh_threshold,campaign_id,high_mass_h2_physical_point_scan_v1,high_mass_h2_physical_point_scan_v2_mh12520,
point_692952104661f3ef,point_85fca41219cd7122,R250_near_hh_threshold,m_h_GeV,125.13,125.2,5.594182e-04
point_692952104661f3ef,point_85fca41219cd7122,R250_near_hh_threshold,lambda1,1.8203543559101305,1.8205934912398087,1.313675e-04
point_692952104661f3ef,point_85fca41219cd7122,R250_near_hh_threshold,lambda2,0.33920913743390824,0.3395106572032006,8.888905e-04
point_692952104661f3ef,point_85fca41219cd7122,R250_near_hh_threshold,lambda3,8.637876571208722,8.638145093143457,3.108657e-05
point_692952104661f3ef,point_85fca41219cd7122,R250_near_hh_threshold,g_hH2H2_GeV,269.044380181812,269.1104296897673,2.454967e-04
point_692952104661f3ef,point_85fca41219cd7122,R250_near_hh_threshold,width_bb_GeV,0.0009728907816278512,0.0009728907816278514,2.228826e-16
point_692952104661f3ef,point_85fca41219cd7122,R250_near_hh_threshold,width_cc_GeV,4.340116696470598e-05,4.3401166964705984e-05,1.561309e-16
point_692952104661f3ef,point_85fca41219cd7122,R250_near_hh_threshold,width_tautau_GeV,0.00010711195938292615,0.00010711195938292618,2.530535e-16
point_692952104661f3ef,point_85fca41219cd7122,R250_near_hh_threshold,width_WW_GeV,0.005468487472025793,0.0054684874720258006,1.427498e-15
point_692952104661f3ef,point_85fca41219cd7122,R250_near_hh_threshold,width_ZZ_GeV,0.0023152702662946703,0.0023152702662946737,1.498506e-15
point_692952104661f3ef,point_85fca41219cd7122,R250_near_hh_threshold,width_gg_GeV,0.000558676684993689,0.0005586766849936896,1.164397e-15
point_692952104661f3ef,point_85fca41219cd7122,R250_near_hh_threshold,width_gammagamma_GeV,2.337858836306196e-06,2.337858836306193e-06,-1.268090e-15
point_692952104661f3ef,point_85fca41219cd7122,R250_near_hh_threshold,width_Zgamma_GeV,1.554058240773181e-06,1.5540582407731823e-06,8.175687e-16
point_692952104661f3ef,point_85fca41219cd7122,R250_near_hh_threshold,total_width_GeV,0.00947046203910485,0.009470462039104862,1.282204e-15
point_692952104661f3ef,point_85fca41219cd7122,R250_near_hh_threshold,BR_bb,0.1027289669300875,0.1027289669300874,-9.456390e-16
point_692952104661f3ef,point_85fca41219cd7122,R250_near_hh_threshold,BR_cc,0.004582792981535277,0.004582792981535272,-1.135589e-15
point_692952104661f3ef,point_85fca41219cd7122,R250_near_hh_threshold,BR_tautau,0.01131010915208213,0.011310109152082118,-1.073647e-15
point_692952104661f3ef,point_85fca41219cd7122,R250_near_hh_threshold,BR_WW,0.5774256260619228,0.5774256260619229,1.922712e-16
point_692952104661f3ef,point_85fca41219cd7122,R250_near_hh_threshold,BR_ZZ,0.2444727888390871,0.24447278883908716,2.270647e-16
point_692952104661f3ef,point_85fca41219cd7122,R250_near_hh_threshold,BR_gg,0.05899149193427264,0.05899149193427263,-1.176253e-16
point_692952104661f3ef,point_85fca41219cd7122,R250_near_hh_threshold,BR_gammagamma,0.0002468579491320331,0.00024685794913203253,-2.415605e-15
point_692952104661f3ef,point_85fca41219cd7122,R250_near_hh_threshold,BR_Zgamma,0.00016409529274878662,0.00016409529274878654,-4.955362e-16
point_692952104661f3ef,point_85fca41219cd7122,R250_near_hh_threshold,ctau_physical_mm,2.0836045758402235e-11,2.083604575840221e-11,-1.240609e-15
point_7090845029e4dae4,point_db3fcbaca28404c9,R250_near_hh_threshold,campaign_id,high_mass_h2_physical_point_scan_v1,high_mass_h2_physical_point_scan_v2_mh12520,
point_7090845029e4dae4,point_db3fcbaca28404c9,R250_near_hh_threshold,m_h_GeV,125.13,125.2,5.594182e-04
point_7090845029e4dae4,point_db3fcbaca28404c9,R250_near_hh_threshold,lambda1,0.22364196389286745,0.2238810992225458,1.069278e-03
point_7090845029e4dae4,point_db3fcbaca28404c9,R250_near_hh_threshold,lambda2,0.2394146129328293,0.23971613270212158,1.259404e-03
point_7090845029e4dae4,point_db3fcbaca28404c9,R250_near_hh_threshold,lambda3,8.238698473204407,8.238966995139142,3.259276e-05
point_7090845029e4dae4,point_db3fcbaca28404c9,R250_near_hh_threshold,g_hH2H2_GeV,93.58206904587723,93.64811855383289,7.057923e-04
point_68274d571fcf3732,point_ce09ced15e2fc611,R250_near_hh_threshold,campaign_id,high_mass_h2_physical_point_scan_v1,high_mass_h2_physical_point_scan_v2_mh12520,
point_68274d571fcf3732,point_ce09ced15e2fc611,R250_near_hh_threshold,m_h_GeV,125.13,125.2,5.594182e-04
point_68274d571fcf3732,point_ce09ced15e2fc611,R250_near_hh_threshold,lambda1,5.313779139944655,5.314018275274333,4.500287e-05
point_68274d571fcf3732,point_ce09ced15e2fc611,R250_near_hh_threshold,lambda2,0.5325481864360663,0.5328497062053585,5.661831e-04
point_68274d571fcf3732,point_ce09ced15e2fc611,R250_near_hh_threshold,lambda3,9.461232767217354,9.46150128915209,2.838128e-05
point_68274d571fcf3732,point_ce09ced15e2fc611,R250_near_hh_threshold,g_hH2H2_GeV,617.9090225845523,617.975072092508,1.068920e-04
point_68274d571fcf3732,point_ce09ced15e2fc611,R250_near_hh_threshold,width_cc_GeV,4.340116696470602e-05,4.340116696470601e-05,-1.561309e-16
point_68274d571fcf3732,point_ce09ced15e2fc611,R250_near_hh_threshold,width_WW_GeV,0.00546848747202581,0.005468487472025809,-1.586109e-16
point_68274d571fcf3732,point_ce09ced15e2fc611,R250_near_hh_threshold,width_ZZ_GeV,0.0023152702662946794,0.0023152702662946776,-7.492531e-16
point_68274d571fcf3732,point_ce09ced15e2fc611,R250_near_hh_threshold,width_gammagamma_GeV,2.1633479245152937e-06,2.1633479245153064e-06,5.873070e-15
point_68274d571fcf3732,point_ce09ced15e2fc611,R250_near_hh_threshold,width_Zgamma_GeV,1.4646178927370273e-06,1.4646178927370277e-06,2.891652e-16
point_68274d571fcf3732,point_ce09ced15e2fc611,R250_near_hh_threshold,total_width_GeV,0.009470198087845053,0.00947019808784505,-3.663542e-16
point_68274d571fcf3732,point_ce09ced15e2fc611,R250_near_hh_threshold,width_unaccounted_GeV,7.317907381385047e-07,7.317907381350353e-07,-4.741037e-12
point_68274d571fcf3732,point_ce09ced15e2fc611,R250_near_hh_threshold,BR_bb,0.1027318301690597,0.10273183016905975,4.052625e-16
point_68274d571fcf3732,point_ce09ced15e2fc611,R250_near_hh_threshold,BR_cc,0.004582920712124404,0.0045829207121244045,1.892596e-16
point_68274d571fcf3732,point_ce09ced15e2fc611,R250_near_hh_threshold,BR_tautau,0.011310424384934868,0.011310424384934872,3.067477e-16
point_68274d571fcf3732,point_ce09ced15e2fc611,R250_near_hh_threshold,BR_WW,0.5774417199408515,0.5774417199408516,1.922658e-16
point_68274d571fcf3732,point_ce09ced15e2fc611,R250_near_hh_threshold,BR_ZZ,0.24447960273041341,0.24447960273041333,-3.405876e-16
point_68274d571fcf3732,point_ce09ced15e2fc611,R250_near_hh_threshold,BR_gg,0.05899313613204658,0.0589931361320466,3.528662e-16
point_68274d571fcf3732,point_ce09ced15e2fc611,R250_near_hh_threshold,BR_gammagamma,0.0002284374523582499,0.00022843745235825132,6.170016e-15
point_68274d571fcf3732,point_ce09ced15e2fc611,R250_near_hh_threshold,BR_Zgamma,0.00015465546540329039,0.00015465546540329047,5.257827e-16
point_68274d571fcf3732,point_ce09ced15e2fc611,R250_near_hh_threshold,ctau_physical_mm,2.083662649604638e-11,2.0836626496046387e-11,3.101437e-16
point_bb9414b53a5096d7,point_ac71593250eb41c6,R250_near_hh_threshold,campaign_id,high_mass_h2_physical_point_scan_v1,high_mass_h2_physical_point_scan_v2_mh12520,
point_bb9414b53a5096d7,point_ac71593250eb41c6,R250_near_hh_threshold,m_h_GeV,125.13,125.2,5.594182e-04
point_bb9414b53a5096d7,point_ac71593250eb41c6,R250_near_hh_threshold,lambda1,3.717066747927393,3.7173058832570716,6.433442e-05
point_bb9414b53a5096d7,point_ac71593250eb41c6,R250_near_hh_threshold,lambda2,0.4327536619349873,0.4330551817042796,6.967469e-04
point_bb9414b53a5096d7,point_ac71593250eb41c6,R250_near_hh_threshold,lambda3,9.062054669213039,9.062323191147772,2.963146e-05
point_bb9414b53a5096d7,point_ac71593250eb41c6,R250_near_hh_threshold,g_hH2H2_GeV,442.44671144861775,442.51276095657363,1.492824e-04
point_bb9414b53a5096d7,point_ac71593250eb41c6,R250_near_hh_threshold,width_cc_GeV,4.340116696470601e-05,4.340116696470602e-05,1.561309e-16
point_bb9414b53a5096d7,point_ac71593250eb41c6,R250_near_hh_threshold,width_WW_GeV,0.005468487472025809,0.00546848747202581,1.586109e-16
point_bb9414b53a5096d7,point_ac71593250eb41c6,R250_near_hh_threshold,width_ZZ_GeV,0.0023152702662946776,0.0023152702662946794,7.492531e-16
point_bb9414b53a5096d7,point_ac71593250eb41c6,R250_near_hh_threshold,width_gammagamma_GeV,2.2456069852283016e-06,2.2456069852282897e-06,-5.280738e-15
point_bb9414b53a5096d7,point_ac71593250eb41c6,R250_near_hh_threshold,width_Zgamma_GeV,1.5066967923201104e-06,1.5066967923201102e-06,-1.405447e-16
point_bb9414b53a5096d7,point_ac71593250eb41c6,R250_near_hh_threshold,total_width_GeV,0.009470322425805346,0.009470322425805349,3.663494e-16
point_bb9414b53a5096d7,point_ac71593250eb41c6,R250_near_hh_threshold,BR_bb,0.10273048138011187,0.10273048138011184,-2.701786e-16
point_bb9414b53a5096d7,point_ac71593250eb41c6,R250_near_hh_threshold,BR_cc,0.004582860541943504,0.004582860541943503,-1.892621e-16
point_bb9414b53a5096d7,point_ac71593250eb41c6,R250_near_hh_threshold,BR_tautau,0.011310275887868471,0.011310275887868468,-3.067518e-16
point_bb9414b53a5096d7,point_ac71593250eb41c6,R250_near_hh_threshold,BR_WW,0.5774341385806382,0.5774341385806381,-1.922683e-16
point_bb9414b53a5096d7,point_ac71593250eb41c6,R250_near_hh_threshold,BR_ZZ,0.24447639290356998,0.24447639290357007,3.405921e-16
point_bb9414b53a5096d7,point_ac71593250eb41c6,R250_near_hh_threshold,BR_gg,0.05899236159809851,0.05899236159809849,-3.528708e-16
point_bb9414b53a5096d7,point_ac71593250eb41c6,R250_near_hh_threshold,BR_gammagamma,0.00023712043627039845,0.0002371204362703971,-5.715461e-15
point_bb9414b53a5096d7,point_ac71593250eb41c6,R250_near_hh_threshold,BR_Zgamma,0.00015909667322567243,0.00015909667322567235,-5.111054e-16
point_bb9414b53a5096d7,point_ac71593250eb41c6,R250_near_hh_threshold,ctau_physical_mm,2.083635292736293e-11,2.0836352927362922e-11,-3.101478e-16
point_1ccd62256e34c99b,point_8bdcc306953883e6,R250_near_hh_threshold,campaign_id,high_mass_h2_physical_point_scan_v1,high_mass_h2_physical_point_scan_v2_mh12520,
point_1ccd62256e34c99b,point_8bdcc306953883e6,R250_near_hh_threshold,m_h_GeV,125.13,125.2,5.594182e-04
point_1ccd62256e34c99b,point_8bdcc306953883e6,R250_near_hh_threshold,lambda1,2.1203543559101306,2.120593491239809,1.127808e-04
point_1ccd62256e34c99b,point_8bdcc306953883e6,R250_near_hh_threshold,lambda2,0.33295913743390826,0.3332606572032006,9.055759e-04
point_1ccd62256e34c99b,point_8bdcc306953883e6,R250_near_hh_threshold,lambda3,8.662876571208722,8.663145093143457,3.099686e-05
point_1ccd62256e34c99b,point_8bdcc306953883e6,R250_near_hh_threshold,g_hH2H2_GeV,266.9844003126836,267.05044982063885,2.473909e-04
point_cd347d26c9d9a3a0,point_fd4c0a8a233beedd,R250_near_hh_threshold,campaign_id,high_mass_h2_physical_point_scan_v1,high_mass_h2_physical_point_scan_v2_mh12520,
point_cd347d26c9d9a3a0,point_fd4c0a8a233beedd,R250_near_hh_threshold,m_h_GeV,125.13,125.2,5.594182e-04
point_cd347d26c9d9a3a0,point_fd4c0a8a233beedd,R250_near_hh_threshold,lambda1,0.5236419638928674,0.5238810992225458,4.566772e-04
point_cd347d26c9d9a3a0,point_fd4c0a8a233beedd,R250_near_hh_threshold,lambda2,0.2331646129328293,0.23346613270212158,1.293163e-03
point_cd347d26c9d9a3a0,point_fd4c0a8a233beedd,R250_near_hh_threshold,lambda3,8.263698473204407,8.263966995139143,3.249416e-05
point_cd347d26c9d9a3a0,point_fd4c0a8a233beedd,R250_near_hh_threshold,g_hH2H2_GeV,91.52208917674915,91.58813868470469,7.216783e-04
point_2526248e7e7b273e,point_c1d8f9baf9b7d569,R250_near_hh_threshold,campaign_id,high_mass_h2_physical_point_scan_v1,high_mass_h2_physical_point_scan_v2_mh12520,
point_2526248e7e7b273e,point_c1d8f9baf9b7d569,R250_near_hh_threshold,m_h_GeV,125.13,125.2,5.594182e-04
point_2526248e7e7b273e,point_c1d8f9baf9b7d569,R250_near_hh_threshold,lambda1,5.313779139644655,5.314018274974333,4.500287e-05
point_2526248e7e7b273e,point_c1d8f9baf9b7d569,R250_near_hh_threshold,lambda2,0.5325481864423163,0.5328497062116085,5.661831e-04
point_2526248e7e7b273e,point_c1d8f9baf9b7d569,R250_near_hh_threshold,lambda3,9.461232767192353,9.46150128912709,2.838128e-05
point_2526248e7e7b273e,point_c1d8f9baf9b7d569,R250_near_hh_threshold,g_hH2H2_GeV,617.9090225866123,617.975072094568,1.068920e-04
point_6e713d4bd5a825a3,point_465abf5c90b85ba2,R250_near_hh_threshold,campaign_id,high_mass_h2_physical_point_scan_v1,high_mass_h2_physical_point_scan_v2_mh12520,
point_6e713d4bd5a825a3,point_465abf5c90b85ba2,R250_near_hh_threshold,m_h_GeV,125.13,125.2,5.594182e-04
point_6e713d4bd5a825a3,point_465abf5c90b85ba2,R250_near_hh_threshold,lambda1,3.717066747627393,3.7173058829570715,6.433442e-05
point_6e713d4bd5a825a3,point_465abf5c90b85ba2,R250_near_hh_threshold,lambda2,0.4327536619412373,0.4330551817105296,6.967469e-04
point_6e713d4bd5a825a3,point_465abf5c90b85ba2,R250_near_hh_threshold,lambda3,9.062054669188038,9.062323191122772,2.963146e-05
point_6e713d4bd5a825a3,point_465abf5c90b85ba2,R250_near_hh_threshold,g_hH2H2_GeV,442.44671145067775,442.51276095863386,1.492824e-04
point_6e713d4bd5a825a3,point_465abf5c90b85ba2,R250_near_hh_threshold,width_bb_GeV,0.0009728907816278524,0.000972890781627852,-4.457652e-16
point_6e713d4bd5a825a3,point_465abf5c90b85ba2,R250_near_hh_threshold,width_cc_GeV,4.3401166964706024e-05,4.340116696470602e-05,-1.561309e-16
point_6e713d4bd5a825a3,point_465abf5c90b85ba2,R250_near_hh_threshold,width_tautau_GeV,0.00010711195938292629,0.00010711195938292626,-2.530535e-16
point_6e713d4bd5a825a3,point_465abf5c90b85ba2,R250_near_hh_threshold,width_WW_GeV,0.005468487472025818,0.005468487472025814,-7.930545e-16
point_6e713d4bd5a825a3,point_465abf5c90b85ba2,R250_near_hh_threshold,width_ZZ_GeV,0.0023152702662946833,0.0023152702662946807,-1.123880e-15
point_6e713d4bd5a825a3,point_465abf5c90b85ba2,R250_near_hh_threshold,width_gg_GeV,0.0005586766849936911,0.0005586766849936907,-7.762645e-16
point_6e713d4bd5a825a3,point_465abf5c90b85ba2,R250_near_hh_threshold,width_gammagamma_GeV,2.2456069852364687e-06,2.245606985236475e-06,2.828967e-15
point_6e713d4bd5a825a3,point_465abf5c90b85ba2,R250_near_hh_threshold,width_Zgamma_GeV,1.5066967923243051e-06,1.5066967923243024e-06,-1.827081e-15
point_6e713d4bd5a825a3,point_465abf5c90b85ba2,R250_near_hh_threshold,total_width_GeV,0.009470322425805373,0.009470322425805366,-7.326988e-16
point_6e713d4bd5a825a3,point_465abf5c90b85ba2,R250_near_hh_threshold,BR_bb,0.10273048138011162,0.10273048138011165,2.701786e-16
point_6e713d4bd5a825a3,point_465abf5c90b85ba2,R250_near_hh_threshold,BR_cc,0.004582860541943493,0.0045828605419434955,5.677863e-16
point_6e713d4bd5a825a3,point_465abf5c90b85ba2,R250_near_hh_threshold,BR_tautau,0.011310275887868442,0.011310275887868447,4.601276e-16
point_6e713d4bd5a825a3,point_465abf5c90b85ba2,R250_near_hh_threshold,BR_WW,0.5774341385806374,0.5774341385806373,-1.922683e-16
point_6e713d4bd5a825a3,point_465abf5c90b85ba2,R250_near_hh_threshold,BR_ZZ,0.24447639290356984,0.24447639290356976,-3.405921e-16
point_6e713d4bd5a825a3,point_465abf5c90b85ba2,R250_near_hh_threshold,BR_gg,0.05899236159809842,0.05899236159809841,-1.176236e-16
point_6e713d4bd5a825a3,point_465abf5c90b85ba2,R250_near_hh_threshold,BR_gammagamma,0.00023712043627126015,0.00023712043627126099,3.543586e-15
point_6e713d4bd5a825a3,point_465abf5c90b85ba2,R250_near_hh_threshold,BR_Zgamma,0.0001590966732261149,0.0001590966732261147,-1.192579e-15
point_6e713d4bd5a825a3,point_465abf5c90b85ba2,R250_near_hh_threshold,ctau_physical_mm,2.0836352927362867e-11,2.0836352927362883e-11,7.753694e-16
point_a7bf3a8b08a5d307,point_e5ddb34b9be538c2,R250_near_hh_threshold,campaign_id,high_mass_h2_physical_point_scan_v1,high_mass_h2_physical_point_scan_v2_mh12520,
point_a7bf3a8b08a5d307,point_e5ddb34b9be538c2,R250_near_hh_threshold,m_h_GeV,125.13,125.2,5.594182e-04
point_a7bf3a8b08a5d307,point_e5ddb34b9be538c2,R250_near_hh_threshold,lambda1,2.1203543556101305,2.1205934909398088,1.127808e-04
point_a7bf3a8b08a5d307,point_e5ddb34b9be538c2,R250_near_hh_threshold,lambda2,0.33295913744015826,0.3332606572094506,9.055759e-04
point_a7bf3a8b08a5d307,point_e5ddb34b9be538c2,R250_near_hh_threshold,lambda3,8.662876571183721,8.663145093118457,3.099686e-05
point_a7bf3a8b08a5d307,point_e5ddb34b9be538c2,R250_near_hh_threshold,g_hH2H2_GeV,266.9844003147437,267.05044982269885,2.473909e-04
point_a7bf3a8b08a5d307,point_e5ddb34b9be538c2,R250_near_hh_threshold,width_cc_GeV,4.340116696470602e-05,4.340116696470601e-05,-1.561309e-16
point_a7bf3a8b08a5d307,point_e5ddb34b9be538c2,R250_near_hh_threshold,width_WW_GeV,0.00546848747202581,0.005468487472025809,-1.586109e-16
point_a7bf3a8b08a5d307,point_e5ddb34b9be538c2,R250_near_hh_threshold,width_ZZ_GeV,0.0023152702662946794,0.0023152702662946776,-7.492531e-16
point_a7bf3a8b08a5d307,point_e5ddb34b9be538c2,R250_near_hh_threshold,width_gammagamma_GeV,2.329505820648729e-06,2.329505820648742e-06,5.635964e-15
point_a7bf3a8b08a5d307,point_e5ddb34b9be538c2,R250_near_hh_threshold,total_width_GeV,0.009470449390560107,0.009470449390560104,-3.663445e-16
point_a7bf3a8b08a5d307,point_e5ddb34b9be538c2,R250_near_hh_threshold,BR_bb,0.10272910413286235,0.10272910413286238,2.701822e-16
point_a7bf3a8b08a5d307,point_e5ddb34b9be538c2,R250_near_hh_threshold,BR_cc,0.004582799102222874,0.0045827991022228745,1.892646e-16
point_a7bf3a8b08a5d307,point_e5ddb34b9be538c2,R250_near_hh_threshold,BR_tautau,0.011310124257640044,0.01131012425764005,4.601338e-16
point_a7bf3a8b08a5d307,point_e5ddb34b9be538c2,R250_near_hh_threshold,BR_WW,0.577426397260161,0.5774263972601611,1.922709e-16
point_a7bf3a8b08a5d307,point_e5ddb34b9be538c2,R250_near_hh_threshold,BR_ZZ,0.2444731153521056,0.2444731153521055,-4.541289e-16
point_a7bf3a8b08a5d307,point_e5ddb34b9be538c2,R250_near_hh_threshold,BR_gg,0.05899157072214171,0.05899157072214173,3.528755e-16
point_a7bf3a8b08a5d307,point_e5ddb34b9be538c2,R250_near_hh_threshold,BR_gammagamma,0.00024597627045773755,0.000245976270457739,5.950464e-15
point_a7bf3a8b08a5d307,point_e5ddb34b9be538c2,R250_near_hh_threshold,BR_Zgamma,0.00016364194007572813,0.0001636419400757282,3.312727e-16
point_a7bf3a8b08a5d307,point_e5ddb34b9be538c2,R250_near_hh_threshold,ctau_physical_mm,2.083607358661251e-11,2.083607358661252e-11,4.652279e-16
point_1c16dff5114f7230,point_74fff6992053f675,R250_near_hh_threshold,campaign_id,high_mass_h2_physical_point_scan_v1,high_mass_h2_physical_point_scan_v2_mh12520,
point_1c16dff5114f7230,point_74fff6992053f675,R250_near_hh_threshold,m_h_GeV,125.13,125.2,5.594182e-04
point_1c16dff5114f7230,point_74fff6992053f675,R250_near_hh_threshold,lambda1,0.5236419635928674,0.5238810989225458,4.566772e-04
point_1c16dff5114f7230,point_74fff6992053f675,R250_near_hh_threshold,lambda2,0.2331646129390793,0.23346613270837158,1.293163e-03
point_1c16dff5114f7230,point_74fff6992053f675,R250_near_hh_threshold,lambda3,8.263698473179407,8.263966995114142,3.249416e-05
point_1c16dff5114f7230,point_74fff6992053f675,R250_near_hh_threshold,g_hH2H2_GeV,91.52208917880881,91.58813868676458,7.216783e-04
point_36fc3d37f661c895,point_66bc045b9eddeaa8,R250_near_hh_threshold,campaign_id,high_mass_h2_physical_point_scan_v1,high_mass_h2_physical_point_scan_v2_mh12520,
point_36fc3d37f661c895,point_66bc045b9eddeaa8,R250_near_hh_threshold,m_h_GeV,125.13,125.2,5.594182e-04
point_36fc3d37f661c895,point_66bc045b9eddeaa8,R250_near_hh_threshold,lambda1,1.391063358601259,1.3912371662492775,1.249459e-04
point_36fc3d37f661c895,point_66bc045b9eddeaa8,R250_near_hh_threshold,lambda2,0.24726795210578073,0.2475616043964842,1.187587e-03
point_36fc3d37f661c895,point_66bc045b9eddeaa8,R250_near_hh_threshold,lambda3,8.377586238804582,8.37781215696229,2.696697e-05
point_36fc3d37f661c895,point_66bc045b9eddeaa8,R250_near_hh_threshold,g_hH2H2_GeV,115.94734497631941,116.0029150479777,4.792699e-04
point_36fc3d37f661c895,point_66bc045b9eddeaa8,R250_near_hh_threshold,width_tautau_GeV,1.2456128676635022e-05,1.2456128676635023e-05,1.360026e-16
point_36fc3d37f661c895,point_66bc045b9eddeaa8,R250_near_hh_threshold,width_WW_GeV,0.005468487472025809,0.005468487472025814,7.930545e-16
point_36fc3d37f661c895,point_66bc045b9eddeaa8,R250_near_hh_threshold,width_ZZ_GeV,0.0023152702662946776,0.0023152702662946807,1.311193e-15
point_36fc3d37f661c895,point_66bc045b9eddeaa8,R250_near_hh_threshold,width_gg_GeV,6.496892333039106e-05,6.496892333039107e-05,2.086002e-16
point_36fc3d37f661c895,point_66bc045b9eddeaa8,R250_near_hh_threshold,width_gammagamma_GeV,6.722685719857948e-07,6.722685719857933e-07,-2.204934e-15
point_36fc3d37f661c895,point_66bc045b9eddeaa8,R250_near_hh_threshold,total_width_GeV,0.007981129885041556,0.007981129885041564,1.086766e-15
point_36fc3d37f661c895,point_66bc045b9eddeaa8,R250_near_hh_threshold,width_unaccounted_GeV,8.510048411965176e-08,8.510048412138649e-08,2.038441e-11
point_36fc3d37f661c895,point_66bc045b9eddeaa8,R250_near_hh_threshold,BR_bb,0.0141757103881488,0.014175710388148785,-1.101357e-15
point_36fc3d37f661c895,point_66bc045b9eddeaa8,R250_near_hh_threshold,BR_cc,0.0006323858597672524,0.0006323858597672517,-1.028678e-15
point_36fc3d37f661c895,point_66bc045b9eddeaa8,R250_near_hh_threshold,BR_tautau,0.0015606974020032712,0.0015606974020032696,-9.725672e-16
point_36fc3d37f661c895,point_66bc045b9eddeaa8,R250_near_hh_threshold,BR_WW,0.6851771053463236,0.6851771053463234,-3.240689e-16
point_36fc3d37f661c895,point_66bc045b9eddeaa8,R250_near_hh_threshold,BR_ZZ,0.29009304442395034,0.2900930444239504,1.913564e-16
point_36fc3d37f661c895,point_66bc045b9eddeaa8,R250_near_hh_threshold,BR_gg,0.008140316504829414,0.008140316504829407,-8.524108e-16
point_36fc3d37f661c895,point_66bc045b9eddeaa8,R250_near_hh_threshold,BR_gammagamma,8.423225554138371e-05,8.423225554138344e-05,-3.217895e-15
point_36fc3d37f661c895,point_66bc045b9eddeaa8,R250_near_hh_threshold,BR_Zgamma,0.00012584510809748116,0.00012584510809748102,-1.076921e-15
point_36fc3d37f661c895,point_66bc045b9eddeaa8,R250_near_hh_threshold,ctau_physical_mm,2.4724191091017758e-11,2.472419109101773e-11,-1.176199e-15
point_f02595314c86b309,point_8147273ef29afc78,R250_near_hh_threshold,campaign_id,high_mass_h2_physical_point_scan_v1,high_mass_h2_physical_point_scan_v2_mh12520,
point_f02595314c86b309,point_8147273ef29afc78,R250_near_hh_threshold,m_h_GeV,125.13,125.2,5.594182e-04
point_f02595314c86b309,point_8147273ef29afc78,R250_near_hh_threshold,lambda1,5.613779139944655,5.614018275274333,4.259792e-05
point_f02595314c86b309,point_8147273ef29afc78,R250_near_hh_threshold,lambda2,0.5262981864360663,0.5265997062053586,5.729067e-04
point_f02595314c86b309,point_8147273ef29afc78,R250_near_hh_threshold,lambda3,9.486232767217354,9.486501289152091,2.830649e-05
point_f02595314c86b309,point_8147273ef29afc78,R250_near_hh_threshold,g_hH2H2_GeV,615.849042715424,615.9150922233798,1.072495e-04
point_f02595314c86b309,point_8147273ef29afc78,R250_near_hh_threshold,width_tautau_GeV,0.00010711195938292625,0.00010711195938292626,1.265267e-16
point_f02595314c86b309,point_8147273ef29afc78,R250_near_hh_threshold,width_WW_GeV,0.00546848747202581,0.005468487472025814,6.344436e-16
point_f02595314c86b309,point_8147273ef29afc78,R250_near_hh_threshold,width_ZZ_GeV,0.0023152702662946794,0.0023152702662946807,5.619398e-16
point_f02595314c86b309,point_8147273ef29afc78,R250_near_hh_threshold,width_gg_GeV,0.0005586766849936904,0.0005586766849936907,5.821984e-16
point_f02595314c86b309,point_8147273ef29afc78,R250_near_hh_threshold,width_gammagamma_GeV,2.1553338652898045e-06,2.155333865289808e-06,1.571975e-15
point_f02595314c86b309,point_8147273ef29afc78,R250_near_hh_threshold,width_Zgamma_GeV,1.4605263896375945e-06,1.4605263896375936e-06,-5.799505e-16
point_f02595314c86b309,point_8147273ef29afc78,R250_near_hh_threshold,total_width_GeV,0.009470185982282726,0.009470185982282732,5.495320e-16
point_f02595314c86b309,point_8147273ef29afc78,R250_near_hh_threshold,BR_bb,0.10273196148924449,0.10273196148924442,-6.754367e-16
point_f02595314c86b309,point_8147273ef29afc78,R250_near_hh_threshold,BR_cc,0.004582926570386578,0.004582926570386575,-5.677781e-16
point_f02595314c86b309,point_8147273ef29afc78,R250_near_hh_threshold,BR_tautau,0.011310438842839665,0.01131043884283966,-4.601210e-16
point_f02595314c86b309,point_8147273ef29afc78,R250_near_hh_threshold,BR_WW,0.5774424580738452,0.5774424580738453,1.922656e-16
point_f02595314c86b309,point_8147273ef29afc78,R250_near_hh_threshold,BR_gammagamma,0.0002275915034110318,0.00022759150341103201,9.527616e-16
point_f02595314c86b309,point_8147273ef29afc78,R250_near_hh_threshold,BR_Zgamma,0.00015422362267964078,0.00015422362267964061,-1.054510e-15
point_f02595314c86b309,point_8147273ef29afc78,R250_near_hh_threshold,ctau_physical_mm,2.0836653131117878e-11,2.0836653131117865e-11,-6.202866e-16
point_e417aec43102906a,point_abfb7dfe275759bd,R250_near_hh_threshold,campaign_id,high_mass_h2_physical_point_scan_v1,high_mass_h2_physical_point_scan_v2_mh12520,
point_e417aec43102906a,point_abfb7dfe275759bd,R250_near_hh_threshold,m_h_GeV,125.13,125.2,5.594182e-04
point_e417aec43102906a,point_abfb7dfe275759bd,R250_near_hh_threshold,lambda1,4.017066747927393,4.017305883257071,5.952984e-05
point_e417aec43102906a,point_abfb7dfe275759bd,R250_near_hh_threshold,lambda2,0.42650366193498734,0.4268051817042796,7.069570e-04
point_e417aec43102906a,point_abfb7dfe275759bd,R250_near_hh_threshold,lambda3,9.087054669213039,9.087323191147773,2.954994e-05
point_e417aec43102906a,point_abfb7dfe275759bd,R250_near_hh_threshold,g_hH2H2_GeV,440.38673157948966,440.45278108744526,1.499807e-04
point_e417aec43102906a,point_abfb7dfe275759bd,R250_near_hh_threshold,width_bb_GeV,0.0009728907816278522,0.000972890781627852,-2.228826e-16
point_e417aec43102906a,point_abfb7dfe275759bd,R250_near_hh_threshold,width_tautau_GeV,0.0001071119593829263,0.00010711195938292625,-5.061070e-16
point_e417aec43102906a,point_abfb7dfe275759bd,R250_near_hh_threshold,width_WW_GeV,0.005468487472025815,0.00546848747202581,-9.516654e-16
point_e417aec43102906a,point_abfb7dfe275759bd,R250_near_hh_threshold,width_ZZ_GeV,0.0023152702662946815,0.0023152702662946794,-9.365664e-16
point_e417aec43102906a,point_abfb7dfe275759bd,R250_near_hh_threshold,width_gg_GeV,0.0005586766849936898,0.0005586766849936904,9.703306e-16
point_e417aec43102906a,point_abfb7dfe275759bd,R250_near_hh_threshold,width_gammagamma_GeV,2.2374314030422407e-06,2.237431403042225e-06,-7.003616e-15
point_e417aec43102906a,point_abfb7dfe275759bd,R250_near_hh_threshold,width_Zgamma_GeV,1.5025080646734863e-06,1.5025080646734876e-06,8.456190e-16
point_e417aec43102906a,point_abfb7dfe275759bd,R250_near_hh_threshold,total_width_GeV,0.009470310061495523,0.009470310061495516,-7.326998e-16
point_e417aec43102906a,point_abfb7dfe275759bd,R250_near_hh_threshold,BR_bb,0.1027306155036508,0.10273061550365085,5.403565e-16
point_e417aec43102906a,point_abfb7dfe275759bd,R250_near_hh_threshold,BR_cc,0.004582866525264774,0.0045828665252647775,7.570473e-16
point_e417aec43102906a,point_abfb7dfe275759bd,R250_near_hh_threshold,BR_tautau,0.011310290654413009,0.011310290654413012,3.067514e-16
point_e417aec43102906a,point_abfb7dfe275759bd,R250_near_hh_threshold,BR_WW,0.577434892470907,0.5774348924709068,-1.922681e-16
point_e417aec43102906a,point_abfb7dfe275759bd,R250_near_hh_threshold,BR_ZZ,0.2444767120886706,0.24447671208867056,-2.270611e-16
point_e417aec43102906a,point_abfb7dfe275759bd,R250_near_hh_threshold,BR_gg,0.058992438617734684,0.05899243861773479,1.764352e-15
point_e417aec43102906a,point_abfb7dfe275759bd,R250_near_hh_threshold,BR_gammagamma,0.00023625746026407422,0.00023625746026407273,-6.309972e-15
point_e417aec43102906a,point_abfb7dfe275759bd,R250_near_hh_threshold,BR_Zgamma,0.0001586545799363421,0.00015865457993634235,1.537589e-15
point_e417aec43102906a,point_abfb7dfe275759bd,R250_near_hh_threshold,ctau_physical_mm,2.08363801310259e-11,2.0836380131025916e-11,7.753684e-16
point_84a4c45e56374e2e,point_66f11b749ed4415d,R250_near_hh_threshold,campaign_id,high_mass_h2_physical_point_scan_v1,high_mass_h2_physical_point_scan_v2_mh12520,
point_84a4c45e56374e2e,point_66f11b749ed4415d,R250_near_hh_threshold,m_h_GeV,125.13,125.2,5.594182e-04
point_84a4c45e56374e2e,point_66f11b749ed4415d,R250_near_hh_threshold,lambda1,2.4203543559101304,2.4205934912398086,9.880178e-05
point_84a4c45e56374e2e,point_66f11b749ed4415d,R250_near_hh_threshold,lambda2,0.3267091374339083,0.32701065720320055,9.228997e-04
point_84a4c45e56374e2e,point_66f11b749ed4415d,R250_near_hh_threshold,lambda3,8.687876571208722,8.688145093143458,3.090766e-05
point_84a4c45e56374e2e,point_66f11b749ed4415d,R250_near_hh_threshold,g_hH2H2_GeV,264.92442044355545,264.99046995151076,2.493145e-04
point_84a4c45e56374e2e,point_66f11b749ed4415d,R250_near_hh_threshold,width_bb_GeV,0.0009728907816278525,0.0009728907816278524,-1.114413e-16
point_84a4c45e56374e2e,point_66f11b749ed4415d,R250_near_hh_threshold,width_cc_GeV,4.3401166964706045e-05,4.3401166964706024e-05,-4.683927e-16
point_84a4c45e56374e2e,point_66f11b749ed4415d,R250_near_hh_threshold,width_WW_GeV,0.005468487472025822,0.005468487472025818,-7.930545e-16
point_84a4c45e56374e2e,point_66f11b749ed4415d,R250_near_hh_threshold,width_ZZ_GeV,0.0023152702662946837,0.0023152702662946833,-1.873133e-16
point_84a4c45e56374e2e,point_66f11b749ed4415d,R250_near_hh_threshold,width_gg_GeV,0.000558676684993691,0.0005586766849936911,1.940661e-16
point_84a4c45e56374e2e,point_66f11b749ed4415d,R250_near_hh_threshold,width_gammagamma_GeV,2.3211687154937436e-06,2.32116871549374e-06,-1.459666e-15
point_84a4c45e56374e2e,point_66f11b749ed4415d,R250_near_hh_threshold,width_Zgamma_GeV,1.5454767594621528e-06,1.5454767594621513e-06,-9.591265e-16
point_84a4c45e56374e2e,point_66f11b749ed4415d,R250_near_hh_threshold,total_width_GeV,0.009470436767502774,0.00947043676750277,-3.663450e-16
point_84a4c45e56374e2e,point_66f11b749ed4415d,R250_near_hh_threshold,width_unaccounted_GeV,7.317907381350353e-07,7.3179073813677e-07,2.370518e-12
point_84a4c45e56374e2e,point_66f11b749ed4415d,R250_near_hh_threshold,BR_bb,0.10272924105953253,0.10272924105953256,2.701818e-16
point_84a4c45e56374e2e,point_66f11b749ed4415d,R250_near_hh_threshold,BR_tautau,0.011310139332799776,0.011310139332799781,4.601332e-16
point_84a4c45e56374e2e,point_66f11b749ed4415d,R250_near_hh_threshold,BR_WW,0.5774271669064518,0.5774271669064516,-3.845413e-16
point_84a4c45e56374e2e,point_66f11b749ed4415d,R250_near_hh_threshold,BR_ZZ,0.24447344120805414,0.2444734412080542,2.270641e-16
point_84a4c45e56374e2e,point_66f11b749ed4415d,R250_near_hh_threshold,BR_gg,0.05899164935145927,0.058991649351459306,5.881251e-16
point_84a4c45e56374e2e,point_66f11b749ed4415d,R250_near_hh_threshold,BR_gammagamma,0.000245096268786535,0.00024509626878653474,-1.105894e-15
point_84a4c45e56374e2e,point_66f11b749ed4415d,R250_near_hh_threshold,BR_Zgamma,0.00016318959699571217,0.0001631895969957121,-4.982864e-16
point_84a4c45e56374e2e,point_66f11b749ed4415d,R250_near_hh_threshold,ctau_physical_mm,2.083610135882175e-11,2.0836101358821758e-11,3.101515e-16
point_fabb299c2a5f7a43,point_b445b70ea499f784,R250_near_hh_threshold,campaign_id,high_mass_h2_physical_point_scan_v1,high_mass_h2_physical_point_scan_v2_mh12520,
point_fabb299c2a5f7a43,point_b445b70ea499f784,R250_near_hh_threshold,m_h_GeV,125.13,125.2,5.594182e-04
point_fabb299c2a5f7a43,point_b445b70ea499f784,R250_near_hh_threshold,lambda1,0.8236419638928674,0.8238810992225458,2.903389e-04
point_fabb299c2a5f7a43,point_b445b70ea499f784,R250_near_hh_threshold,lambda2,0.2269146129328293,0.22721613270212157,1.328781e-03
point_fabb299c2a5f7a43,point_b445b70ea499f784,R250_near_hh_threshold,lambda3,8.288698473204407,8.288966995139143,3.239615e-05
point_fabb299c2a5f7a43,point_b445b70ea499f784,R250_near_hh_threshold,g_hH2H2_GeV,89.46210930762061,89.52815881557666,7.382959e-04
point_fabb299c2a5f7a43,point_b445b70ea499f784,R250_near_hh_threshold,width_bb_GeV,0.000972890781627852,0.0009728907816278522,2.228826e-16
point_fabb299c2a5f7a43,point_b445b70ea499f784,R250_near_hh_threshold,width_tautau_GeV,0.00010711195938292625,0.0001071119593829263,5.061070e-16
point_fabb299c2a5f7a43,point_b445b70ea499f784,R250_near_hh_threshold,width_WW_GeV,0.00546848747202581,0.005468487472025815,9.516654e-16
point_fabb299c2a5f7a43,point_b445b70ea499f784,R250_near_hh_threshold,width_ZZ_GeV,0.0023152702662946794,0.0023152702662946815,9.365664e-16
point_fabb299c2a5f7a43,point_b445b70ea499f784,R250_near_hh_threshold,width_gg_GeV,0.0005586766849936904,0.0005586766849936898,-9.703306e-16
point_fabb299c2a5f7a43,point_b445b70ea499f784,R250_near_hh_threshold,width_gammagamma_GeV,2.406545802644362e-06,2.406545802644378e-06,6.511453e-15
point_fabb299c2a5f7a43,point_b445b70ea499f784,R250_near_hh_threshold,width_Zgamma_GeV,1.5894324740035815e-06,1.58943247400358e-06,-9.326018e-16
point_fabb299c2a5f7a43,point_b445b70ea499f784,R250_near_hh_threshold,total_width_GeV,0.009470566100304448,0.009470566100304455,7.326800e-16
point_fabb299c2a5f7a43,point_b445b70ea499f784,R250_near_hh_threshold,BR_bb,0.10272783815917579,0.10272783815917574,-4.052783e-16
point_fabb299c2a5f7a43,point_b445b70ea499f784,R250_near_hh_threshold,BR_cc,0.004582742626474125,0.004582742626474122,-7.570678e-16
point_fabb299c2a5f7a43,point_b445b70ea499f784,R250_near_hh_threshold,BR_tautau,0.011309984878251675,0.011309984878251673,-1.533798e-16
point_fabb299c2a5f7a43,point_b445b70ea499f784,R250_near_hh_threshold,BR_WW,0.5774192813933283,0.5774192813933284,1.922733e-16
point_fabb299c2a5f7a43,point_b445b70ea499f784,R250_near_hh_threshold,BR_ZZ,0.24447010260772592,0.24447010260772598,2.270672e-16
point_fabb299c2a5f7a43,point_b445b70ea499f784,R250_near_hh_threshold,BR_gg,0.05899084374435977,0.05899084374435967,-1.646773e-15
point_fabb299c2a5f7a43,point_b445b70ea499f784,R250_near_hh_threshold,BR_gammagamma,0.000254107914686008,0.00025410791468600944,5.760045e-15
point_fabb299c2a5f7a43,point_b445b70ea499f784,R250_near_hh_threshold,BR_Zgamma,0.00016782866590757297,0.0001678286659075727,-1.615043e-15
point_fabb299c2a5f7a43,point_b445b70ea499f784,R250_near_hh_threshold,ctau_physical_mm,2.0835816814969124e-11,2.083581681496911e-11,-6.203115e-16
point_7d1808a18db33d76,point_019992423189315f,R250_near_hh_threshold,campaign_id,high_mass_h2_physical_point_scan_v1,high_mass_h2_physical_point_scan_v2_mh12520,
point_7d1808a18db33d76,point_019992423189315f,R250_near_hh_threshold,m_h_GeV,125.13,125.2,5.594182e-04
point_7d1808a18db33d76,point_019992423189315f,R250_near_hh_threshold,lambda1,4.094580405388174,4.094668445435559,2.150160e-05
point_7d1808a18db33d76,point_019992423189315f,R250_near_hh_threshold,lambda2,0.2532268798872541,0.25351793279696344,1.149376e-03
point_7d1808a18db33d76,point_019992423189315f,R250_near_hh_threshold,lambda3,8.553594603818034,8.553754679774881,1.871447e-05
point_7d1808a18db33d76,point_019992423189315f,R250_near_hh_threshold,g_hH2H2_GeV,153.69546757731928,153.73484215651604,2.561857e-04
point_7d1808a18db33d76,point_019992423189315f,R250_near_hh_threshold,width_bb_GeV,1.4327176268855986e-05,1.4327176268855982e-05,-2.364829e-16
point_7d1808a18db33d76,point_019992423189315f,R250_near_hh_threshold,width_tautau_GeV,1.5773732792636772e-06,1.577373279263677e-06,-1.342474e-16
point_7d1808a18db33d76,point_019992423189315f,R250_near_hh_threshold,width_WW_GeV,0.005468487472025832,0.005468487472025826,-1.110276e-15
point_7d1808a18db33d76,point_019992423189315f,R250_near_hh_threshold,width_ZZ_GeV,0.002315270266294688,0.0023152702662946876,-1.873133e-16
point_7d1808a18db33d76,point_019992423189315f,R250_near_hh_threshold,width_gg_GeV,8.227294876627333e-06,8.227294876627288e-06,-5.559516e-15
point_7d1808a18db33d76,point_019992423189315f,R250_near_hh_threshold,width_gammagamma_GeV,3.536095776540887e-07,3.5360957765408885e-07,4.491357e-16
point_7d1808a18db33d76,point_019992423189315f,R250_near_hh_threshold,width_Zgamma_GeV,8.590717210059263e-07,8.590717210059258e-07,-6.162414e-16
point_7d1808a18db33d76,point_019992423189315f,R250_near_hh_threshold,total_width_GeV,0.007809752183517124,0.007809752183517118,-7.774296e-16
point_7d1808a18db33d76,point_019992423189315f,R250_near_hh_threshold,width_unaccounted_GeV,1.0776641217423444e-08,1.0776641218290806e-08,8.048535e-11
point_7d1808a18db33d76,point_019992423189315f,R250_near_hh_threshold,BR_bb,0.001834523802060482,0.0018345238020604831,5.909992e-16
point_7d1808a18db33d76,point_019992423189315f,R250_near_hh_threshold,BR_cc,8.183906697186745e-05,8.183906697186752e-05,8.279986e-16
point_7d1808a18db33d76,point_019992423189315f,R250_near_hh_threshold,BR_tautau,0.00020197481843185793,0.00020197481843185807,6.710008e-16
point_7d1808a18db33d76,point_019992423189315f,R250_near_hh_threshold,BR_WW,0.7002126755785351,0.7002126755785348,-3.171102e-16
point_7d1808a18db33d76,point_019992423189315f,R250_near_hh_threshold,BR_ZZ,0.29645886474876665,0.2964588647487668,5.617422e-16
point_7d1808a18db33d76,point_019992423189315f,R250_near_hh_threshold,BR_gg,0.0010534642691981256,0.0010534642691981207,-4.734218e-15
point_7d1808a18db33d76,point_019992423189315f,R250_near_hh_threshold,BR_gammagamma,4.527795112377567e-05,4.527795112377573e-05,1.197274e-15
point_7d1808a18db33d76,point_019992423189315f,R250_near_hh_threshold,BR_Zgamma,0.00010999986949893757,0.00010999986949893759,1.232049e-16
point_7d1808a18db33d76,point_019992423189315f,R250_near_hh_threshold,ctau_physical_mm,2.526674032198724e-11,2.5266740321987258e-11,7.672951e-16
point_ada2cddcb47ceb46,point_76171cf18f9d7e47,R250_near_hh_threshold,campaign_id,high_mass_h2_physical_point_scan_v1,high_mass_h2_physical_point_scan_v2_mh12520,
point_ada2cddcb47ceb46,point_76171cf18f9d7e47,R250_near_hh_threshold,m_h_GeV,125.13,125.2,5.594182e-04
point_ada2cddcb47ceb46,point_76171cf18f9d7e47,R250_near_hh_threshold,lambda1,2.5945804068881726,2.5946684469355574,3.393229e-05
point_ada2cddcb47ceb46,point_76171cf18f9d7e47,R250_near_hh_threshold,lambda2,0.2532768798872041,0.2535679327969134,1.149149e-03
point_ada2cddcb47ceb46,point_76171cf18f9d7e47,R250_near_hh_threshold,lambda3,8.548594603823034,8.548754679779881,1.872541e-05
point_ada2cddcb47ceb46,point_76171cf18f9d7e47,R250_near_hh_threshold,g_hH2H2_GeV,155.35993130991022,155.3993058891075,2.534410e-04
point_ada2cddcb47ceb46,point_76171cf18f9d7e47,R250_near_hh_threshold,width_bb_GeV,1.4327176268855986e-05,1.4327176268855964e-05,-1.537139e-15
point_ada2cddcb47ceb46,point_76171cf18f9d7e47,R250_near_hh_threshold,width_cc_GeV,6.39142831980546e-07,6.39142831980545e-07,-1.490922e-15
point_ada2cddcb47ceb46,point_76171cf18f9d7e47,R250_near_hh_threshold,width_tautau_GeV,1.5773732792636772e-06,1.577373279263675e-06,-1.342474e-15
point_ada2cddcb47ceb46,point_76171cf18f9d7e47,R250_near_hh_threshold,width_WW_GeV,0.005468487472025832,0.005468487472025801,-5.551382e-15
point_ada2cddcb47ceb46,point_76171cf18f9d7e47,R250_near_hh_threshold,width_ZZ_GeV,0.002315270266294688,0.0023152702662946746,-5.806712e-15
point_ada2cddcb47ceb46,point_76171cf18f9d7e47,R250_near_hh_threshold,width_gg_GeV,8.227294876627333e-06,8.227294876627269e-06,-7.824504e-15
point_ada2cddcb47ceb46,point_76171cf18f9d7e47,R250_near_hh_threshold,width_gammagamma_GeV,3.5574309713173193e-07,3.55743097131732e-07,1.488140e-16
point_ada2cddcb47ceb46,point_76171cf18f9d7e47,R250_near_hh_threshold,width_Zgamma_GeV,8.609299146244951e-07,8.609299146244938e-07,-1.598770e-15
point_ada2cddcb47ceb46,point_76171cf18f9d7e47,R250_near_hh_threshold,total_width_GeV,0.007809756175230221,0.007809756175230177,-5.664127e-15
point_ada2cddcb47ceb46,point_76171cf18f9d7e47,R250_near_hh_threshold,width_unaccounted_GeV,1.0776641217423444e-08,1.0776641216556082e-08,-8.048535e-11
point_ada2cddcb47ceb46,point_76171cf18f9d7e47,R250_near_hh_threshold,BR_bb,0.001834522864400903,0.0018345228644009105,4.136997e-15
point_ada2cddcb47ceb46,point_76171cf18f9d7e47,R250_near_hh_threshold,BR_cc,8.183902514238287e-05,8.183902514238321e-05,4.139995e-15
point_ada2cddcb47ceb46,point_76171cf18f9d7e47,R250_near_hh_threshold,BR_tautau,0.0002019747151987339,0.00020197471519873476,4.294408e-15
point_ada2cddcb47ceb46,point_76171cf18f9d7e47,R250_near_hh_threshold,BR_ZZ,0.29645871322307155,0.2964587132230715,-1.872475e-16
point_ada2cddcb47ceb46,point_76171cf18f9d7e47,R250_near_hh_threshold,BR_gg,0.001053463730752747,0.0010534637307527447,-2.264193e-15
point_ada2cddcb47ceb46,point_76171cf18f9d7e47,R250_near_hh_threshold,BR_gammagamma,4.555111442019444e-05,4.555111442019471e-05,5.950470e-15
point_ada2cddcb47ceb46,point_76171cf18f9d7e47,R250_near_hh_threshold,BR_Zgamma,0.0001102377456232321,0.00011023774562323254,4.056990e-15
point_ada2cddcb47ceb46,point_76171cf18f9d7e47,R250_near_hh_threshold,ctau_physical_mm,2.5266727407681595e-11,2.5266727407681737e-11,5.626833e-15
point_b32153498028b38d,point_e2159ec134897458,R250_near_hh_threshold,campaign_id,high_mass_h2_physical_point_scan_v1,high_mass_h2_physical_point_scan_v2_mh12520,
point_b32153498028b38d,point_e2159ec134897458,R250_near_hh_threshold,m_h_GeV,125.13,125.2,5.594182e-04
point_b32153498028b38d,point_e2159ec134897458,R250_near_hh_threshold,lambda1,1.391063357851259,1.3912371654992775,1.249459e-04
point_b32153498028b38d,point_e2159ec134897458,R250_near_hh_threshold,lambda2,0.24726795210618074,0.2475616043968842,1.187587e-03
point_b32153498028b38d,point_e2159ec134897458,R250_near_hh_threshold,lambda3,8.377586238794583,8.377812156952292,2.696697e-05
point_b32153498028b38d,point_e2159ec134897458,R250_near_hh_threshold,g_hH2H2_GeV,115.9473449780337,116.00291504969158,4.792699e-04
point_b32153498028b38d,point_e2159ec134897458,R250_near_hh_threshold,width_bb_GeV,0.00011313818582054846,0.00011313818582054843,-2.395748e-16
point_b32153498028b38d,point_e2159ec134897458,R250_near_hh_threshold,width_tautau_GeV,1.2456128676635027e-05,1.2456128676635023e-05,-2.720052e-16
point_b32153498028b38d,point_e2159ec134897458,R250_near_hh_threshold,width_WW_GeV,0.005468487472025815,0.005468487472025814,-3.172218e-16
point_b32153498028b38d,point_e2159ec134897458,R250_near_hh_threshold,width_ZZ_GeV,0.0023152702662946815,0.0023152702662946807,-3.746266e-16
point_b32153498028b38d,point_e2159ec134897458,R250_near_hh_threshold,width_gg_GeV,6.496892333039098e-05,6.496892333039107e-05,1.460201e-15
point_b32153498028b38d,point_e2159ec134897458,R250_near_hh_threshold,width_gammagamma_GeV,6.72268571989229e-07,6.722685719892271e-07,-2.677420e-15
point_b32153498028b38d,point_e2159ec134897458,R250_near_hh_threshold,width_Zgamma_GeV,1.00438615312545e-06,1.0043861531254497e-06,-2.108335e-16
point_b32153498028b38d,point_e2159ec134897458,R250_near_hh_threshold,total_width_GeV,0.007981129885041573,0.007981129885041571,-2.173531e-16
point_b32153498028b38d,point_e2159ec134897458,R250_near_hh_threshold,width_unaccounted_GeV,8.510048411965176e-08,8.510048412138649e-08,2.038441e-11
point_b32153498028b38d,point_e2159ec134897458,R250_near_hh_threshold,BR_bb,0.014175710388148775,0.014175710388148773,-1.223729e-16
point_b32153498028b38d,point_e2159ec134897458,R250_near_hh_threshold,BR_cc,0.0006323858597672511,0.0006323858597672512,1.714463e-16
point_b32153498028b38d,point_e2159ec134897458,R250_near_hh_threshold,BR_ZZ,0.2900930444239502,0.2900930444239501,-1.913564e-16
point_b32153498028b38d,point_e2159ec134897458,R250_near_hh_threshold,BR_gg,0.008140316504829386,0.0081403165048294,1.704822e-15
point_b32153498028b38d,point_e2159ec134897458,R250_near_hh_threshold,BR_gammagamma,8.423225554181383e-05,8.423225554181361e-05,-2.574316e-15
point_b32153498028b38d,point_e2159ec134897458,R250_near_hh_threshold,ctau_physical_mm,2.4724191091017703e-11,2.472419109101771e-11,2.613776e-16
point_df54716a53b69981,point_a2ff61edc2b83f0c,R250_near_hh_threshold,campaign_id,high_mass_h2_physical_point_scan_v1,high_mass_h2_physical_point_scan_v2_mh12520,
point_df54716a53b69981,point_a2ff61edc2b83f0c,R250_near_hh_threshold,m_h_GeV,125.13,125.2,5.594182e-04
point_df54716a53b69981,point_a2ff61edc2b83f0c,R250_near_hh_threshold,lambda1,0.6410633586012588,0.6412371662492773,2.711240e-04
point_df54716a53b69981,point_a2ff61edc2b83f0c,R250_near_hh_threshold,lambda2,0.24766795210578074,0.2479616043964842,1.185669e-03
point_df54716a53b69981,point_a2ff61edc2b83f0c,R250_near_hh_threshold,lambda3,8.367586238804583,8.367812156962291,2.699920e-05
point_df54716a53b69981,point_a2ff61edc2b83f0c,R250_near_hh_threshold,g_hH2H2_GeV,117.66124822743399,117.71681829909238,4.722886e-04
point_df54716a53b69981,point_a2ff61edc2b83f0c,R250_near_hh_threshold,width_bb_GeV,0.00011313818582054851,0.00011313818582054836,-1.317661e-15
point_df54716a53b69981,point_a2ff61edc2b83f0c,R250_near_hh_threshold,width_cc_GeV,5.047153684266119e-06,5.047153684266114e-06,-1.006943e-15
point_df54716a53b69981,point_a2ff61edc2b83f0c,R250_near_hh_threshold,width_tautau_GeV,1.2456128676635029e-05,1.2456128676635018e-05,-8.160156e-16
point_df54716a53b69981,point_a2ff61edc2b83f0c,R250_near_hh_threshold,width_WW_GeV,0.005468487472025822,0.005468487472025801,-3.806662e-15
point_df54716a53b69981,point_a2ff61edc2b83f0c,R250_near_hh_threshold,width_ZZ_GeV,0.0023152702662946837,0.0023152702662946746,-3.933579e-15
point_df54716a53b69981,point_a2ff61edc2b83f0c,R250_near_hh_threshold,width_gg_GeV,6.496892333039111e-05,6.496892333039106e-05,-8.344006e-16
point_df54716a53b69981,point_a2ff61edc2b83f0c,R250_near_hh_threshold,width_gammagamma_GeV,6.757080675594925e-07,6.757080675594929e-07,6.267743e-16
point_df54716a53b69981,point_a2ff61edc2b83f0c,R250_near_hh_threshold,width_Zgamma_GeV,1.0067474083463285e-06,1.006747408346327e-06,-1.472373e-15
point_df54716a53b69981,point_a2ff61edc2b83f0c,R250_near_hh_threshold,total_width_GeV,0.007981135685792375,0.007981135685792343,-3.912353e-15
point_df54716a53b69981,point_a2ff61edc2b83f0c,R250_near_hh_threshold,width_unaccounted_GeV,8.510048412138649e-08,8.510048411965176e-08,-2.038441e-11
point_df54716a53b69981,point_a2ff61edc2b83f0c,R250_near_hh_threshold,BR_bb,0.014175700085133441,0.014175700085133478,2.569834e-15
point_df54716a53b69981,point_a2ff61edc2b83f0c,R250_near_hh_threshold,BR_cc,0.0006323854001443446,0.0006323854001443464,2.914589e-15
point_df54716a53b69981,point_a2ff61edc2b83f0c,R250_near_hh_threshold,BR_tautau,0.001560696267676393,0.0015606962676763978,3.056642e-15
point_df54716a53b69981,point_a2ff61edc2b83f0c,R250_near_hh_threshold,BR_WW,0.6851766073543336,0.6851766073543337,1.620346e-16
point_df54716a53b69981,point_a2ff61edc2b83f0c,R250_near_hh_threshold,BR_gg,0.008140310588384757,0.008140310588384783,3.196543e-15
point_df54716a53b69981,point_a2ff61edc2b83f0c,R250_near_hh_threshold,BR_gammagamma,8.466314747190112e-05,8.46631474719015e-05,4.482124e-15
point_df54716a53b69981,point_a2ff61edc2b83f0c,R250_near_hh_threshold,BR_Zgamma,0.00012614087117181718,0.00012614087117181747,2.363672e-15
point_df54716a53b69981,point_a2ff61edc2b83f0c,R250_near_hh_threshold,ctau_physical_mm,2.472417312128546e-11,2.4724173121285556e-11,3.920666e-15
point_3629fdafc51b4d9c,point_17804279d0c420cb,R250_near_hh_threshold,campaign_id,high_mass_h2_physical_point_scan_v1,high_mass_h2_physical_point_scan_v2_mh12520,
point_3629fdafc51b4d9c,point_17804279d0c420cb,R250_near_hh_threshold,m_h_GeV,125.13,125.2,5.594182e-04
point_3629fdafc51b4d9c,point_17804279d0c420cb,R250_near_hh_threshold,lambda1,2.1410633586012593,2.1412371662492777,8.117819e-05
point_3629fdafc51b4d9c,point_17804279d0c420cb,R250_near_hh_threshold,lambda2,0.24686795210578072,0.24716160439648419,1.189512e-03
point_3629fdafc51b4d9c,point_17804279d0c420cb,R250_near_hh_threshold,lambda3,8.387586238804582,8.38781215696229,2.693482e-05
point_3629fdafc51b4d9c,point_17804279d0c420cb,R250_near_hh_threshold,g_hH2H2_GeV,114.23344172520467,114.28901179686255,4.864606e-04
point_3629fdafc51b4d9c,point_17804279d0c420cb,R250_near_hh_threshold,width_bb_GeV,0.00011313818582054836,0.00011313818582054846,8.385117e-16
point_3629fdafc51b4d9c,point_17804279d0c420cb,R250_near_hh_threshold,width_cc_GeV,5.047153684266114e-06,5.047153684266116e-06,5.034717e-16
point_3629fdafc51b4d9c,point_17804279d0c420cb,R250_near_hh_threshold,width_tautau_GeV,1.2456128676635018e-05,1.2456128676635027e-05,6.800130e-16
point_3629fdafc51b4d9c,point_17804279d0c420cb,R250_near_hh_threshold,width_WW_GeV,0.005468487472025801,0.005468487472025815,2.537774e-15
point_3629fdafc51b4d9c,point_17804279d0c420cb,R250_near_hh_threshold,width_ZZ_GeV,0.0023152702662946746,0.0023152702662946815,2.997012e-15
point_3629fdafc51b4d9c,point_17804279d0c420cb,R250_near_hh_threshold,width_gg_GeV,6.496892333039106e-05,6.496892333039098e-05,-1.251601e-15
point_3629fdafc51b4d9c,point_17804279d0c420cb,R250_near_hh_threshold,width_gammagamma_GeV,6.688400900553194e-07,6.688400900553211e-07,2.532841e-15
point_3629fdafc51b4d9c,point_17804279d0c420cb,R250_near_hh_threshold,width_Zgamma_GeV,1.0020315272760872e-06,1.0020315272760874e-06,2.113289e-16
point_3629fdafc51b4d9c,point_17804279d0c420cb,R250_near_hh_threshold,total_width_GeV,0.00798112410193377,0.00798112410193379,2.608239e-15
point_3629fdafc51b4d9c,point_17804279d0c420cb,R250_near_hh_threshold,BR_bb,0.014175720659842362,0.014175720659842338,-1.713220e-15
point_3629fdafc51b4d9c,point_17804279d0c420cb,R250_near_hh_threshold,BR_cc,0.0006323863179928783,0.0006323863179928769,-2.228800e-15
point_3629fdafc51b4d9c,point_17804279d0c420cb,R250_near_hh_threshold,BR_tautau,0.001560698532881726,0.001560698532881723,-1.945133e-15
point_3629fdafc51b4d9c,point_17804279d0c420cb,R250_near_hh_threshold,BR_ZZ,0.29009325462483426,0.2900932546248344,3.827125e-16
point_3629fdafc51b4d9c,point_17804279d0c420cb,R250_near_hh_threshold,BR_gg,0.008140322403287721,0.00814032240328769,-3.835846e-15
point_3629fdafc51b4d9c,point_17804279d0c420cb,R250_near_hh_threshold,BR_gammagamma,8.380274276066754e-05,8.380274276066753e-05,-1.617194e-16
point_3629fdafc51b4d9c,point_17804279d0c420cb,R250_near_hh_threshold,BR_Zgamma,0.00012555017494757437,0.00012555017494757408,-2.374792e-15
point_3629fdafc51b4d9c,point_17804279d0c420cb,R250_near_hh_threshold,ctau_physical_mm,2.4724209006120965e-11,2.47242090061209e-11,-2.613774e-15
point_d26a67a31d7ac70a,point_d50ec0b3989dc4d3,R250_near_hh_threshold,campaign_id,high_mass_h2_physical_point_scan_v1,high_mass_h2_physical_point_scan_v2_mh12520,
point_d26a67a31d7ac70a,point_d50ec0b3989dc4d3,R250_near_hh_threshold,m_h_GeV,125.13,125.2,5.594182e-04
point_d26a67a31d7ac70a,point_d50ec0b3989dc4d3,R250_near_hh_threshold,lambda1,4.094580406888174,4.094668446935559,2.150160e-05
point_d26a67a31d7ac70a,point_d50ec0b3989dc4d3,R250_near_hh_threshold,lambda2,0.2532268798872041,0.2535179327969134,1.149376e-03
point_d26a67a31d7ac70a,point_d50ec0b3989dc4d3,R250_near_hh_threshold,lambda3,8.553594603823035,8.553754679779882,1.871447e-05
point_d26a67a31d7ac70a,point_d50ec0b3989dc4d3,R250_near_hh_threshold,g_hH2H2_GeV,153.6954675756548,153.7348421548516,2.561857e-04
point_d26a67a31d7ac70a,point_d50ec0b3989dc4d3,R250_near_hh_threshold,width_bb_GeV,1.4327176268855986e-05,1.4327176268855964e-05,-1.537139e-15
point_d26a67a31d7ac70a,point_d50ec0b3989dc4d3,R250_near_hh_threshold,width_cc_GeV,6.39142831980546e-07,6.39142831980545e-07,-1.490922e-15
point_d26a67a31d7ac70a,point_d50ec0b3989dc4d3,R250_near_hh_threshold,width_tautau_GeV,1.5773732792636772e-06,1.577373279263675e-06,-1.342474e-15
point_d26a67a31d7ac70a,point_d50ec0b3989dc4d3,R250_near_hh_threshold,width_WW_GeV,0.005468487472025832,0.005468487472025801,-5.551382e-15
point_d26a67a31d7ac70a,point_d50ec0b3989dc4d3,R250_near_hh_threshold,width_ZZ_GeV,0.002315270266294688,0.0023152702662946746,-5.806712e-15
point_d26a67a31d7ac70a,point_d50ec0b3989dc4d3,R250_near_hh_threshold,width_gg_GeV,8.227294876627333e-06,8.227294876627269e-06,-7.824504e-15
point_d26a67a31d7ac70a,point_d50ec0b3989dc4d3,R250_near_hh_threshold,width_gammagamma_GeV,3.536095776519603e-07,3.536095776519605e-07,5.988476e-16
point_d26a67a31d7ac70a,point_d50ec0b3989dc4d3,R250_near_hh_threshold,width_Zgamma_GeV,8.590717210040712e-07,8.590717210040699e-07,-1.602228e-15
point_d26a67a31d7ac70a,point_d50ec0b3989dc4d3,R250_near_hh_threshold,total_width_GeV,0.00780975218351712,0.007809752183517076,-5.553068e-15
point_d26a67a31d7ac70a,point_d50ec0b3989dc4d3,R250_near_hh_threshold,BR_bb,0.0018345238020604831,0.0018345238020604905,4.018795e-15
point_d26a67a31d7ac70a,point_d50ec0b3989dc4d3,R250_near_hh_threshold,BR_cc,8.183906697186749e-05,8.183906697186783e-05,4.139993e-15
point_d26a67a31d7ac70a,point_d50ec0b3989dc4d3,R250_near_hh_threshold,BR_tautau,0.00020197481843185807,0.0002019748184318589,4.160205e-15
point_d26a67a31d7ac70a,point_d50ec0b3989dc4d3,R250_near_hh_threshold,BR_ZZ,0.2964588647487668,0.29645886474876676,-1.872474e-16
point_d26a67a31d7ac70a,point_d50ec0b3989dc4d3,R250_near_hh_threshold,BR_gg,0.0010534642691981263,0.001053464269198124,-2.264191e-15
point_d26a67a31d7ac70a,point_d50ec0b3989dc4d3,R250_near_hh_threshold,BR_gammagamma,4.527795112350317e-05,4.527795112350345e-05,6.136029e-15
point_d26a67a31d7ac70a,point_d50ec0b3989dc4d3,R250_near_hh_threshold,BR_Zgamma,0.00010999986949870009,0.00010999986949870053,3.942558e-15
point_d26a67a31d7ac70a,point_d50ec0b3989dc4d3,R250_near_hh_threshold,ctau_physical_mm,2.5266740321987255e-11,2.5266740321987394e-11,5.498948e-15
point_3cdfd6d14c0939b1,point_22e0f069e5738b82,R250_near_hh_threshold,campaign_id,high_mass_h2_physical_point_scan_v1,high_mass_h2_physical_point_scan_v2_mh12520,
point_3cdfd6d14c0939b1,point_22e0f069e5738b82,R250_near_hh_threshold,m_h_GeV,125.13,125.2,5.594182e-04
point_3cdfd6d14c0939b1,point_22e0f069e5738b82,R250_near_hh_threshold,lambda1,5.164381068730952,5.164563866042583,3.539578e-05
point_3cdfd6d14c0939b1,point_22e0f069e5738b82,R250_near_hh_threshold,lambda2,0.5011477042394924,0.5014633085132967,6.297630e-04
point_3cdfd6d14c0939b1,point_22e0f069e5738b82,R250_near_hh_threshold,lambda3,9.511967165956149,9.512207356740298,2.525143e-05
point_3cdfd6d14c0939b1,point_22e0f069e5738b82,R250_near_hh_threshold,g_hH2H2_GeV,549.907578912775,549.9664231247764,1.070075e-04
point_3cdfd6d14c0939b1,point_22e0f069e5738b82,R250_near_hh_threshold,width_bb_GeV,0.0007436869308702182,0.0007436869308702184,2.915749e-16
point_3cdfd6d14c0939b1,point_22e0f069e5738b82,R250_near_hh_threshold,width_cc_GeV,3.317626322058686e-05,3.3176263220586876e-05,4.085007e-16
point_3cdfd6d14c0939b1,point_22e0f069e5738b82,R250_near_hh_threshold,width_tautau_GeV,8.187739655596243e-05,8.187739655596245e-05,3.310444e-16
point_3cdfd6d14c0939b1,point_22e0f069e5738b82,R250_near_hh_threshold,width_WW_GeV,0.027287725129293606,0.027287725129293637,1.144288e-15
point_3cdfd6d14c0939b1,point_22e0f069e5738b82,R250_near_hh_threshold,width_ZZ_GeV,0.011553187046668134,0.011553187046668158,2.102115e-15
point_3cdfd6d14c0939b1,point_22e0f069e5738b82,R250_near_hh_threshold,width_gg_GeV,0.0004270577510422259,0.00042705775104222776,4.315912e-15
point_3cdfd6d14c0939b1,point_22e0f069e5738b82,R250_near_hh_threshold,width_gammagamma_GeV,3.5448573850538667e-06,3.544857385053851e-06,-4.420519e-15
point_3cdfd6d14c0939b1,point_22e0f069e5738b82,R250_near_hh_threshold,total_width_GeV,0.04013583319199762,0.040135833191997684,1.555967e-15
point_3cdfd6d14c0939b1,point_22e0f069e5738b82,R250_near_hh_threshold,BR_bb,0.01852925108873774,0.018529251088737715,-1.310691e-15
point_3cdfd6d14c0939b1,point_22e0f069e5738b82,R250_near_hh_threshold,BR_cc,0.0008265995889977345,0.0008265995889977335,-1.180477e-15
point_3cdfd6d14c0939b1,point_22e0f069e5738b82,R250_near_hh_threshold,BR_tautau,0.002040007395991653,0.0020400073959916504,-1.275527e-15
point_3cdfd6d14c0939b1,point_22e0f069e5738b82,R250_near_hh_threshold,BR_WW,0.679884356673435,0.6798843566734348,-3.265917e-16
point_3cdfd6d14c0939b1,point_22e0f069e5738b82,R250_near_hh_threshold,BR_ZZ,0.2878521791587383,0.28785217915873845,5.785381e-16
point_3cdfd6d14c0939b1,point_22e0f069e5738b82,R250_near_hh_threshold,BR_gg,0.01064031109057364,0.01064031109057367,2.771564e-15
point_3cdfd6d14c0939b1,point_22e0f069e5738b82,R250_near_hh_threshold,BR_gammagamma,8.832150981135353e-05,8.8321509811353e-05,-5.984370e-15
point_3cdfd6d14c0939b1,point_22e0f069e5738b82,R250_near_hh_threshold,BR_Zgamma,0.00012503612830079897,0.00012503612830079878,-1.517444e-15
point_3cdfd6d14c0939b1,point_22e0f069e5738b82,R250_near_hh_threshold,ctau_physical_mm,4.916478984154825e-12,4.916478984154818e-12,-1.478729e-15
point_63983eff0aab7cd6,point_058e53d7720aea1f,R250_near_hh_threshold,campaign_id,high_mass_h2_physical_point_scan_v1,high_mass_h2_physical_point_scan_v2_mh12520,
point_63983eff0aab7cd6,point_058e53d7720aea1f,R250_near_hh_threshold,m_h_GeV,125.13,125.2,5.594182e-04
point_63983eff0aab7cd6,point_058e53d7720aea1f,R250_near_hh_threshold,lambda1,3.56766867671369,3.56785147402532,5.123719e-05
point_63983eff0aab7cd6,point_058e53d7720aea1f,R250_near_hh_threshold,lambda2,0.40135317973841333,0.40166878401221773,7.863505e-04
point_63983eff0aab7cd6,point_058e53d7720aea1f,R250_near_hh_threshold,lambda3,9.112789067951834,9.113029258735983,2.635755e-05
point_63983eff0aab7cd6,point_058e53d7720aea1f,R250_near_hh_threshold,g_hH2H2_GeV,403.9044042629938,403.9632484749954,1.456885e-04
point_63983eff0aab7cd6,point_058e53d7720aea1f,R250_near_hh_threshold,width_bb_GeV,0.0007436869308702184,0.0007436869308702186,2.915749e-16
point_63983eff0aab7cd6,point_058e53d7720aea1f,R250_near_hh_threshold,width_cc_GeV,3.3176263220586876e-05,3.317626322058688e-05,2.042504e-16
point_63983eff0aab7cd6,point_058e53d7720aea1f,R250_near_hh_threshold,width_tautau_GeV,8.187739655596245e-05,8.187739655596248e-05,3.310444e-16
point_63983eff0aab7cd6,point_058e53d7720aea1f,R250_near_hh_threshold,width_WW_GeV,0.027287725129293637,0.02728772512929365,5.085725e-16
point_63983eff0aab7cd6,point_058e53d7720aea1f,R250_near_hh_threshold,width_ZZ_GeV,0.011553187046668158,0.011553187046668162,3.003022e-16
point_63983eff0aab7cd6,point_058e53d7720aea1f,R250_near_hh_threshold,width_gg_GeV,0.00042705775104222776,0.00042705775104222727,-1.142447e-15
point_63983eff0aab7cd6,point_058e53d7720aea1f,R250_near_hh_threshold,width_gammagamma_GeV,3.6490008930112167e-06,3.64900089301123e-06,3.597974e-15
point_63983eff0aab7cd6,point_058e53d7720aea1f,R250_near_hh_threshold,total_width_GeV,0.04013600647397344,0.04013600647397346,5.186535e-16
point_63983eff0aab7cd6,point_058e53d7720aea1f,R250_near_hh_threshold,BR_bb,0.018529171091111643,0.01852917109111164,-1.872424e-16
point_63983eff0aab7cd6,point_058e53d7720aea1f,R250_near_hh_threshold,BR_cc,0.0008265960202617649,0.0008265960202617647,-2.623294e-16
point_63983eff0aab7cd6,point_058e53d7720aea1f,R250_near_hh_threshold,BR_tautau,0.0020399985885256574,0.002039998588525657,-2.125888e-16
point_63983eff0aab7cd6,point_058e53d7720aea1f,R250_near_hh_threshold,BR_ZZ,0.28785093639447984,0.28785093639447973,-3.856937e-16
point_63983eff0aab7cd6,point_058e53d7720aea1f,R250_near_hh_threshold,BR_gg,0.010640265152417625,0.010640265152417607,-1.630339e-15
point_63983eff0aab7cd6,point_058e53d7720aea1f,R250_near_hh_threshold,BR_gammagamma,9.091589357245706e-05,9.091589357245734e-05,3.130400e-15
point_63983eff0aab7cd6,point_058e53d7720aea1f,R250_near_hh_threshold,BR_Zgamma,0.00012675819303422528,0.00012675819303422522,-4.276655e-16
point_63983eff0aab7cd6,point_058e53d7720aea1f,R250_near_hh_threshold,ctau_physical_mm,4.916457757897725e-12,4.9164577578977215e-12,-6.572159e-16
point_35c2b02a75dfadfe,point_95a293d77c6bf60b,R250_near_hh_threshold,campaign_id,high_mass_h2_physical_point_scan_v1,high_mass_h2_physical_point_scan_v2_mh12520,
point_35c2b02a75dfadfe,point_95a293d77c6bf60b,R250_near_hh_threshold,m_h_GeV,125.13,125.2,5.594182e-04
point_35c2b02a75dfadfe,point_95a293d77c6bf60b,R250_near_hh_threshold,lambda1,1.9709562846964273,1.9711390820080574,9.274549e-05
point_35c2b02a75dfadfe,point_95a293d77c6bf60b,R250_near_hh_threshold,lambda2,0.30155865523733427,0.30187425951113867,1.046577e-03
point_35c2b02a75dfadfe,point_95a293d77c6bf60b,R250_near_hh_threshold,lambda3,8.713610969947517,8.713851160731666,2.756501e-05
point_35c2b02a75dfadfe,point_95a293d77c6bf60b,R250_near_hh_threshold,g_hH2H2_GeV,257.901229613212,257.9600738252136,2.281657e-04
point_35c2b02a75dfadfe,point_95a293d77c6bf60b,R250_near_hh_threshold,width_bb_GeV,0.000743686930870218,0.0007436869308702182,2.915749e-16
point_35c2b02a75dfadfe,point_95a293d77c6bf60b,R250_near_hh_threshold,width_tautau_GeV,8.187739655596241e-05,8.187739655596243e-05,1.655222e-16
point_35c2b02a75dfadfe,point_95a293d77c6bf60b,R250_near_hh_threshold,width_WW_GeV,0.02728772512929358,0.027287725129293606,8.900020e-16
point_35c2b02a75dfadfe,point_95a293d77c6bf60b,R250_near_hh_threshold,width_ZZ_GeV,0.011553187046668127,0.011553187046668134,6.006043e-16
point_35c2b02a75dfadfe,point_95a293d77c6bf60b,R250_near_hh_threshold,width_gg_GeV,0.0004270577510422277,0.0004270577510422259,-4.188973e-15
point_35c2b02a75dfadfe,point_95a293d77c6bf60b,R250_near_hh_threshold,width_gammagamma_GeV,3.755006727002613e-06,3.7550067270026245e-06,3.045253e-15
point_35c2b02a75dfadfe,point_95a293d77c6bf60b,R250_near_hh_threshold,width_Zgamma_GeV,5.157827102791021e-06,5.157827102791019e-06,-3.284457e-16
point_35c2b02a75dfadfe,point_95a293d77c6bf60b,R250_near_hh_threshold,total_width_GeV,0.04013618273925389,0.04013618273925391,5.186513e-16
point_35c2b02a75dfadfe,point_95a293d77c6bf60b,R250_near_hh_threshold,width_unaccounted_GeV,5.593877733939268e-07,5.593877733869879e-07,-1.240444e-11
point_35c2b02a75dfadfe,point_95a293d77c6bf60b,R250_near_hh_threshold,BR_bb,0.018529089716917177,0.018529089716917174,-1.872432e-16
point_35c2b02a75dfadfe,point_95a293d77c6bf60b,R250_near_hh_threshold,BR_cc,0.00082659239011636,0.0008265923901163596,-5.246611e-16
point_35c2b02a75dfadfe,point_95a293d77c6bf60b,R250_near_hh_threshold,BR_tautau,0.002039989629504175,0.0020399896295041748,-2.125897e-16
point_35c2b02a75dfadfe,point_95a293d77c6bf60b,R250_near_hh_threshold,BR_WW,0.679878435539554,0.6798784355395542,3.265946e-16
point_35c2b02a75dfadfe,point_95a293d77c6bf60b,R250_near_hh_threshold,BR_gg,0.010640218423775457,0.010640218423775407,-4.728003e-15
point_35c2b02a75dfadfe,point_95a293d77c6bf60b,R250_near_hh_threshold,BR_gammagamma,9.355664815952094e-05,9.355664815952117e-05,2.462604e-15
point_35c2b02a75dfadfe,point_95a293d77c6bf60b,R250_near_hh_threshold,BR_Zgamma,0.00012850816272935134,0.00012850816272935123,-8.436835e-16
point_35c2b02a75dfadfe,point_95a293d77c6bf60b,R250_near_hh_threshold,ctau_physical_mm,4.9164361663873626e-12,4.91643616638736e-12,-4.929141e-16
point_a865f25c25d54f8d,point_af2d4514a8cca258,R250_near_hh_threshold,campaign_id,high_mass_h2_physical_point_scan_v1,high_mass_h2_physical_point_scan_v2_mh12520,
point_a865f25c25d54f8d,point_af2d4514a8cca258,R250_near_hh_threshold,m_h_GeV,125.13,125.2,5.594182e-04
point_a865f25c25d54f8d,point_af2d4514a8cca258,R250_near_hh_threshold,lambda1,0.3742438926791644,0.37442668999079426,4.884443e-04
point_a865f25c25d54f8d,point_af2d4514a8cca258,R250_near_hh_threshold,lambda2,0.20176413073625535,0.20207973501005974,1.564224e-03
point_a865f25c25d54f8d,point_af2d4514a8cca258,R250_near_hh_threshold,lambda3,8.3144328719432,8.314673062727351,2.888841e-05
point_a865f25c25d54f8d,point_af2d4514a8cca258,R250_near_hh_threshold,g_hH2H2_GeV,111.8980549634299,111.95689917543183,5.258734e-04
point_a865f25c25d54f8d,point_af2d4514a8cca258,R250_near_hh_threshold,width_bb_GeV,0.0007436869308702184,0.0007436869308702188,5.831498e-16
point_a865f25c25d54f8d,point_af2d4514a8cca258,R250_near_hh_threshold,width_cc_GeV,3.3176263220586876e-05,3.317626322058689e-05,4.085007e-16
point_a865f25c25d54f8d,point_af2d4514a8cca258,R250_near_hh_threshold,width_tautau_GeV,8.187739655596245e-05,8.18773965559625e-05,4.965666e-16
point_a865f25c25d54f8d,point_af2d4514a8cca258,R250_near_hh_threshold,width_WW_GeV,0.027287725129293637,0.027287725129293713,2.797149e-15
point_a865f25c25d54f8d,point_af2d4514a8cca258,R250_near_hh_threshold,width_ZZ_GeV,0.011553187046668158,0.011553187046668184,2.252266e-15
point_a865f25c25d54f8d,point_af2d4514a8cca258,R250_near_hh_threshold,width_gg_GeV,0.00042705775104222776,0.00042705775104222884,2.538772e-15
point_a865f25c25d54f8d,point_af2d4514a8cca258,R250_near_hh_threshold,width_gammagamma_GeV,3.862874887028032e-06,3.862874887028048e-06,4.166230e-15
point_a865f25c25d54f8d,point_af2d4514a8cca258,R250_near_hh_threshold,width_Zgamma_GeV,5.229207528074611e-06,5.229207528074621e-06,1.943774e-15
point_a865f25c25d54f8d,point_af2d4514a8cca258,R250_near_hh_threshold,total_width_GeV,0.040136361987839285,0.04013636198783938,2.420362e-15
point_a865f25c25d54f8d,point_af2d4514a8cca258,R250_near_hh_threshold,width_unaccounted_GeV,5.593877733869879e-07,5.59387773380049e-07,-1.240444e-11
point_a865f25c25d54f8d,point_af2d4514a8cca258,R250_near_hh_threshold,BR_bb,0.018529006966190517,0.018529006966190482,-1.872441e-15
point_a865f25c25d54f8d,point_af2d4514a8cca258,R250_near_hh_threshold,BR_cc,0.000826588698563133,0.0008265886985631313,-1.967488e-15
point_a865f25c25d54f8d,point_af2d4514a8cca258,R250_near_hh_threshold,BR_tautau,0.0020399805189311895,0.0020399805189311856,-1.913316e-15
point_a865f25c25d54f8d,point_af2d4514a8cca258,R250_near_hh_threshold,BR_WW,0.6798753992093606,0.6798753992093608,3.265960e-16
point_a865f25c25d54f8d,point_af2d4514a8cca258,R250_near_hh_threshold,BR_ZZ,0.2878483867114962,0.28784838671149615,-1.928486e-16
point_a865f25c25d54f8d,point_af2d4514a8cca258,R250_near_hh_threshold,BR_gammagamma,9.624377237275329e-05,9.624377237275345e-05,1.689775e-15
point_a865f25c25d54f8d,point_af2d4514a8cca258,R250_near_hh_threshold,BR_Zgamma,0.00013028603662830683,0.00013028603662830677,-4.160853e-16
point_a865f25c25d54f8d,point_af2d4514a8cca258,R250_near_hh_threshold,ctau_physical_mm,4.916414209633327e-12,4.916414209633315e-12,-2.464581e-15
point_2cb31aa7c4722385,point_f10bf3e41882efc6,R250_near_hh_threshold,campaign_id,high_mass_h2_physical_point_scan_v1,high_mass_h2_physical_point_scan_v2_mh12520,
point_2cb31aa7c4722385,point_f10bf3e41882efc6,R250_near_hh_threshold,m_h_GeV,125.13,125.2,5.594182e-04
point_2cb31aa7c4722385,point_f10bf3e41882efc6,R250_near_hh_threshold,lambda1,5.464381068730952,5.464563866042583,3.345252e-05
point_2cb31aa7c4722385,point_f10bf3e41882efc6,R250_near_hh_threshold,lambda2,0.49489770423949236,0.4952133085132967,6.377162e-04
point_2cb31aa7c4722385,point_f10bf3e41882efc6,R250_near_hh_threshold,lambda3,9.536967165956149,9.537207356740298,2.518524e-05
point_2cb31aa7c4722385,point_f10bf3e41882efc6,R250_near_hh_threshold,g_hH2H2_GeV,545.3427109896086,545.4015552016099,1.079032e-04
point_2cb31aa7c4722385,point_f10bf3e41882efc6,R250_near_hh_threshold,width_bb_GeV,0.0007436869308702187,0.0007436869308702189,2.915749e-16
point_2cb31aa7c4722385,point_f10bf3e41882efc6,R250_near_hh_threshold,width_cc_GeV,3.317626322058689e-05,3.31762632205869e-05,2.042504e-16
point_2cb31aa7c4722385,point_f10bf3e41882efc6,R250_near_hh_threshold,width_tautau_GeV,8.187739655596248e-05,8.187739655596247e-05,-1.655222e-16
point_2cb31aa7c4722385,point_f10bf3e41882efc6,R250_near_hh_threshold,width_WW_GeV,0.02728772512929366,0.02728772512929368,6.357157e-16
point_2cb31aa7c4722385,point_f10bf3e41882efc6,R250_near_hh_threshold,width_ZZ_GeV,0.011553187046668169,0.011553187046668172,3.003022e-16
point_2cb31aa7c4722385,point_f10bf3e41882efc6,R250_near_hh_threshold,width_gg_GeV,0.0004270577510422282,0.00042705775104222814,-1.269386e-16
point_2cb31aa7c4722385,point_f10bf3e41882efc6,R250_near_hh_threshold,width_gammagamma_GeV,3.535363527685486e-06,3.535363527685488e-06,5.989716e-16
point_2cb31aa7c4722385,point_f10bf3e41882efc6,R250_near_hh_threshold,width_Zgamma_GeV,5.012120636282279e-06,5.012120636282283e-06,6.759877e-16
point_2cb31aa7c4722385,point_f10bf3e41882efc6,R250_near_hh_threshold,total_width_GeV,0.040135817389588185,0.040135817389588206,5.186560e-16
point_2cb31aa7c4722385,point_f10bf3e41882efc6,R250_near_hh_threshold,BR_bb,0.018529258384137007,0.018529258384137,-3.744831e-16
point_2cb31aa7c4722385,point_f10bf3e41882efc6,R250_near_hh_threshold,BR_cc,0.0008265999144493141,0.0008265999144493139,-2.623282e-16
point_2cb31aa7c4722385,point_f10bf3e41882efc6,R250_near_hh_threshold,BR_tautau,0.002040008199190249,0.002040008199190248,-6.377634e-16
point_2cb31aa7c4722385,point_f10bf3e41882efc6,R250_near_hh_threshold,BR_WW,0.6798846243597992,0.6798846243597993,1.632958e-16
point_2cb31aa7c4722385,point_f10bf3e41882efc6,R250_near_hh_threshold,BR_ZZ,0.2878522924928703,0.28785229249287025,-1.928460e-16
point_2cb31aa7c4722385,point_f10bf3e41882efc6,R250_near_hh_threshold,BR_gg,0.010640315279912878,0.010640315279912872,-6.521324e-16
point_2cb31aa7c4722385,point_f10bf3e41882efc6,R250_near_hh_threshold,ctau_physical_mm,4.916480919887519e-12,4.916480919887517e-12,-4.929096e-16
point_fcab1f0c23be625a,point_910af9539c7f00cb,R250_near_hh_threshold,campaign_id,high_mass_h2_physical_point_scan_v1,high_mass_h2_physical_point_scan_v2_mh12520,
point_fcab1f0c23be625a,point_910af9539c7f00cb,R250_near_hh_threshold,m_h_GeV,125.13,125.2,5.594182e-04
point_fcab1f0c23be625a,point_910af9539c7f00cb,R250_near_hh_threshold,lambda1,3.8676686767136896,3.86785147402532,4.726292e-05
point_fcab1f0c23be625a,point_910af9539c7f00cb,R250_near_hh_threshold,lambda2,0.39510317973841336,0.39541878401221775,7.987895e-04
point_fcab1f0c23be625a,point_910af9539c7f00cb,R250_near_hh_threshold,lambda3,9.137789067951834,9.138029258735983,2.628544e-05
point_fcab1f0c23be625a,point_910af9539c7f00cb,R250_near_hh_threshold,g_hH2H2_GeV,399.3395363398267,399.3983805518284,1.473538e-04
point_fcab1f0c23be625a,point_910af9539c7f00cb,R250_near_hh_threshold,width_bb_GeV,0.0007436869308702183,0.0007436869308702184,1.457874e-16
point_fcab1f0c23be625a,point_910af9539c7f00cb,R250_near_hh_threshold,width_tautau_GeV,8.187739655596244e-05,8.187739655596245e-05,1.655222e-16
point_fcab1f0c23be625a,point_910af9539c7f00cb,R250_near_hh_threshold,width_WW_GeV,0.02728772512929362,0.027287725129293637,6.357157e-16
point_fcab1f0c23be625a,point_910af9539c7f00cb,R250_near_hh_threshold,width_ZZ_GeV,0.01155318704666815,0.011553187046668158,7.507554e-16
point_fcab1f0c23be625a,point_910af9539c7f00cb,R250_near_hh_threshold,width_gg_GeV,0.0004270577510422275,0.00042705775104222776,6.346929e-16
point_fcab1f0c23be625a,point_910af9539c7f00cb,R250_near_hh_threshold,width_gammagamma_GeV,3.63933558953692e-06,3.639335589536926e-06,1.629207e-15
point_fcab1f0c23be625a,point_910af9539c7f00cb,R250_near_hh_threshold,width_Zgamma_GeV,5.0811559065524566e-06,5.081155906552456e-06,-1.667008e-16
point_fcab1f0c23be625a,point_910af9539c7f00cb,R250_near_hh_threshold,total_width_GeV,0.04013599039692025,0.04013599039692027,5.186537e-16
point_fcab1f0c23be625a,point_910af9539c7f00cb,R250_near_hh_threshold,width_unaccounted_GeV,5.593877733939268e-07,5.593877733869879e-07,-1.240444e-11
point_fcab1f0c23be625a,point_910af9539c7f00cb,R250_near_hh_threshold,BR_bb,0.018529178513239916,0.01852917851323991,-3.744847e-16
point_fcab1f0c23be625a,point_910af9539c7f00cb,R250_near_hh_threshold,BR_cc,0.0008265963513667919,0.0008265963513667914,-5.246586e-16
point_fcab1f0c23be625a,point_910af9539c7f00cb,R250_near_hh_threshold,BR_tautau,0.0020399994056766848,0.0020399994056766843,-2.125887e-16
point_fcab1f0c23be625a,point_910af9539c7f00cb,R250_near_hh_threshold,BR_WW,0.6798816936977213,0.6798816936977214,1.632965e-16
point_fcab1f0c23be625a,point_910af9539c7f00cb,R250_near_hh_threshold,BR_ZZ,0.2878510516973479,0.287851051697348,1.928468e-16
point_fcab1f0c23be625a,point_910af9539c7f00cb,R250_near_hh_threshold,BR_gg,0.010640269414530178,0.01064026941453018,1.630338e-16
point_fcab1f0c23be625a,point_910af9539c7f00cb,R250_near_hh_threshold,BR_gammagamma,9.067511611264928e-05,9.067511611264938e-05,1.195700e-15
point_fcab1f0c23be625a,point_910af9539c7f00cb,R250_near_hh_threshold,BR_Zgamma,0.00012659849318038378,0.00012659849318038367,-8.564100e-16
point_fcab1f0c23be625a,point_910af9539c7f00cb,R250_near_hh_threshold,ctau_physical_mm,4.916459727256201e-12,4.916459727256197e-12,-6.572156e-16
point_0960bd688a662562,point_61bf5e4c3200c037,R250_near_hh_threshold,campaign_id,high_mass_h2_physical_point_scan_v1,high_mass_h2_physical_point_scan_v2_mh12520,
point_0960bd688a662562,point_61bf5e4c3200c037,R250_near_hh_threshold,m_h_GeV,125.13,125.2,5.594182e-04
point_0960bd688a662562,point_61bf5e4c3200c037,R250_near_hh_threshold,lambda1,2.2709562846964273,2.2711390820080575,8.049354e-05
point_0960bd688a662562,point_61bf5e4c3200c037,R250_near_hh_threshold,lambda2,0.2953086552373343,0.2956242595111387,1.068727e-03
point_0960bd688a662562,point_61bf5e4c3200c037,R250_near_hh_threshold,lambda3,8.738610969947517,8.738851160731667,2.748615e-05
point_0960bd688a662562,point_61bf5e4c3200c037,R250_near_hh_threshold,g_hH2H2_GeV,253.3363616900449,253.39520590204694,2.322770e-04
point_0960bd688a662562,point_61bf5e4c3200c037,R250_near_hh_threshold,width_bb_GeV,0.0007436869308702184,0.0007436869308702186,2.915749e-16
point_0960bd688a662562,point_61bf5e4c3200c037,R250_near_hh_threshold,width_cc_GeV,3.3176263220586876e-05,3.317626322058688e-05,2.042504e-16
point_0960bd688a662562,point_61bf5e4c3200c037,R250_near_hh_threshold,width_tautau_GeV,8.187739655596245e-05,8.187739655596248e-05,3.310444e-16
point_0960bd688a662562,point_61bf5e4c3200c037,R250_near_hh_threshold,width_WW_GeV,0.027287725129293637,0.02728772512929365,5.085725e-16
point_0960bd688a662562,point_61bf5e4c3200c037,R250_near_hh_threshold,width_ZZ_GeV,0.011553187046668158,0.011553187046668162,3.003022e-16
point_0960bd688a662562,point_61bf5e4c3200c037,R250_near_hh_threshold,width_gg_GeV,0.00042705775104222776,0.00042705775104222727,-1.142447e-15
point_0960bd688a662562,point_61bf5e4c3200c037,R250_near_hh_threshold,width_gammagamma_GeV,3.745169977422387e-06,3.7451699774224e-06,3.505585e-15
point_0960bd688a662562,point_61bf5e4c3200c037,R250_near_hh_threshold,width_Zgamma_GeV,5.151312155566058e-06,5.15131215556606e-06,3.288610e-16
point_0960bd688a662562,point_61bf5e4c3200c037,R250_near_hh_threshold,total_width_GeV,0.04013616638755717,0.04013616638755719,5.186515e-16
point_0960bd688a662562,point_61bf5e4c3200c037,R250_near_hh_threshold,BR_bb,0.018529097265771073,0.01852909726577107,-1.872432e-16
point_0960bd688a662562,point_61bf5e4c3200c037,R250_near_hh_threshold,BR_cc,0.0008265927268746831,0.0008265927268746827,-3.934957e-16
point_0960bd688a662562,point_61bf5e4c3200c037,R250_near_hh_threshold,BR_tautau,0.002039990460607262,0.0020399904606072617,-2.125897e-16
point_0960bd688a662562,point_61bf5e4c3200c037,R250_near_hh_threshold,BR_ZZ,0.28784978951676427,0.28784978951676415,-3.856953e-16
point_0960bd688a662562,point_61bf5e4c3200c037,R250_near_hh_threshold,BR_gg,0.010640222758659439,0.010640222758659421,-1.630345e-15
point_0960bd688a662562,point_61bf5e4c3200c037,R250_near_hh_threshold,BR_gammagamma,9.331160184205952e-05,9.33116018420598e-05,3.050029e-15
point_0960bd688a662562,point_61bf5e4c3200c037,R250_near_hh_threshold,ctau_physical_mm,4.916438169370716e-12,4.9164381693707126e-12,-6.572185e-16
point_84b8f5e6e1cef121,point_b0a7bf63b84d7d34,R250_near_hh_threshold,campaign_id,high_mass_h2_physical_point_scan_v1,high_mass_h2_physical_point_scan_v2_mh12520,
point_84b8f5e6e1cef121,point_b0a7bf63b84d7d34,R250_near_hh_threshold,m_h_GeV,125.13,125.2,5.594182e-04
point_84b8f5e6e1cef121,point_b0a7bf63b84d7d34,R250_near_hh_threshold,lambda1,0.6742438926791644,0.6744266899907942,2.711145e-04
point_84b8f5e6e1cef121,point_b0a7bf63b84d7d34,R250_near_hh_threshold,lambda2,0.19551413073625534,0.19582973501005974,1.614227e-03
point_84b8f5e6e1cef121,point_b0a7bf63b84d7d34,R250_near_hh_threshold,lambda3,8.3394328719432,8.339673062727352,2.880181e-05
point_84b8f5e6e1cef121,point_b0a7bf63b84d7d34,R250_near_hh_threshold,g_hH2H2_GeV,107.33318704026323,107.39203125226516,5.482387e-04
point_84b8f5e6e1cef121,point_b0a7bf63b84d7d34,R250_near_hh_threshold,width_bb_GeV,0.0007436869308702186,0.0007436869308702189,4.373623e-16
point_84b8f5e6e1cef121,point_b0a7bf63b84d7d34,R250_near_hh_threshold,width_cc_GeV,3.317626322058688e-05,3.3176263220586904e-05,6.127511e-16
point_84b8f5e6e1cef121,point_b0a7bf63b84d7d34,R250_near_hh_threshold,width_tautau_GeV,8.187739655596248e-05,8.187739655596252e-05,4.965666e-16
point_84b8f5e6e1cef121,point_b0a7bf63b84d7d34,R250_near_hh_threshold,width_WW_GeV,0.02728772512929365,0.0272877251292937,1.780004e-15
point_84b8f5e6e1cef121,point_b0a7bf63b84d7d34,R250_near_hh_threshold,width_ZZ_GeV,0.011553187046668162,0.011553187046668191,2.552568e-15
point_84b8f5e6e1cef121,point_b0a7bf63b84d7d34,R250_near_hh_threshold,width_gg_GeV,0.00042705775104222727,0.00042705775104222857,3.046526e-15
point_84b8f5e6e1cef121,point_b0a7bf63b84d7d34,R250_near_hh_threshold,width_gammagamma_GeV,3.852866691341891e-06,3.852866691341885e-06,-1.538914e-15
point_84b8f5e6e1cef121,point_b0a7bf63b84d7d34,R250_near_hh_threshold,width_Zgamma_GeV,5.222589383323077e-06,5.2225893833230794e-06,4.865592e-16
point_84b8f5e6e1cef121,point_b0a7bf63b84d7d34,R250_near_hh_threshold,total_width_GeV,0.04013634536149886,0.040136345361498946,2.074597e-15
point_84b8f5e6e1cef121,point_b0a7bf63b84d7d34,R250_near_hh_threshold,width_unaccounted_GeV,5.59387773380049e-07,5.593877733869879e-07,1.240444e-11
point_84b8f5e6e1cef121,point_b0a7bf63b84d7d34,R250_near_hh_threshold,BR_bb,0.01852901464176673,0.0185290146417667,-1.685196e-15
point_84b8f5e6e1cef121,point_b0a7bf63b84d7d34,R250_near_hh_threshold,BR_cc,0.0008265890409746051,0.0008265890409746039,-1.442824e-15
point_84b8f5e6e1cef121,point_b0a7bf63b84d7d34,R250_near_hh_threshold,BR_tautau,0.0020399813639859717,0.0020399813639859687,-1.488134e-15
point_84b8f5e6e1cef121,point_b0a7bf63b84d7d34,R250_near_hh_threshold,BR_WW,0.6798756808453627,0.6798756808453624,-3.265959e-16
point_84b8f5e6e1cef121,point_b0a7bf63b84d7d34,R250_near_hh_threshold,BR_ZZ,0.2878485059516818,0.28784850595168193,3.856970e-16
point_84b8f5e6e1cef121,point_b0a7bf63b84d7d34,R250_near_hh_threshold,BR_gg,0.010640175312321438,0.010640175312321448,9.782114e-16
point_84b8f5e6e1cef121,point_b0a7bf63b84d7d34,R250_near_hh_threshold,BR_gammagamma,9.599445730895536e-05,9.5994457308955e-05,-3.670688e-15
point_84b8f5e6e1cef121,point_b0a7bf63b84d7d34,R250_near_hh_threshold,BR_Zgamma,0.00013012119903504945,0.00013012119903504923,-1.666450e-15
point_84b8f5e6e1cef121,point_b0a7bf63b84d7d34,R250_near_hh_threshold,ctau_physical_mm,4.916416246240686e-12,4.916416246240676e-12,-2.135970e-15
point_daa80acc5e2d16fd,point_8af55a0e585009a2,R250_near_hh_threshold,campaign_id,high_mass_h2_physical_point_scan_v1,high_mass_h2_physical_point_scan_v2_mh12520,
point_daa80acc5e2d16fd,point_8af55a0e585009a2,R250_near_hh_threshold,m_h_GeV,125.13,125.2,5.594182e-04
point_daa80acc5e2d16fd,point_8af55a0e585009a2,R250_near_hh_threshold,lambda1,5.464381068430952,5.464563865742583,3.345252e-05
point_daa80acc5e2d16fd,point_8af55a0e585009a2,R250_near_hh_threshold,lambda2,0.49489770424574236,0.4952133085195467,6.377162e-04
point_daa80acc5e2d16fd,point_8af55a0e585009a2,R250_near_hh_threshold,lambda3,9.536967165931149,9.537207356715298,2.518524e-05
point_daa80acc5e2d16fd,point_8af55a0e585009a2,R250_near_hh_threshold,g_hH2H2_GeV,545.3427109941731,545.4015552061749,1.079032e-04
point_daa80acc5e2d16fd,point_8af55a0e585009a2,R250_near_hh_threshold,width_bb_GeV,0.0007436869308702186,0.0007436869308702189,4.373623e-16
point_daa80acc5e2d16fd,point_8af55a0e585009a2,R250_near_hh_threshold,width_cc_GeV,3.317626322058688e-05,3.31762632205869e-05,4.085007e-16
point_daa80acc5e2d16fd,point_8af55a0e585009a2,R250_near_hh_threshold,width_tautau_GeV,8.187739655596248e-05,8.187739655596247e-05,-1.655222e-16
point_daa80acc5e2d16fd,point_8af55a0e585009a2,R250_near_hh_threshold,width_WW_GeV,0.02728772512929365,0.02728772512929368,1.017145e-15
point_daa80acc5e2d16fd,point_8af55a0e585009a2,R250_near_hh_threshold,width_ZZ_GeV,0.011553187046668162,0.011553187046668172,9.009065e-16
point_daa80acc5e2d16fd,point_8af55a0e585009a2,R250_near_hh_threshold,width_gg_GeV,0.00042705775104222727,0.00042705775104222814,2.031017e-15
point_daa80acc5e2d16fd,point_8af55a0e585009a2,R250_near_hh_threshold,width_gammagamma_GeV,3.53536352769499e-06,3.535363527694975e-06,-4.312596e-15
point_daa80acc5e2d16fd,point_8af55a0e585009a2,R250_near_hh_threshold,width_Zgamma_GeV,5.012120636288577e-06,5.012120636288587e-06,2.027963e-15
point_daa80acc5e2d16fd,point_8af55a0e585009a2,R250_near_hh_threshold,total_width_GeV,0.040135817389588185,0.04013581738958822,8.644266e-16
point_daa80acc5e2d16fd,point_8af55a0e585009a2,R250_near_hh_threshold,BR_bb,0.018529258384137003,0.018529258384136996,-3.744831e-16
point_daa80acc5e2d16fd,point_8af55a0e585009a2,R250_near_hh_threshold,BR_cc,0.000826599914449314,0.0008265999144493136,-5.246563e-16
point_daa80acc5e2d16fd,point_8af55a0e585009a2,R250_near_hh_threshold,BR_tautau,0.002040008199190249,0.002040008199190247,-1.062939e-15
point_daa80acc5e2d16fd,point_8af55a0e585009a2,R250_near_hh_threshold,BR_WW,0.679884624359799,0.6798846243597991,1.632958e-16
point_daa80acc5e2d16fd,point_8af55a0e585009a2,R250_near_hh_threshold,BR_gg,0.010640315279912856,0.010640315279912868,1.141232e-15
point_daa80acc5e2d16fd,point_8af55a0e585009a2,R250_near_hh_threshold,BR_gammagamma,8.80850013188498e-05,8.808500131884935e-05,-5.077293e-15
point_daa80acc5e2d16fd,point_8af55a0e585009a2,R250_near_hh_threshold,BR_Zgamma,0.0001248789974211113,0.00012487899742111145,1.085253e-15
point_daa80acc5e2d16fd,point_8af55a0e585009a2,R250_near_hh_threshold,ctau_physical_mm,4.916480919887519e-12,4.916480919887515e-12,-8.215160e-16
point_bd67b5f22dc319c6,point_43aba354a012e137,R250_near_hh_threshold,campaign_id,high_mass_h2_physical_point_scan_v1,high_mass_h2_physical_point_scan_v2_mh12520,
point_bd67b5f22dc319c6,point_43aba354a012e137,R250_near_hh_threshold,m_h_GeV,125.13,125.2,5.594182e-04
point_bd67b5f22dc319c6,point_43aba354a012e137,R250_near_hh_threshold,lambda1,3.8676686764136896,3.86785147372532,4.726292e-05
point_bd67b5f22dc319c6,point_43aba354a012e137,R250_near_hh_threshold,lambda2,0.39510317974466336,0.39541878401846775,7.987895e-04
point_bd67b5f22dc319c6,point_43aba354a012e137,R250_near_hh_threshold,lambda3,9.137789067926834,9.138029258710983,2.628544e-05
point_bd67b5f22dc319c6,point_43aba354a012e137,R250_near_hh_threshold,g_hH2H2_GeV,399.3395363443919,399.39838055639336,1.473538e-04
point_bd67b5f22dc319c6,point_43aba354a012e137,R250_near_hh_threshold,width_bb_GeV,0.0007436869308702186,0.0007436869308702191,7.289372e-16
point_bd67b5f22dc319c6,point_43aba354a012e137,R250_near_hh_threshold,width_cc_GeV,3.317626322058688e-05,3.3176263220586904e-05,6.127511e-16
point_bd67b5f22dc319c6,point_43aba354a012e137,R250_near_hh_threshold,width_tautau_GeV,8.187739655596248e-05,8.187739655596254e-05,6.620888e-16
point_bd67b5f22dc319c6,point_43aba354a012e137,R250_near_hh_threshold,width_WW_GeV,0.02728772512929365,0.027287725129293734,3.051435e-15
point_bd67b5f22dc319c6,point_43aba354a012e137,R250_near_hh_threshold,width_ZZ_GeV,0.011553187046668162,0.011553187046668193,2.702719e-15
point_bd67b5f22dc319c6,point_43aba354a012e137,R250_near_hh_threshold,width_gg_GeV,0.00042705775104222727,0.00042705775104223107,8.885701e-15
point_bd67b5f22dc319c6,point_43aba354a012e137,R250_near_hh_threshold,width_gammagamma_GeV,3.639335589546595e-06,3.639335589546578e-06,-4.654877e-15
point_bd67b5f22dc319c6,point_43aba354a012e137,R250_near_hh_threshold,width_Zgamma_GeV,5.081155906558865e-06,5.081155906558874e-06,1.667008e-15
point_bd67b5f22dc319c6,point_43aba354a012e137,R250_near_hh_threshold,total_width_GeV,0.0401359903969203,0.04013599039692042,2.939038e-15
point_bd67b5f22dc319c6,point_43aba354a012e137,R250_near_hh_threshold,width_unaccounted_GeV,5.59387773380049e-07,5.593877733869879e-07,1.240444e-11
point_bd67b5f22dc319c6,point_43aba354a012e137,R250_near_hh_threshold,BR_bb,0.018529178513239902,0.01852917851323986,-2.246908e-15
point_bd67b5f22dc319c6,point_43aba354a012e137,R250_near_hh_threshold,BR_cc,0.0008265963513667911,0.0008265963513667892,-2.360964e-15
point_bd67b5f22dc319c6,point_43aba354a012e137,R250_near_hh_threshold,BR_tautau,0.0020399994056766835,0.0020399994056766787,-2.338476e-15
point_bd67b5f22dc319c6,point_43aba354a012e137,R250_near_hh_threshold,BR_WW,0.6798816936977213,0.6798816936977214,1.632965e-16
point_bd67b5f22dc319c6,point_43aba354a012e137,R250_near_hh_threshold,BR_ZZ,0.28785105169734787,0.28785105169734776,-3.856936e-16
point_bd67b5f22dc319c6,point_43aba354a012e137,R250_near_hh_threshold,BR_gg,0.01064026941453016,0.010640269414530223,6.032250e-15
point_bd67b5f22dc319c6,point_43aba354a012e137,R250_near_hh_threshold,BR_gammagamma,9.067511611289023e-05,9.067511611288953e-05,-7.622586e-15
point_bd67b5f22dc319c6,point_43aba354a012e137,R250_near_hh_threshold,BR_Zgamma,0.0001265984931805433,0.00012659849318054313,-1.284615e-15
point_bd67b5f22dc319c6,point_43aba354a012e137,R250_near_hh_threshold,ctau_physical_mm,4.916459727256194e-12,4.91645972725618e-12,-2.957470e-15
point_b4a02df5f226dfee,point_131d5319ef3d7803,R250_near_hh_threshold,campaign_id,high_mass_h2_physical_point_scan_v1,high_mass_h2_physical_point_scan_v2_mh12520,
point_b4a02df5f226dfee,point_131d5319ef3d7803,R250_near_hh_threshold,m_h_GeV,125.13,125.2,5.594182e-04
point_b4a02df5f226dfee,point_131d5319ef3d7803,R250_near_hh_threshold,lambda1,2.2709562843964273,2.2711390817080575,8.049354e-05
point_b4a02df5f226dfee,point_131d5319ef3d7803,R250_near_hh_threshold,lambda2,0.2953086552435843,0.2956242595173887,1.068727e-03
point_b4a02df5f226dfee,point_131d5319ef3d7803,R250_near_hh_threshold,lambda3,8.738610969922517,8.738851160706666,2.748615e-05
point_b4a02df5f226dfee,point_131d5319ef3d7803,R250_near_hh_threshold,g_hH2H2_GeV,253.33636169461028,253.39520590661192,2.322770e-04
point_b4a02df5f226dfee,point_131d5319ef3d7803,R250_near_hh_threshold,width_bb_GeV,0.0007436869308702186,0.0007436869308702189,4.373623e-16
point_b4a02df5f226dfee,point_131d5319ef3d7803,R250_near_hh_threshold,width_cc_GeV,3.317626322058688e-05,3.31762632205869e-05,4.085007e-16
point_b4a02df5f226dfee,point_131d5319ef3d7803,R250_near_hh_threshold,width_tautau_GeV,8.187739655596248e-05,8.187739655596247e-05,-1.655222e-16
point_b4a02df5f226dfee,point_131d5319ef3d7803,R250_near_hh_threshold,width_WW_GeV,0.02728772512929365,0.02728772512929368,1.017145e-15
point_b4a02df5f226dfee,point_131d5319ef3d7803,R250_near_hh_threshold,width_ZZ_GeV,0.011553187046668162,0.011553187046668172,9.009065e-16
point_b4a02df5f226dfee,point_131d5319ef3d7803,R250_near_hh_threshold,width_gg_GeV,0.00042705775104222727,0.00042705775104222814,2.031017e-15
point_b4a02df5f226dfee,point_131d5319ef3d7803,R250_near_hh_threshold,width_gammagamma_GeV,3.7451699774322295e-06,3.745169977432214e-06,-4.184085e-15
point_b4a02df5f226dfee,point_131d5319ef3d7803,R250_near_hh_threshold,width_Zgamma_GeV,5.151312155572569e-06,5.151312155572576e-06,1.315444e-15
point_b4a02df5f226dfee,point_131d5319ef3d7803,R250_near_hh_threshold,total_width_GeV,0.0401361663875572,0.040136166387557244,1.037303e-15
point_b4a02df5f226dfee,point_131d5319ef3d7803,R250_near_hh_threshold,width_unaccounted_GeV,5.59387773380049e-07,5.593877733869879e-07,1.240444e-11
point_b4a02df5f226dfee,point_131d5319ef3d7803,R250_near_hh_threshold,BR_bb,0.018529097265771063,0.018529097265771052,-5.617295e-16
point_b4a02df5f226dfee,point_131d5319ef3d7803,R250_near_hh_threshold,BR_cc,0.0008265927268746825,0.000826592726874682,-6.558261e-16
point_b4a02df5f226dfee,point_131d5319ef3d7803,R250_near_hh_threshold,BR_tautau,0.002039990460607261,0.0020399904606072583,-1.275538e-15
point_b4a02df5f226dfee,point_131d5319ef3d7803,R250_near_hh_threshold,BR_ZZ,0.2878497895167641,0.28784978951676404,-1.928476e-16
point_b4a02df5f226dfee,point_131d5319ef3d7803,R250_near_hh_threshold,BR_gg,0.010640222758659418,0.010640222758659428,9.782070e-16
point_b4a02df5f226dfee,point_131d5319ef3d7803,R250_near_hh_threshold,BR_gammagamma,9.331160184230467e-05,9.331160184230418e-05,-5.228621e-15
point_b4a02df5f226dfee,point_131d5319ef3d7803,R250_near_hh_threshold,BR_Zgamma,0.00012834589397081906,0.00012834589397081912,4.223751e-16
point_b4a02df5f226dfee,point_131d5319ef3d7803,R250_near_hh_threshold,ctau_physical_mm,4.916438169370711e-12,4.916438169370706e-12,-9.858278e-16
point_3643e27f3ca0b8b9,point_c03a25b32cd380d4,R250_near_hh_threshold,campaign_id,high_mass_h2_physical_point_scan_v1,high_mass_h2_physical_point_scan_v2_mh12520,
point_3643e27f3ca0b8b9,point_c03a25b32cd380d4,R250_near_hh_threshold,m_h_GeV,125.13,125.2,5.594182e-04
point_3643e27f3ca0b8b9,point_c03a25b32cd380d4,R250_near_hh_threshold,lambda1,0.6742438923791644,0.6744266896907942,2.711145e-04
point_3643e27f3ca0b8b9,point_c03a25b32cd380d4,R250_near_hh_threshold,lambda2,0.19551413074250534,0.19582973501630974,1.614227e-03
point_3643e27f3ca0b8b9,point_c03a25b32cd380d4,R250_near_hh_threshold,lambda3,8.3394328719182,8.339673062702351,2.880181e-05
point_3643e27f3ca0b8b9,point_c03a25b32cd380d4,R250_near_hh_threshold,g_hH2H2_GeV,107.33318704482838,107.39203125682997,5.482387e-04
point_3643e27f3ca0b8b9,point_c03a25b32cd380d4,R250_near_hh_threshold,width_bb_GeV,0.0007436869308702186,0.0007436869308702188,2.915749e-16
point_3643e27f3ca0b8b9,point_c03a25b32cd380d4,R250_near_hh_threshold,width_cc_GeV,3.317626322058688e-05,3.317626322058689e-05,2.042504e-16
point_3643e27f3ca0b8b9,point_c03a25b32cd380d4,R250_near_hh_threshold,width_tautau_GeV,8.187739655596248e-05,8.18773965559625e-05,1.655222e-16
point_3643e27f3ca0b8b9,point_c03a25b32cd380d4,R250_near_hh_threshold,width_WW_GeV,0.02728772512929365,0.027287725129293713,2.288576e-15
point_3643e27f3ca0b8b9,point_c03a25b32cd380d4,R250_near_hh_threshold,width_ZZ_GeV,0.011553187046668162,0.011553187046668184,1.951964e-15
point_3643e27f3ca0b8b9,point_c03a25b32cd380d4,R250_near_hh_threshold,width_gg_GeV,0.00042705775104222727,0.00042705775104222884,3.681219e-15
point_3643e27f3ca0b8b9,point_c03a25b32cd380d4,R250_near_hh_threshold,width_gammagamma_GeV,3.852866691351892e-06,3.852866691351896e-06,1.099224e-15
point_3643e27f3ca0b8b9,point_c03a25b32cd380d4,R250_near_hh_threshold,width_Zgamma_GeV,5.222589383329689e-06,5.222589383329696e-06,1.297491e-15
point_3643e27f3ca0b8b9,point_c03a25b32cd380d4,R250_near_hh_threshold,total_width_GeV,0.04013634536149888,0.04013634536149897,2.074597e-15
point_3643e27f3ca0b8b9,point_c03a25b32cd380d4,R250_near_hh_threshold,BR_bb,0.01852901464176672,0.01852901464176669,-1.685196e-15
point_3643e27f3ca0b8b9,point_c03a25b32cd380d4,R250_near_hh_threshold,BR_cc,0.0008265890409746046,0.0008265890409746031,-1.836321e-15
point_3643e27f3ca0b8b9,point_c03a25b32cd380d4,R250_near_hh_threshold,BR_tautau,0.002039981363985971,0.002039981363985967,-1.913315e-15
point_3643e27f3ca0b8b9,point_c03a25b32cd380d4,R250_near_hh_threshold,BR_WW,0.6798756808453623,0.6798756808453624,1.632979e-16
point_3643e27f3ca0b8b9,point_c03a25b32cd380d4,R250_near_hh_threshold,BR_ZZ,0.28784850595168165,0.2878485059516816,-1.928485e-16
point_3643e27f3ca0b8b9,point_c03a25b32cd380d4,R250_near_hh_threshold,BR_gg,0.010640175312321433,0.01064017531232145,1.630352e-15
point_3643e27f3ca0b8b9,point_c03a25b32cd380d4,R250_near_hh_threshold,BR_gammagamma,9.599445730920448e-05,9.599445730920438e-05,-9.882622e-16
point_3643e27f3ca0b8b9,point_c03a25b32cd380d4,R250_near_hh_threshold,BR_Zgamma,0.00013012119903521411,0.000130121199035214,-8.332249e-16
point_3643e27f3ca0b8b9,point_c03a25b32cd380d4,R250_near_hh_threshold,ctau_physical_mm,4.916416246240683e-12,4.916416246240673e-12,-1.971664e-15
point_d17dd8e1281d76f1,point_4f554ffb3e76ddfe,R250_near_hh_threshold,campaign_id,high_mass_h2_physical_point_scan_v1,high_mass_h2_physical_point_scan_v2_mh12520,
point_d17dd8e1281d76f1,point_4f554ffb3e76ddfe,R250_near_hh_threshold,m_h_GeV,125.13,125.2,5.594182e-04
point_d17dd8e1281d76f1,point_4f554ffb3e76ddfe,R250_near_hh_threshold,lambda1,4.1676686767136895,4.16785147402532,4.386081e-05
point_d17dd8e1281d76f1,point_4f554ffb3e76ddfe,R250_near_hh_threshold,lambda2,0.3888531797384134,0.38916878401221777,8.116284e-04
point_d17dd8e1281d76f1,point_4f554ffb3e76ddfe,R250_near_hh_threshold,lambda3,9.162789067951834,9.163029258735984,2.621372e-05
point_d17dd8e1281d76f1,point_4f554ffb3e76ddfe,R250_near_hh_threshold,g_hH2H2_GeV,394.77466841666,394.8335126286615,1.490577e-04
point_d17dd8e1281d76f1,point_4f554ffb3e76ddfe,R250_near_hh_threshold,width_bb_GeV,0.0007436869308702188,0.0007436869308702191,4.373623e-16
point_d17dd8e1281d76f1,point_4f554ffb3e76ddfe,R250_near_hh_threshold,width_cc_GeV,3.317626322058689e-05,3.3176263220586904e-05,4.085007e-16
point_d17dd8e1281d76f1,point_4f554ffb3e76ddfe,R250_near_hh_threshold,width_tautau_GeV,8.18773965559625e-05,8.187739655596254e-05,4.965666e-16
point_d17dd8e1281d76f1,point_4f554ffb3e76ddfe,R250_near_hh_threshold,width_WW_GeV,0.027287725129293713,0.027287725129293734,7.628588e-16
point_d17dd8e1281d76f1,point_4f554ffb3e76ddfe,R250_near_hh_threshold,width_ZZ_GeV,0.011553187046668184,0.011553187046668193,7.507554e-16
point_d17dd8e1281d76f1,point_4f554ffb3e76ddfe,R250_near_hh_threshold,width_gg_GeV,0.00042705775104222884,0.00042705775104223107,5.204482e-15
point_d17dd8e1281d76f1,point_4f554ffb3e76ddfe,R250_near_hh_threshold,width_gammagamma_GeV,3.629686069425339e-06,3.6296860694253185e-06,-5.717383e-15
point_d17dd8e1281d76f1,point_4f554ffb3e76ddfe,R250_near_hh_threshold,width_Zgamma_GeV,5.07475365723895e-06,5.0747536572389506e-06,1.669111e-16
point_d17dd8e1281d76f1,point_4f554ffb3e76ddfe,R250_near_hh_threshold,total_width_GeV,0.04013597434515095,0.04013597434515098,8.644233e-16
point_d17dd8e1281d76f1,point_4f554ffb3e76ddfe,R250_near_hh_threshold,width_unaccounted_GeV,5.59387773380049e-07,5.593877733869879e-07,1.240444e-11
point_d17dd8e1281d76f1,point_4f554ffb3e76ddfe,R250_near_hh_threshold,BR_bb,0.018529185923701584,0.018529185923701577,-3.744846e-16
point_d17dd8e1281d76f1,point_4f554ffb3e76ddfe,R250_near_hh_threshold,BR_cc,0.0008265966819513651,0.0008265966819513648,-3.934938e-16
point_d17dd8e1281d76f1,point_4f554ffb3e76ddfe,R250_near_hh_threshold,BR_tautau,0.002040000221543259,0.0020400002215432583,-4.251773e-16
point_d17dd8e1281d76f1,point_4f554ffb3e76ddfe,R250_near_hh_threshold,BR_WW,0.6798819656060124,0.6798819656060123,-1.632964e-16
point_d17dd8e1281d76f1,point_4f554ffb3e76ddfe,R250_near_hh_threshold,BR_gg,0.010640273669943285,0.010640273669943332,4.401911e-15
point_d17dd8e1281d76f1,point_4f554ffb3e76ddfe,R250_near_hh_threshold,BR_gammagamma,9.043473165025734e-05,9.043473165025675e-05,-6.593829e-15
point_d17dd8e1281d76f1,point_4f554ffb3e76ddfe,R250_near_hh_threshold,BR_Zgamma,0.000126439029823928,0.00012643902982392791,-6.431176e-16
point_d17dd8e1281d76f1,point_4f554ffb3e76ddfe,R250_near_hh_threshold,ctau_physical_mm,4.916461693519101e-12,4.916461693519096e-12,-9.858231e-16
point_ce8ec4575eddef99,point_5bb3c2384c8a7eca,R250_near_hh_threshold,campaign_id,high_mass_h2_physical_point_scan_v1,high_mass_h2_physical_point_scan_v2_mh12520,
point_ce8ec4575eddef99,point_5bb3c2384c8a7eca,R250_near_hh_threshold,m_h_GeV,125.13,125.2,5.594182e-04
point_ce8ec4575eddef99,point_5bb3c2384c8a7eca,R250_near_hh_threshold,lambda1,2.570956284696427,2.5711390820080573,7.110090e-05
point_ce8ec4575eddef99,point_5bb3c2384c8a7eca,R250_near_hh_threshold,lambda2,0.2890586552373343,0.2893742595111387,1.091835e-03
point_ce8ec4575eddef99,point_5bb3c2384c8a7eca,R250_near_hh_threshold,lambda3,8.763610969947518,8.763851160731667,2.740774e-05
point_ce8ec4575eddef99,point_5bb3c2384c8a7eca,R250_near_hh_threshold,g_hH2H2_GeV,248.77149376687845,248.83033797888004,2.365392e-04
point_ce8ec4575eddef99,point_5bb3c2384c8a7eca,R250_near_hh_threshold,width_bb_GeV,0.0007436869308702186,0.0007436869308702187,1.457874e-16
point_ce8ec4575eddef99,point_5bb3c2384c8a7eca,R250_near_hh_threshold,width_cc_GeV,3.317626322058688e-05,3.317626322058689e-05,2.042504e-16
point_ce8ec4575eddef99,point_5bb3c2384c8a7eca,R250_near_hh_threshold,width_WW_GeV,0.02728772512929365,0.02728772512929366,3.814294e-16
point_ce8ec4575eddef99,point_5bb3c2384c8a7eca,R250_near_hh_threshold,width_ZZ_GeV,0.011553187046668162,0.011553187046668169,6.006043e-16
point_ce8ec4575eddef99,point_5bb3c2384c8a7eca,R250_near_hh_threshold,width_gg_GeV,0.00042705775104222727,0.0004270577510422282,2.157956e-15
point_ce8ec4575eddef99,point_5bb3c2384c8a7eca,R250_near_hh_threshold,width_gammagamma_GeV,3.7353490112048647e-06,3.735349011204847e-06,-4.761989e-15
point_ce8ec4575eddef99,point_5bb3c2384c8a7eca,R250_near_hh_threshold,width_Zgamma_GeV,5.144806708725965e-06,5.1448067087259695e-06,8.231922e-16
point_ce8ec4575eddef99,point_5bb3c2384c8a7eca,R250_near_hh_threshold,total_width_GeV,0.04013615006114413,0.04013615006114415,5.186517e-16
point_ce8ec4575eddef99,point_5bb3c2384c8a7eca,R250_near_hh_threshold,width_unaccounted_GeV,5.59387773380049e-07,5.593877733869879e-07,1.240444e-11
point_ce8ec4575eddef99,point_5bb3c2384c8a7eca,R250_near_hh_threshold,BR_bb,0.018529104802958746,0.01852910480295874,-3.744862e-16
point_ce8ec4575eddef99,point_5bb3c2384c8a7eca,R250_near_hh_threshold,BR_cc,0.0008265930631125699,0.0008265930631125697,-2.623303e-16
point_ce8ec4575eddef99,point_5bb3c2384c8a7eca,R250_near_hh_threshold,BR_tautau,0.0020399912904259378,0.0020399912904259365,-6.377687e-16
point_ce8ec4575eddef99,point_5bb3c2384c8a7eca,R250_near_hh_threshold,BR_WW,0.6798789890839815,0.6798789890839814,-1.632972e-16
point_ce8ec4575eddef99,point_5bb3c2384c8a7eca,R250_near_hh_threshold,BR_gg,0.01064022708684415,0.01064022708684417,1.793379e-15
point_ce8ec4575eddef99,point_5bb3c2384c8a7eca,R250_near_hh_threshold,BR_gammagamma,9.306694851186194e-05,9.306694851186144e-05,-5.387987e-15
point_ce8ec4575eddef99,point_5bb3c2384c8a7eca,R250_near_hh_threshold,BR_Zgamma,0.00012818386170293552,0.00012818386170293554,2.114545e-16
point_ce8ec4575eddef99,point_5bb3c2384c8a7eca,R250_near_hh_threshold,ctau_physical_mm,4.9164401692586e-12,4.916440169258598e-12,-4.929137e-16
point_d91b5fad37559a68,point_7589c2a73906f437,R250_near_hh_threshold,campaign_id,high_mass_h2_physical_point_scan_v1,high_mass_h2_physical_point_scan_v2_mh12520,
point_d91b5fad37559a68,point_7589c2a73906f437,R250_near_hh_threshold,m_h_GeV,125.13,125.2,5.594182e-04
point_d91b5fad37559a68,point_7589c2a73906f437,R250_near_hh_threshold,lambda1,0.9742438926791643,0.9744266899907943,1.876299e-04
point_d91b5fad37559a68,point_7589c2a73906f437,R250_near_hh_threshold,lambda2,0.18926413073625534,0.18957973501005973,1.667533e-03
point_d91b5fad37559a68,point_7589c2a73906f437,R250_near_hh_threshold,lambda3,8.364432871943201,8.364673062727352,2.871573e-05
point_d91b5fad37559a68,point_7589c2a73906f437,R250_near_hh_threshold,g_hH2H2_GeV,102.76831911709667,102.82716332909882,5.725910e-04
point_d91b5fad37559a68,point_7589c2a73906f437,R250_near_hh_threshold,width_bb_GeV,0.0007436869308702186,0.0007436869308702189,4.373623e-16
point_d91b5fad37559a68,point_7589c2a73906f437,R250_near_hh_threshold,width_cc_GeV,3.317626322058688e-05,3.3176263220586904e-05,6.127511e-16
point_d91b5fad37559a68,point_7589c2a73906f437,R250_near_hh_threshold,width_tautau_GeV,8.187739655596248e-05,8.187739655596252e-05,4.965666e-16
point_d91b5fad37559a68,point_7589c2a73906f437,R250_near_hh_threshold,width_WW_GeV,0.02728772512929365,0.0272877251292937,1.780004e-15
point_d91b5fad37559a68,point_7589c2a73906f437,R250_near_hh_threshold,width_ZZ_GeV,0.011553187046668162,0.011553187046668191,2.552568e-15
point_d91b5fad37559a68,point_7589c2a73906f437,R250_near_hh_threshold,width_gg_GeV,0.00042705775104222727,0.00042705775104222857,3.046526e-15
point_d91b5fad37559a68,point_7589c2a73906f437,R250_near_hh_threshold,width_gammagamma_GeV,3.842874279018424e-06,3.842874279018418e-06,-1.542916e-15
point_d91b5fad37559a68,point_7589c2a73906f437,R250_near_hh_threshold,width_Zgamma_GeV,5.215980738956407e-06,5.215980738956409e-06,4.871757e-16
point_d91b5fad37559a68,point_7589c2a73906f437,R250_near_hh_threshold,total_width_GeV,0.04013632876044217,0.04013632876044225,1.901714e-15
point_d91b5fad37559a68,point_7589c2a73906f437,R250_near_hh_threshold,BR_bb,0.018529022305677007,0.01852902230567698,-1.497951e-15
point_d91b5fad37559a68,point_7589c2a73906f437,R250_near_hh_threshold,BR_cc,0.0008265893828656536,0.0008265893828656527,-1.180492e-15
point_d91b5fad37559a68,point_7589c2a73906f437,R250_near_hh_threshold,BR_tautau,0.0020399822077563743,0.002039982207756371,-1.488134e-15
point_d91b5fad37559a68,point_7589c2a73906f437,R250_near_hh_threshold,BR_WW,0.6798759620533124,0.6798759620533122,-1.632979e-16
point_d91b5fad37559a68,point_7589c2a73906f437,R250_near_hh_threshold,BR_ZZ,0.28784862501063696,0.2878486250106371,5.785452e-16
point_d91b5fad37559a68,point_7589c2a73906f437,R250_near_hh_threshold,BR_gg,0.01064017971327586,0.010640179713275872,1.141246e-15
point_d91b5fad37559a68,point_7589c2a73906f437,R250_near_hh_threshold,BR_gammagamma,9.57455352220931e-05,9.574553522209277e-05,-3.397136e-15
point_d91b5fad37559a68,point_7589c2a73906f437,R250_near_hh_threshold,BR_Zgamma,0.000129956597926246,0.00012995659792624582,-1.459990e-15
point_d91b5fad37559a68,point_7589c2a73906f437,R250_near_hh_threshold,ctau_physical_mm,4.916418279752652e-12,4.9164182797526425e-12,-1.971664e-15
point_73be170a96612738,point_6bc45f1c25f66fad,R250_near_hh_threshold,campaign_id,high_mass_h2_physical_point_scan_v1,high_mass_h2_physical_point_scan_v2_mh12520,
point_73be170a96612738,point_6bc45f1c25f66fad,R250_near_hh_threshold,m_h_GeV,125.13,125.2,5.594182e-04
point_73be170a96612738,point_6bc45f1c25f66fad,R250_near_hh_threshold,lambda1,0.9158823742230235,0.9159533760252814,7.752284e-05
point_73be170a96612738,point_6bc45f1c25f66fad,R250_near_hh_threshold,lambda2,0.23667519148091,0.23697295600544394,1.258115e-03
point_73be170a96612738,point_6bc45f1c25f66fad,R250_near_hh_threshold,lambda3,8.582820099743667,8.582965502005997,1.694108e-05
point_73be170a96612738,point_6bc45f1c25f66fad,R250_near_hh_threshold,g_hH2H2_GeV,165.25696118836868,165.29258321100502,2.155554e-04
point_73be170a96612738,point_6bc45f1c25f66fad,R250_near_hh_threshold,width_bb_GeV,4.6217845928951245e-05,4.621784592895127e-05,5.864630e-16
point_73be170a96612738,point_6bc45f1c25f66fad,R250_near_hh_threshold,width_cc_GeV,2.0618022966104793e-06,2.0618022966104797e-06,2.054108e-16
point_73be170a96612738,point_6bc45f1c25f66fad,R250_near_hh_threshold,width_tautau_GeV,5.088427323388715e-06,5.0884273233887165e-06,3.329252e-16
point_73be170a96612738,point_6bc45f1c25f66fad,R250_near_hh_threshold,width_WW_GeV,0.02728772512929365,0.027287725129293713,2.288576e-15
point_73be170a96612738,point_6bc45f1c25f66fad,R250_near_hh_threshold,width_ZZ_GeV,0.011553187046668162,0.011553187046668184,1.951964e-15
point_73be170a96612738,point_6bc45f1c25f66fad,R250_near_hh_threshold,width_gg_GeV,2.654032028953122e-05,2.65403202895313e-05,3.063835e-15
point_73be170a96612738,point_6bc45f1c25f66fad,R250_near_hh_threshold,width_gammagamma_GeV,1.6939258784643442e-06,1.6939258784643463e-06,1.250103e-15
point_73be170a96612738,point_6bc45f1c25f66fad,R250_near_hh_threshold,width_Zgamma_GeV,4.270986335762482e-06,4.270986335762486e-06,9.916128e-16
point_73be170a96612738,point_6bc45f1c25f66fad,R250_near_hh_threshold,total_width_GeV,0.03892682024823701,0.03892682024823709,2.139058e-15
point_73be170a96612738,point_6bc45f1c25f66fad,R250_near_hh_threshold,width_unaccounted_GeV,3.4764222493766095e-08,3.47642224868272e-08,-1.995987e-10
point_73be170a96612738,point_6bc45f1c25f66fad,R250_near_hh_threshold,BR_bb,0.0011873008284318946,0.0011873008284318926,-1.643698e-15
point_73be170a96612738,point_6bc45f1c25f66fad,R250_near_hh_threshold,BR_cc,5.296611137160267e-05,5.296611137160257e-05,-1.919037e-15
point_73be170a96612738,point_6bc45f1c25f66fad,R250_near_hh_threshold,BR_tautau,0.00013071777481283407,0.00013071777481283382,-1.866200e-15
point_73be170a96612738,point_6bc45f1c25f66fad,R250_near_hh_threshold,BR_WW,0.7010006200167225,0.7010006200167226,1.583769e-16
point_73be170a96612738,point_6bc45f1c25f66fad,R250_near_hh_threshold,BR_ZZ,0.296792467840766,0.29679246784076596,-1.870369e-16
point_73be170a96612738,point_6bc45f1c25f66fad,R250_near_hh_threshold,BR_gg,0.0006818003659246538,0.0006818003659246545,9.541228e-16
point_73be170a96612738,point_6bc45f1c25f66fad,R250_near_hh_threshold,BR_gammagamma,4.35156498183553e-05,4.351564981835526e-05,-9.343209e-16
point_73be170a96612738,point_6bc45f1c25f66fad,R250_near_hh_threshold,BR_Zgamma,0.00010971834607929257,0.00010971834607929244,-1.111690e-15
point_73be170a96612738,point_6bc45f1c25f66fad,R250_near_hh_threshold,ctau_physical_mm,5.069177989407879e-12,5.069177989407869e-12,-2.071601e-15
point_9c95db9064407b94,point_cfe2c30d1d42ff41,R250_near_hh_threshold,campaign_id,high_mass_h2_physical_point_scan_v1,high_mass_h2_physical_point_scan_v2_mh12520,
point_9c95db9064407b94,point_cfe2c30d1d42ff41,R250_near_hh_threshold,m_h_GeV,125.13,125.2,5.594182e-04
point_9c95db9064407b94,point_cfe2c30d1d42ff41,R250_near_hh_threshold,lambda1,1.6658823742230238,1.6659533760252816,4.262114e-05
point_9c95db9064407b94,point_cfe2c30d1d42ff41,R250_near_hh_threshold,lambda2,0.23627519148091,0.23657295600544392,1.260245e-03
point_9c95db9064407b94,point_cfe2c30d1d42ff41,R250_near_hh_threshold,lambda3,8.592820099743667,8.592965502005997,1.692137e-05
point_9c95db9064407b94,point_cfe2c30d1d42ff41,R250_near_hh_threshold,g_hH2H2_GeV,161.45899107629384,161.4946130989302,2.206258e-04
point_9c95db9064407b94,point_cfe2c30d1d42ff41,R250_near_hh_threshold,width_bb_GeV,4.621784592895122e-05,4.6217845928951306e-05,1.906005e-15
point_9c95db9064407b94,point_cfe2c30d1d42ff41,R250_near_hh_threshold,width_cc_GeV,2.061802296610478e-06,2.061802296610481e-06,1.437876e-15
point_9c95db9064407b94,point_cfe2c30d1d42ff41,R250_near_hh_threshold,width_tautau_GeV,5.088427323388711e-06,5.088427323388721e-06,1.997551e-15
point_9c95db9064407b94,point_cfe2c30d1d42ff41,R250_near_hh_threshold,width_WW_GeV,0.02728772512929358,0.027287725129293762,6.611443e-15
point_9c95db9064407b94,point_cfe2c30d1d42ff41,R250_near_hh_threshold,width_ZZ_GeV,0.011553187046668127,0.01155318704666821,7.207252e-15
point_9c95db9064407b94,point_cfe2c30d1d42ff41,R250_near_hh_threshold,width_gg_GeV,2.654032028953125e-05,2.6540320289531388e-05,5.234052e-15
point_9c95db9064407b94,point_cfe2c30d1d42ff41,R250_near_hh_threshold,width_gammagamma_GeV,1.6892145326568324e-06,1.6892145326568351e-06,1.629667e-15
point_9c95db9064407b94,point_cfe2c30d1d42ff41,R250_near_hh_threshold,width_Zgamma_GeV,4.266763217407375e-06,4.266763217407385e-06,2.382226e-15
point_9c95db9064407b94,point_cfe2c30d1d42ff41,R250_near_hh_threshold,total_width_GeV,0.03892681131377274,0.038926811313773006,6.773685e-15
point_9c95db9064407b94,point_cfe2c30d1d42ff41,R250_near_hh_threshold,BR_bb,0.001187301100940647,0.0011873011009406415,-4.748460e-15
point_9c95db9064407b94,point_cfe2c30d1d42ff41,R250_near_hh_threshold,BR_cc,5.296612352836075e-05,5.296612352836047e-05,-5.373304e-15
point_9c95db9064407b94,point_cfe2c30d1d42ff41,R250_near_hh_threshold,BR_tautau,0.00013071780481511898,0.00013071780481511836,-4.769176e-15
point_9c95db9064407b94,point_cfe2c30d1d42ff41,R250_near_hh_threshold,BR_WW,0.7010007809100685,0.7010007809100683,-1.583769e-16
point_9c95db9064407b94,point_cfe2c30d1d42ff41,R250_near_hh_threshold,BR_ZZ,0.2967925359604392,0.2967925359604393,3.740738e-16
point_9c95db9064407b94,point_cfe2c30d1d42ff41,R250_near_hh_threshold,BR_gg,0.0006818005224111687,0.0006818005224111677,-1.431184e-15
point_9c95db9064407b94,point_cfe2c30d1d42ff41,R250_near_hh_threshold,BR_gammagamma,4.3394628936872856e-05,4.339462893687263e-05,-5.153096e-15
point_9c95db9064407b94,point_cfe2c30d1d42ff41,R250_near_hh_threshold,BR_Zgamma,0.0001096098825823359,0.00010960988258233541,-4.451159e-15
point_9c95db9064407b94,point_cfe2c30d1d42ff41,R250_near_hh_threshold,ctau_physical_mm,5.069179152883337e-12,5.069179152883302e-12,-6.852219e-15
point_2e643246e1276934,point_d06407ed61169e59,R250_near_hh_threshold,campaign_id,high_mass_h2_physical_point_scan_v1,high_mass_h2_physical_point_scan_v2_mh12520,
point_2e643246e1276934,point_d06407ed61169e59,R250_near_hh_threshold,m_h_GeV,125.13,125.2,5.594182e-04
point_2e643246e1276934,point_d06407ed61169e59,R250_near_hh_threshold,lambda1,1.6658823734730237,1.6659533752752815,4.262114e-05
point_2e643246e1276934,point_d06407ed61169e59,R250_near_hh_threshold,lambda2,0.23627519148131002,0.23657295600584394,1.260245e-03
point_2e643246e1276934,point_d06407ed61169e59,R250_near_hh_threshold,lambda3,8.592820099733668,8.592965501995998,1.692137e-05
point_2e643246e1276934,point_d06407ed61169e59,R250_near_hh_threshold,g_hH2H2_GeV,161.4589910800919,161.49461310272864,2.206258e-04
point_2e643246e1276934,point_d06407ed61169e59,R250_near_hh_threshold,width_bb_GeV,4.6217845928951245e-05,4.6217845928951306e-05,1.319542e-15
point_2e643246e1276934,point_d06407ed61169e59,R250_near_hh_threshold,width_cc_GeV,2.0618022966104793e-06,2.061802296610481e-06,8.216432e-16
point_2e643246e1276934,point_d06407ed61169e59,R250_near_hh_threshold,width_tautau_GeV,5.088427323388715e-06,5.088427323388721e-06,1.165238e-15
point_2e643246e1276934,point_d06407ed61169e59,R250_near_hh_threshold,width_WW_GeV,0.02728772512929365,0.027287725129293762,4.068580e-15
point_2e643246e1276934,point_d06407ed61169e59,R250_near_hh_threshold,width_ZZ_GeV,0.011553187046668162,0.01155318704666821,4.204230e-15
point_2e643246e1276934,point_d06407ed61169e59,R250_near_hh_threshold,width_gg_GeV,2.654032028953122e-05,2.6540320289531388e-05,6.382990e-15
point_2e643246e1276934,point_d06407ed61169e59,R250_near_hh_threshold,width_gammagamma_GeV,1.6892145326615396e-06,1.6892145326615408e-06,7.521540e-16
point_2e643246e1276934,point_d06407ed61169e59,R250_near_hh_threshold,width_Zgamma_GeV,4.2667632174115964e-06,4.266763217411606e-06,2.183707e-15
point_2e643246e1276934,point_d06407ed61169e59,R250_near_hh_threshold,total_width_GeV,0.038926811313772854,0.038926811313773006,3.921607e-15
point_2e643246e1276934,point_d06407ed61169e59,R250_near_hh_threshold,width_unaccounted_GeV,3.4764222493766095e-08,3.476422247988831e-08,-3.991974e-10
point_2e643246e1276934,point_d06407ed61169e59,R250_near_hh_threshold,BR_bb,0.0011873011009406445,0.0011873011009406415,-2.556863e-15
point_2e643246e1276934,point_d06407ed61169e59,R250_near_hh_threshold,BR_cc,5.296612352836064e-05,5.296612352836047e-05,-3.198395e-15
point_2e643246e1276934,point_d06407ed61169e59,R250_near_hh_threshold,BR_tautau,0.0001307178048151187,0.00013071780481511836,-2.695621e-15
point_2e643246e1276934,point_d06407ed61169e59,R250_near_hh_threshold,BR_WW,0.7010007809100682,0.7010007809100683,1.583769e-16
point_2e643246e1276934,point_d06407ed61169e59,R250_near_hh_threshold,BR_ZZ,0.2967925359604392,0.2967925359604393,3.740738e-16
point_2e643246e1276934,point_d06407ed61169e59,R250_near_hh_threshold,BR_gg,0.000681800522411166,0.0006818005224111677,2.544327e-15
point_2e643246e1276934,point_d06407ed61169e59,R250_near_hh_threshold,BR_gammagamma,4.3394628936993656e-05,4.339462893699352e-05,-3.123089e-15
point_2e643246e1276934,point_d06407ed61169e59,R250_near_hh_threshold,BR_Zgamma,0.00010960988258244403,0.00010960988258244384,-1.731006e-15
point_2e643246e1276934,point_d06407ed61169e59,R250_near_hh_threshold,ctau_physical_mm,5.0691791528833225e-12,5.069179152883302e-12,-3.983848e-15
point_17a6304d1e652717,point_d2998b9cf3885908,R250_near_hh_threshold,campaign_id,high_mass_h2_physical_point_scan_v1,high_mass_h2_physical_point_scan_v2_mh12520,
point_17a6304d1e652717,point_d2998b9cf3885908,R250_near_hh_threshold,m_h_GeV,125.13,125.2,5.594182e-04
point_17a6304d1e652717,point_d2998b9cf3885908,R250_near_hh_threshold,lambda1,2.415882374223024,2.415953376025282,2.938959e-05
point_17a6304d1e652717,point_d2998b9cf3885908,R250_near_hh_threshold,lambda2,0.23587519148091,0.2361729560054439,1.262382e-03
point_17a6304d1e652717,point_d2998b9cf3885908,R250_near_hh_threshold,lambda3,8.602820099743667,8.602965502005997,1.690170e-05
point_17a6304d1e652717,point_d2998b9cf3885908,R250_near_hh_threshold,g_hH2H2_GeV,157.661020964219,157.69664298685535,2.259406e-04
point_17a6304d1e652717,point_d2998b9cf3885908,R250_near_hh_threshold,width_bb_GeV,4.6217845928951245e-05,4.621784592895127e-05,5.864630e-16
point_17a6304d1e652717,point_d2998b9cf3885908,R250_near_hh_threshold,width_cc_GeV,2.0618022966104793e-06,2.0618022966104797e-06,2.054108e-16
point_17a6304d1e652717,point_d2998b9cf3885908,R250_near_hh_threshold,width_tautau_GeV,5.088427323388715e-06,5.0884273233887165e-06,3.329252e-16
point_17a6304d1e652717,point_d2998b9cf3885908,R250_near_hh_threshold,width_WW_GeV,0.02728772512929365,0.027287725129293713,2.288576e-15
point_17a6304d1e652717,point_d2998b9cf3885908,R250_near_hh_threshold,width_ZZ_GeV,0.011553187046668162,0.011553187046668184,1.951964e-15
point_17a6304d1e652717,point_d2998b9cf3885908,R250_near_hh_threshold,width_gg_GeV,2.654032028953122e-05,2.65403202895313e-05,3.063835e-15
point_17a6304d1e652717,point_d2998b9cf3885908,R250_near_hh_threshold,width_gammagamma_GeV,1.6845141124717767e-06,1.6845141124717784e-06,1.005670e-15
point_17a6304d1e652717,point_d2998b9cf3885908,R250_near_hh_threshold,width_Zgamma_GeV,4.2625466754466865e-06,4.262546675446691e-06,9.935762e-16
point_17a6304d1e652717,point_d2998b9cf3885908,R250_near_hh_threshold,total_width_GeV,0.0389268023968107,0.03892680239681078,2.139059e-15
point_17a6304d1e652717,point_d2998b9cf3885908,R250_near_hh_threshold,width_unaccounted_GeV,3.4764222493766095e-08,3.47642224868272e-08,-1.995987e-10
point_17a6304d1e652717,point_d2998b9cf3885908,R250_near_hh_threshold,BR_bb,0.0011873013729156933,0.0011873013729156916,-1.461064e-15
point_17a6304d1e652717,point_d2998b9cf3885908,R250_near_hh_threshold,BR_cc,5.296613566130991e-05,5.296613566130981e-05,-1.919037e-15
point_17a6304d1e652717,point_d2998b9cf3885908,R250_near_hh_threshold,BR_tautau,0.0001307178347586447,0.00013071783475864445,-1.866199e-15
point_17a6304d1e652717,point_d2998b9cf3885908,R250_near_hh_threshold,BR_WW,0.7010009414883087,0.7010009414883088,1.583768e-16
point_17a6304d1e652717,point_d2998b9cf3885908,R250_near_hh_threshold,BR_ZZ,0.29679260394670187,0.2967926039467018,-1.870368e-16
point_17a6304d1e652717,point_d2998b9cf3885908,R250_near_hh_threshold,BR_gg,0.0006818006785912034,0.000681800678591204,9.541224e-16
point_17a6304d1e652717,point_d2998b9cf3885908,R250_near_hh_threshold,BR_gammagamma,4.3273888651326527e-05,4.327388865132648e-05,-1.096131e-15
point_17a6304d1e652717,point_d2998b9cf3885908,R250_near_hh_threshold,BR_Zgamma,0.00010950158792893608,0.00010950158792893596,-1.113890e-15
point_17a6304d1e652717,point_d2998b9cf3885908,R250_near_hh_threshold,ctau_physical_mm,5.06918031408013e-12,5.069180314080119e-12,-2.071600e-15
point_ed01bc112d6f96eb,point_2452f60373a83f9a,R250_near_hh_threshold,campaign_id,high_mass_h2_physical_point_scan_v1,high_mass_h2_physical_point_scan_v2_mh12520,
point_ed01bc112d6f96eb,point_2452f60373a83f9a,R250_near_hh_threshold,m_h_GeV,125.13,125.2,5.594182e-04
point_ed01bc112d6f96eb,point_2452f60373a83f9a,R250_near_hh_threshold,lambda1,2.8299168548867177,2.8299168589496997,1.435725e-09
point_ed01bc112d6f96eb,point_2452f60373a83f9a,R250_near_hh_threshold,lambda2,0.25092351540721886,0.25121544867677226,1.163435e-03
point_ed01bc112d6f96eb,point_2452f60373a83f9a,R250_near_hh_threshold,lambda3,8.979418542708023,8.979417453618446,-1.212873e-07
point_ed01bc112d6f96eb,point_2452f60373a83f9a,R250_near_hh_threshold,g_hH2H2_GeV,248.79637423207737,248.79610741660315,-1.072425e-06
point_ed01bc112d6f96eb,point_2452f60373a83f9a,R250_near_hh_threshold,width_bb_GeV,6.611864554607017e-10,6.611864554607003e-10,-2.032964e-15
point_ed01bc112d6f96eb,point_2452f60373a83f9a,R250_near_hh_threshold,width_cc_GeV,2.949587383307051e-11,2.949587383307045e-11,-1.971840e-15
point_ed01bc112d6f96eb,point_2452f60373a83f9a,R250_near_hh_threshold,width_tautau_GeV,7.279437538030749e-11,7.279437538030734e-11,-2.130609e-15
point_ed01bc112d6f96eb,point_2452f60373a83f9a,R250_near_hh_threshold,width_WW_GeV,0.02728772512929387,0.02728772512929362,-9.154306e-15
point_ed01bc112d6f96eb,point_2452f60373a83f9a,R250_near_hh_threshold,width_ZZ_GeV,0.011553187046668252,0.01155318704666815,-8.858914e-15
point_ed01bc112d6f96eb,point_2452f60373a83f9a,R250_near_hh_threshold,width_gg_GeV,3.7968234880535707e-10,3.79682348805354e-10,-8.033633e-15
point_ed01bc112d6f96eb,point_2452f60373a83f9a,R250_near_hh_threshold,width_gammagamma_GeV,1.2282484244528006e-06,1.2282484244527974e-06,-2.586100e-15
point_ed01bc112d6f96eb,point_2452f60373a83f9a,R250_near_hh_threshold,width_Zgamma_GeV,3.997804787777367e-06,3.997804787777349e-06,-4.449365e-15
point_ed01bc112d6f96eb,point_2452f60373a83f9a,R250_near_hh_threshold,total_width_GeV,0.03884613937283074,0.038846139372830386,-9.109878e-15
point_ed01bc112d6f96eb,point_2452f60373a83f9a,R250_near_hh_threshold,width_unaccounted_GeV,4.973382816686467e-13,4.973313427747428e-13,-1.395206e-05
point_ed01bc112d6f96eb,point_2452f60373a83f9a,R250_near_hh_threshold,BR_bb,1.7020647769264302e-08,1.702064776926442e-08,6.998207e-15
point_ed01bc112d6f96eb,point_2452f60373a83f9a,R250_near_hh_threshold,BR_cc,7.593000053359261e-10,7.593000053359316e-10,7.217268e-15
point_ed01bc112d6f96eb,point_2452f60373a83f9a,R250_near_hh_threshold,BR_tautau,1.8739153119349716e-09,1.8739153119349844e-09,6.841984e-15
point_ed01bc112d6f96eb,point_2452f60373a83f9a,R250_near_hh_threshold,BR_ZZ,0.29740888626756645,0.2974088862675665,1.866493e-16
point_ed01bc112d6f96eb,point_2452f60373a83f9a,R250_near_hh_threshold,BR_gg,9.774004699960211e-09,9.774004699960221e-09,1.015568e-15
point_ed01bc112d6f96eb,point_2452f60373a83f9a,R250_near_hh_threshold,BR_gammagamma,3.161828805340296e-05,3.1618288053403166e-05,6.429441e-15
point_ed01bc112d6f96eb,point_2452f60373a83f9a,R250_near_hh_threshold,BR_Zgamma,0.00010291382495974514,0.00010291382495974563,4.740772e-15
point_ed01bc112d6f96eb,point_2452f60373a83f9a,R250_near_hh_threshold,ctau_physical_mm,5.0797063385406036e-12,5.07970633854065e-12,9.064349e-15
