schema_version,producer,producer_commit,producer_dirty,evaluator_api,campaign_id,run_id,point_id,yukawa_type,yukawa_type_installed,mh_input_GeV,mH_input_GeV,mA_input_GeV,mHp_input_GeV,sin_beta_minus_alpha_input,tan_beta_input,beta_input_rad,M2_input_GeV2,m12_sq_input_GeV2,lambda6_input,lambda7_input,lambda1_reconstructed,lambda2_reconstructed,lambda3_reconstructed,lambda4_reconstructed,lambda5_reconstructed,lambda6_reconstructed,lambda7_reconstructed,tan_beta_reconstructed,m12_sq_reconstructed_GeV2,M2_reconstructed_GeV2,construction_ok,numerical_ok,rejection_stage,rejection_reason,positivity_reported_ok,unitarity_ok,perturbativity_ok,stability_reported_ok,stability_dependency_alias,triple_ok_legacy,theory_ok_v1,experimental_evaluated,experimental_ok,two_hdmc_hphiphi_real_GeV,two_hdmc_hphiphi_imag_GeV,g_physical_hphiphi_GeV,g_physical_hphiphi_abs_GeV,g_hH2H2_GeV,width_bb_GeV,width_cc_GeV,width_tt_GeV,width_tautau_GeV,width_WW_GeV,width_ZZ_GeV,width_gammagamma_GeV,width_Zgamma_GeV,width_gg_GeV,width_hh_GeV,total_width_GeV,width_unaccounted_GeV,br_bb,br_cc,br_tt,br_tautau,br_WW,br_ZZ,br_gammagamma,br_Zgamma,br_gg,br_hh,width_ok,ctau_mm
dihiggs.point.v2,DihiggsPointV2Evaluator,c4fc29fc3593d4a537089e22e43504bfb9ed4a87,no,THDM::set_param_phys+THDM::get_param_gen+THDM::get_coupling_hhh+2HDMC::DecayTable,issue62-yukawa-order-recompute-v2,known_seed_low_mass,point_cbb497bf2ff798d5,1,1.00000000000000000e+00,1.25129999999999995e+02,1.30000000000000000e+02,3.00000000000000000e+02,3.00000000000000000e+02,9.98999999999999999e-01,5.00000000000000000e+01,1.55079899282174605e+00,1.67216815446837099e+04,3.34299910929303167e+02,1.00000000000000006e-01,0.00000000000000000e+00,1.00820077853277290e-01,2.58276070518430323e-01,2.71760899016182522e+00,-1.20972313165073175e+00,-1.20972313165073198e+00,1.00000000000000006e-01,0.00000000000000000e+00,4.99999999999999005e+01,3.34299910929302541e+02,1.67216815446836808e+04,1,1.00000000000000000e+00,accepted,none,1.00000000000000000e+00,1.00000000000000000e+00,1.00000000000000000e+00,1.00000000000000000e+00,2HDMC-patched:check_stability==check_positivity,1.00000000000000000e+00,1.00000000000000000e+00,0.00000000000000000e+00,nan,0.00000000000000000e+00,-7.30433967176254555e+01,7.30433967176254555e+01,7.30433967176254555e+01,7.30433967176254555e+01,1.68923454963338999e-06,7.57688717259754917e-08,0.00000000000000000e+00,1.64557991401996388e-07,2.86635725874939584e-06,3.82673275504883934e-07,2.37808359899980831e-08,1.88711215653217959e-08,2.18489920852363346e-07,0.00000000000000000e+00,5.44093329247645681e-06,1.19946705313094530e-09,3.10467792716592916e-01,1.39257123094573120e-02,0.00000000000000000e+00,3.02444420021730012e-02,5.26813527141180016e-01,7.03322858293506242e-02,4.37072735717628467e-03,3.46836113418559286e-03,4.01566990638323046e-02,0.00000000000000000e+00,1.00000000000000000e+00,3.62671199576839627e-08
dihiggs.point.v2,DihiggsPointV2Evaluator,c4fc29fc3593d4a537089e22e43504bfb9ed4a87,no,THDM::set_param_phys+THDM::get_param_gen+THDM::get_coupling_hhh+2HDMC::DecayTable,issue62-yukawa-order-recompute-v2,known_seed_llp,point_4b4a19a1f24c3517,1,1.00000000000000000e+00,1.25129999999999995e+02,2.00000000000000000e+02,5.00000000000000000e+02,5.00000000000000000e+02,1.00000000000000000e+00,1.00000000000000000e+04,1.57069632679522986e+00,3.99999995713761018e+04,3.99999991714139513e+00,1.00000000000000004e-10,0.00000000000000000e+00,9.65282173383941511e-01,2.58270157669935219e-01,7.18615451026975993e+00,-3.46394217983486463e+00,-3.46394217983486463e+00,1.00000000000000004e-10,0.00000000000000000e+00,9.99999999999053944e+03,3.99999990804266359e+00,3.99999994803887894e+04,1,1.00000000000000000e+00,accepted,none,1.00000000000000000e+00,1.00000000000000000e+00,1.00000000000000000e+00,1.00000000000000000e+00,2HDMC-patched:check_stability==check_positivity,1.00000000000000000e+00,1.00000000000000000e+00,0.00000000000000000e+00,nan,0.00000000000000000e+00,-6.35914286778763653e+01,6.35914286778763653e+01,6.35914286778763653e+01,6.35914286778763653e+01,3.92309077037458490e-11,1.75213231424297158e-12,0.00000000000000000e+00,4.14221289487724465e-12,0.00000000000000000e+00,0.00000000000000000e+00,2.88348115773086119e-14,4.44458618598753375e-15,1.28927420729215300e-11,0.00000000000000000e+00,5.80801814246648160e-11,2.89070411139278941e-14,6.75461176970182819e-01,3.01674731597669638e-02,0.00000000000000000e+00,7.13188697636915059e-02,0.00000000000000000e+00,0.00000000000000000e+00,4.96465590671577701e-04,7.65250052077154607e-05,2.21981780302194287e-01,0.00000000000000000e+00,1.00000000000000000e+00,3.39749249330342958e-03
dihiggs.point.v2,DihiggsPointV2Evaluator,c4fc29fc3593d4a537089e22e43504bfb9ed4a87,no,THDM::set_param_phys+THDM::get_param_gen+THDM::get_coupling_hhh+2HDMC::DecayTable,issue62-yukawa-order-recompute-v2,seed_low_mass_neighborhood,point_66b7a78136cba8c9,1,nan,1.25129999999999995e+02,1.25000000000000000e+02,3.00000000000000000e+02,3.00000000000000000e+02,9.98999999999999999e-01,5.00000000000000000e+01,1.55079899282174605e+00,1.60000000000000000e+04,3.19872051179528796e+02,1.00000000000000006e-01,0.00000000000000000e+00,nan,nan,nan,nan,nan,nan,nan,nan,nan,nan,0,nan,construction,mh_gt_mH,nan,nan,nan,nan,2HDMC-patched:check_stability==check_positivity,nan,nan,0.00000000000000000e+00,nan,nan,nan,nan,nan,nan,nan,nan,nan,nan,nan,nan,nan,nan,nan,nan,nan,nan,nan,nan,nan,nan,nan,nan,nan,nan,nan,nan,nan,nan
dihiggs.point.v2,DihiggsPointV2Evaluator,c4fc29fc3593d4a537089e22e43504bfb9ed4a87,no,THDM::set_param_phys+THDM::get_param_gen+THDM::get_coupling_hhh+2HDMC::DecayTable,issue62-yukawa-order-recompute-v2,seed_low_mass_neighborhood,point_2263e53ef1030c56,1,nan,1.25129999999999995e+02,1.25000000000000000e+02,3.00000000000000000e+02,3.00000000000000000e+02,9.98999999999999999e-01,5.00000000000000000e+01,1.55079899282174605e+00,1.63750000000000000e+04,3.27369052379049037e+02,1.00000000000000006e-01,0.00000000000000000e+00,nan,nan,nan,nan,nan,nan,nan,nan,nan,nan,0,nan,construction,mh_gt_mH,nan,nan,nan,nan,2HDMC-patched:check_stability==check_positivity,nan,nan,0.00000000000000000e+00,nan,nan,nan,nan,nan,nan,nan,nan,nan,nan,nan,nan,nan,nan,nan,nan,nan,nan,nan,nan,nan,nan,nan,nan,nan,nan,nan,nan,nan,nan
dihiggs.point.v2,DihiggsPointV2Evaluator,c4fc29fc3593d4a537089e22e43504bfb9ed4a87,no,THDM::set_param_phys+THDM::get_param_gen+THDM::get_coupling_hhh+2HDMC::DecayTable,issue62-yukawa-order-recompute-v2,seed_low_mass_neighborhood,point_113c7d24e2d89abd,1,nan,1.25129999999999995e+02,1.25000000000000000e+02,3.00000000000000000e+02,3.00000000000000000e+02,9.98999999999999999e-01,5.00000000000000000e+01,1.55079899282174605e+00,1.67500000000000000e+04,3.34866053578569222e+02,1.00000000000000006e-01,0.00000000000000000e+00,nan,nan,nan,nan,nan,nan,nan,nan,nan,nan,0,nan,construction,mh_gt_mH,nan,nan,nan,nan,2HDMC-patched:check_stability==check_positivity,nan,nan,0.00000000000000000e+00,nan,nan,nan,nan,nan,nan,nan,nan,nan,nan,nan,nan,nan,nan,nan,nan,nan,nan,nan,nan,nan,nan,nan,nan,nan,nan,nan,nan,nan,nan
dihiggs.point.v2,DihiggsPointV2Evaluator,c4fc29fc3593d4a537089e22e43504bfb9ed4a87,no,THDM::set_param_phys+THDM::get_param_gen+THDM::get_coupling_hhh+2HDMC::DecayTable,issue62-yukawa-order-recompute-v2,seed_low_mass_neighborhood,point_4dd0759b6fef8570,1,nan,1.25129999999999995e+02,1.25000000000000000e+02,3.00000000000000000e+02,3.00000000000000000e+02,9.98999999999999999e-01,5.00000000000000000e+01,1.55079899282174605e+00,1.71250000000000000e+04,3.42363054778089406e+02,1.00000000000000006e-01,0.00000000000000000e+00,nan,nan,nan,nan,nan,nan,nan,nan,nan,nan,0,nan,construction,mh_gt_mH,nan,nan,nan,nan,2HDMC-patched:check_stability==check_positivity,nan,nan,0.00000000000000000e+00,nan,nan,nan,nan,nan,nan,nan,nan,nan,nan,nan,nan,nan,nan,nan,nan,nan,nan,nan,nan,nan,nan,nan,nan,nan,nan,nan,nan,nan,nan
dihiggs.point.v2,DihiggsPointV2Evaluator,c4fc29fc3593d4a537089e22e43504bfb9ed4a87,no,THDM::set_param_phys+THDM::get_param_gen+THDM::get_coupling_hhh+2HDMC::DecayTable,issue62-yukawa-order-recompute-v2,seed_low_mass_neighborhood,point_bfb9fae8bc03401b,1,nan,1.25129999999999995e+02,1.25000000000000000e+02,3.00000000000000000e+02,3.00000000000000000e+02,9.98999999999999999e-01,5.00000000000000000e+01,1.55079899282174605e+00,1.75000000000000000e+04,3.49860055977609647e+02,1.00000000000000006e-01,0.00000000000000000e+00,nan,nan,nan,nan,nan,nan,nan,nan,nan,nan,0,nan,construction,mh_gt_mH,nan,nan,nan,nan,2HDMC-patched:check_stability==check_positivity,nan,nan,0.00000000000000000e+00,nan,nan,nan,nan,nan,nan,nan,nan,nan,nan,nan,nan,nan,nan,nan,nan,nan,nan,nan,nan,nan,nan,nan,nan,nan,nan,nan,nan,nan,nan
dihiggs.point.v2,DihiggsPointV2Evaluator,c4fc29fc3593d4a537089e22e43504bfb9ed4a87,no,THDM::set_param_phys+THDM::get_param_gen+THDM::get_coupling_hhh+2HDMC::DecayTable,issue62-yukawa-order-recompute-v2,seed_low_mass_neighborhood,point_a23e9db1a675094c,1,1.00000000000000000e+00,1.25129999999999995e+02,1.33750000000000000e+02,3.00000000000000000e+02,3.00000000000000000e+02,9.98999999999999999e-01,5.00000000000000000e+01,1.55079899282174605e+00,1.60000000000000000e+04,3.19872051179528796e+02,1.00000000000000006e-01,0.00000000000000000e+00,7.06388385611703029e+01,2.58290809842071423e-01,2.74968405107642289e+00,-1.22162724183137916e+00,-1.22162724183137938e+00,1.00000000000000006e-01,0.00000000000000000e+00,4.99999999999999005e+01,3.19872051179435687e+02,1.59999999999953416e+04,1,1.00000000000000000e+00,unitarity,check_unitarity_false,1.00000000000000000e+00,0.00000000000000000e+00,0.00000000000000000e+00,1.00000000000000000e+00,2HDMC-patched:check_stability==check_positivity,0.00000000000000000e+00,0.00000000000000000e+00,0.00000000000000000e+00,nan,0.00000000000000000e+00,-4.93314808258601829e+01,4.93314808258601829e+01,4.93314808258601829e+01,4.93314808258601829e+01,1.72912319047679288e-06,7.75263029870319284e-08,0.00000000000000000e+00,1.69315356698215451e-07,4.20117706933602161e-06,5.78644520032572847e-07,6.50744984314588493e-09,1.61828811397003054e-08,2.37524102908448133e-07,0.00000000000000000e+00,7.01723140601926166e-06,1.23053259733217656e-09,2.46411026005723621e-01,1.10479900834581542e-02,0.00000000000000000e+00,2.41285126428892778e-02,5.98694389033875063e-01,8.24605156296002173e-02,9.27352892704080573e-04,2.30616324350069266e-03,3.38486917653455163e-02,0.00000000000000000e+00,1.00000000000000000e+00,2.81203467553793774e-08
dihiggs.point.v2,DihiggsPointV2Evaluator,c4fc29fc3593d4a537089e22e43504bfb9ed4a87,no,THDM::set_param_phys+THDM::get_param_gen+THDM::get_coupling_hhh+2HDMC::DecayTable,issue62-yukawa-order-recompute-v2,seed_low_mass_neighborhood,point_61a9a8c39ce8d383,1,1.00000000000000000e+00,1.25129999999999995e+02,1.33750000000000000e+02,3.00000000000000000e+02,3.00000000000000000e+02,9.98999999999999999e-01,5.00000000000000000e+01,1.55079899282174605e+00,1.63750000000000000e+04,3.27369052379049037e+02,1.00000000000000006e-01,0.00000000000000000e+00,5.51748110041849671e+01,2.58288335597662289e-01,2.74349844005362886e+00,-1.21544163080858492e+00,-1.21544163080858514e+00,1.00000000000000006e-01,0.00000000000000000e+00,4.99999999999999005e+01,3.27369052378980371e+02,1.63749999999965657e+04,1,1.00000000000000000e+00,unitarity,check_unitarity_false,1.00000000000000000e+00,0.00000000000000000e+00,0.00000000000000000e+00,1.00000000000000000e+00,2HDMC-patched:check_stability==check_positivity,0.00000000000000000e+00,0.00000000000000000e+00,0.00000000000000000e+00,nan,0.00000000000000000e+00,-5.64964362669125251e+01,5.64964362669125251e+01,5.64964362669125251e+01,5.64964362669125251e+01,1.72912319047679288e-06,7.75263029870319284e-08,0.00000000000000000e+00,1.69315356698215451e-07,4.20117706933602161e-06,5.78644520032572847e-07,9.80722356905101906e-09,1.79983928658972637e-08,2.37524102908448133e-07,0.00000000000000000e+00,7.02234669147136341e-06,1.23053259733217656e-09,2.46231532911471346e-01,1.10399424000509096e-02,0.00000000000000000e+00,2.41109367191809053e-02,5.98258282297333577e-01,8.24004489461245687e-02,1.39657353872344229e-03,2.56301684560181339e-03,3.38240353750863740e-02,0.00000000000000000e+00,1.00000000000000000e+00,2.80998630613970569e-08
dihiggs.point.v2,DihiggsPointV2Evaluator,c4fc29fc3593d4a537089e22e43504bfb9ed4a87,no,THDM::set_param_phys+THDM::get_param_gen+THDM::get_coupling_hhh+2HDMC::DecayTable,issue62-yukawa-order-recompute-v2,seed_low_mass_neighborhood,point_800a194c9a4100ec,1,1.00000000000000000e+00,1.25129999999999995e+02,1.33750000000000000e+02,3.00000000000000000e+02,3.00000000000000000e+02,9.98999999999999999e-01,5.00000000000000000e+01,1.55079899282174605e+00,1.67500000000000000e+04,3.34866053578569222e+02,1.00000000000000006e-01,0.00000000000000000e+00,3.97107834471997094e+01,2.58285861353253210e-01,2.73731282903083439e+00,-1.20925601978579089e+00,-1.20925601978579089e+00,1.00000000000000006e-01,0.00000000000000000e+00,4.99999999999999005e+01,3.34866053578479523e+02,1.67499999999955107e+04,1,1.00000000000000000e+00,unitarity,check_unitarity_false,1.00000000000000000e+00,0.00000000000000000e+00,0.00000000000000000e+00,1.00000000000000000e+00,2HDMC-patched:check_stability==check_positivity,0.00000000000000000e+00,0.00000000000000000e+00,0.00000000000000000e+00,nan,0.00000000000000000e+00,-6.36613917079644551e+01,6.36613917079644551e+01,6.36613917079644551e+01,6.36613917079644551e+01,1.72912319047679288e-06,7.75263029870319284e-08,0.00000000000000000e+00,1.69315356698215451e-07,4.20117706933602161e-06,5.78644520032572847e-07,1.37813990252327981e-08,1.99104022221891928e-08,2.37524102908448133e-07,0.00000000000000000e+00,7.02823287628383750e-06,1.23053259733217656e-09,2.46025312609029961e-01,1.10306963858066969e-02,0.00000000000000000e+00,2.40907436732148462e-02,5.97757237599870872e-01,8.23314381037598547e-02,1.96086260484295205e-03,2.83291725995237290e-03,3.37957075540215243e-02,0.00000000000000000e+00,1.00000000000000000e+00,2.80763292670427555e-08
dihiggs.point.v2,DihiggsPointV2Evaluator,c4fc29fc3593d4a537089e22e43504bfb9ed4a87,no,THDM::set_param_phys+THDM::get_param_gen+THDM::get_coupling_hhh+2HDMC::DecayTable,issue62-yukawa-order-recompute-v2,seed_low_mass_neighborhood,point_fa19a08c2029671d,1,1.00000000000000000e+00,1.25129999999999995e+02,1.33750000000000000e+02,3.00000000000000000e+02,3.00000000000000000e+02,9.98999999999999999e-01,5.00000000000000000e+01,1.55079899282174605e+00,1.71250000000000000e+04,3.42363054778089406e+02,1.00000000000000006e-01,0.00000000000000000e+00,2.42467558902144482e+01,2.58283387108844076e-01,2.73112721800804081e+00,-1.20307040876299665e+00,-1.20307040876299687e+00,1.00000000000000006e-01,0.00000000000000000e+00,4.99999999999999005e+01,3.42363054778069682e+02,1.71249999999990105e+04,1,1.00000000000000000e+00,unitarity,check_unitarity_false,1.00000000000000000e+00,0.00000000000000000e+00,0.00000000000000000e+00,1.00000000000000000e+00,2HDMC-patched:check_stability==check_positivity,0.00000000000000000e+00,0.00000000000000000e+00,0.00000000000000000e+00,nan,0.00000000000000000e+00,-7.08263471490166694e+01,7.08263471490166694e+01,7.08263471490166694e+01,7.08263471490166694e+01,1.72912319047679288e-06,7.75263029870319284e-08,0.00000000000000000e+00,1.69315356698215451e-07,4.20117706933602161e-06,5.78644520032572847e-07,1.84299762116912344e-08,2.19189092085761094e-08,2.37524102908448133e-07,0.00000000000000000e+00,7.03488996045668309e-06,1.23053259733217656e-09,2.45792499981697443e-01,1.10202580883012359e-02,0.00000000000000000e+00,2.40679467127335178e-02,5.97191582661698694e-01,8.22535282406903628e-02,2.61979594780965396e-03,3.11574300831753180e-03,3.37637268306367130e-02,0.00000000000000000e+00,1.00000000000000000e+00,2.80497607651549038e-08
dihiggs.point.v2,DihiggsPointV2Evaluator,c4fc29fc3593d4a537089e22e43504bfb9ed4a87,no,THDM::set_param_phys+THDM::get_param_gen+THDM::get_coupling_hhh+2HDMC::DecayTable,issue62-yukawa-order-recompute-v2,seed_low_mass_neighborhood,point_35a6999b60010f2a,1,1.00000000000000000e+00,1.25129999999999995e+02,1.33750000000000000e+02,3.00000000000000000e+02,3.00000000000000000e+02,9.98999999999999999e-01,5.00000000000000000e+01,1.55079899282174605e+00,1.75000000000000000e+04,3.49860055977609647e+02,1.00000000000000006e-01,0.00000000000000000e+00,8.78272833322904134e+00,2.58280912864434997e-01,2.72494160698524635e+00,-1.19688479774020262e+00,-1.19688479774020262e+00,1.00000000000000006e-01,0.00000000000000000e+00,4.99999999999999005e+01,3.49860055977614365e+02,1.75000000000002365e+04,1,1.00000000000000000e+00,perturbativity,check_perturbativity_false,1.00000000000000000e+00,1.00000000000000000e+00,0.00000000000000000e+00,1.00000000000000000e+00,2HDMC-patched:check_stability==check_positivity,0.00000000000000000e+00,0.00000000000000000e+00,0.00000000000000000e+00,nan,0.00000000000000000e+00,-7.79913025900687842e+01,7.79913025900687842e+01,7.79913025900687842e+01,7.79913025900687842e+01,1.72912319047679288e-06,7.75263029870319284e-08,0.00000000000000000e+00,1.69315356698215451e-07,4.20117706933602161e-06,5.78644520032572847e-07,2.37529551284263744e-08,2.40239138250580333e-08,2.37524102908448133e-07,0.00000000000000000e+00,7.04231794398990017e-06,1.23053259733217656e-09,2.45533246898128499e-01,1.10086343166591796e-02,0.00000000000000000e+00,2.40425607086816699e-02,5.96561686471627883e-01,8.21667701791855831e-02,3.37288877289298929e-03,3.41136455583643076e-03,3.37281140666415777e-02,0.00000000000000000e+00,1.00000000000000000e+00,2.80201748869353538e-08
dihiggs.point.v2,DihiggsPointV2Evaluator,c4fc29fc3593d4a537089e22e43504bfb9ed4a87,no,THDM::set_param_phys+THDM::get_param_gen+THDM::get_coupling_hhh+2HDMC::DecayTable,issue62-yukawa-order-recompute-v2,seed_low_mass_neighborhood,point_0629713e2ac0e6eb,1,1.00000000000000000e+00,1.25129999999999995e+02,1.42500000000000000e+02,3.00000000000000000e+02,3.00000000000000000e+02,9.98999999999999999e-01,5.00000000000000000e+01,1.55079899282174605e+00,1.60000000000000000e+04,3.19872051179528796e+02,1.00000000000000006e-01,0.00000000000000000e+00,1.70296292700251968e+02,2.58315194471286314e-01,2.79898019765686845e+00,-1.22162724183137916e+00,-1.22162724183137938e+00,1.00000000000000006e-01,0.00000000000000000e+00,4.99999999999999005e+01,3.19872051179526636e+02,1.59999999999998909e+04,1,1.00000000000000000e+00,unitarity,check_unitarity_false,1.00000000000000000e+00,0.00000000000000000e+00,0.00000000000000000e+00,1.00000000000000000e+00,2HDMC-patched:check_stability==check_positivity,0.00000000000000000e+00,0.00000000000000000e+00,0.00000000000000000e+00,nan,0.00000000000000000e+00,-2.50803057480549398e+01,2.50803057480549398e+01,2.50803057480549398e+01,2.50803057480549398e+01,1.82146430062757088e-06,8.15984633291399427e-08,0.00000000000000000e+00,1.80414817136895310e-07,1.01346399602883449e-05,1.39442956342463279e-06,9.52208286209571604e-10,1.42745108018963877e-08,2.86421065740540145e-07,0.00000000000000000e+00,1.39154976786673301e-05,1.30278903210016383e-09,1.30894657358888666e-01,5.86385519320890922e-03,0.00000000000000000e+00,1.29650280071171280e-02,7.28298778406244351e-01,1.00206948800854928e-01,6.84279001870929449e-05,1.02579951730935441e-03,2.05828833689238426e-02,0.00000000000000000e+00,1.00000000000000000e+00,1.41803753596614282e-08
dihiggs.point.v2,DihiggsPointV2Evaluator,c4fc29fc3593d4a537089e22e43504bfb9ed4a87,no,THDM::set_param_phys+THDM::get_param_gen+THDM::get_coupling_hhh+2HDMC::DecayTable,issue62-yukawa-order-recompute-v2,seed_low_mass_neighborhood,point_8454003792cc1be0,1,1.00000000000000000e+00,1.25129999999999995e+02,1.42500000000000000e+02,3.00000000000000000e+02,3.00000000000000000e+02,9.98999999999999999e-01,5.00000000000000000e+01,1.55079899282174605e+00,1.63750000000000000e+04,3.27369052379049037e+02,1.00000000000000006e-01,0.00000000000000000e+00,1.54832265143266625e+02,2.58312720226877235e-01,2.79279458663407354e+00,-1.21544163080858492e+00,-1.21544163080858514e+00,1.00000000000000006e-01,0.00000000000000000e+00,4.99999999999999005e+01,3.27369052379162270e+02,1.63750000000056643e+04,1,1.00000000000000000e+00,unitarity,check_unitarity_false,1.00000000000000000e+00,0.00000000000000000e+00,0.00000000000000000e+00,1.00000000000000000e+00,2HDMC-patched:check_stability==check_positivity,0.00000000000000000e+00,0.00000000000000000e+00,0.00000000000000000e+00,nan,0.00000000000000000e+00,-3.22452611891069978e+01,3.22452611891069978e+01,3.22452611891069978e+01,3.22452611891069978e+01,1.82146430062757088e-06,8.15984633291399427e-08,0.00000000000000000e+00,1.80414817136895310e-07,1.01346399602883449e-05,1.39442956342463279e-06,1.12312431438157505e-10,1.64765424684019196e-08,2.86421065740540145e-07,0.00000000000000000e+00,1.39168598144790639e-05,1.30278903210016383e-09,1.30881845826493426e-01,5.86328125862452948e-03,0.00000000000000000e+00,1.29637590334273703e-02,7.28227494951432353e-01,1.00197140878998572e-01,8.07024234887441681e-06,1.18392673979943143e-03,2.05808687849645816e-02,0.00000000000000000e+00,1.00000000000000000e+00,1.41789874318272250e-08
dihiggs.point.v2,DihiggsPointV2Evaluator,c4fc29fc3593d4a537089e22e43504bfb9ed4a87,no,THDM::set_param_phys+THDM::get_param_gen+THDM::get_coupling_hhh+2HDMC::DecayTable,issue62-yukawa-order-recompute-v2,seed_low_mass_neighborhood,point_50f07872ad49669b,1,1.00000000000000000e+00,1.25129999999999995e+02,1.42500000000000000e+02,3.00000000000000000e+02,3.00000000000000000e+02,9.98999999999999999e-01,5.00000000000000000e+01,1.55079899282174605e+00,1.67500000000000000e+04,3.34866053578569222e+02,1.00000000000000006e-01,0.00000000000000000e+00,1.39368237586281339e+02,2.58310245982468101e-01,2.78660897561127996e+00,-1.20925601978579089e+00,-1.20925601978579089e+00,1.00000000000000006e-01,0.00000000000000000e+00,4.99999999999999005e+01,3.34866053578570472e+02,1.67500000000000618e+04,1,1.00000000000000000e+00,unitarity,check_unitarity_false,1.00000000000000000e+00,0.00000000000000000e+00,0.00000000000000000e+00,1.00000000000000000e+00,2HDMC-patched:check_stability==check_positivity,0.00000000000000000e+00,0.00000000000000000e+00,0.00000000000000000e+00,nan,0.00000000000000000e+00,-3.94102166301591410e+01,3.94102166301591410e+01,3.94102166301591410e+01,3.94102166301591410e+01,1.82146430062757088e-06,8.15984633291399427e-08,0.00000000000000000e+00,1.80414817136895310e-07,1.01346399602883449e-05,1.39442956342463279e-06,9.41335241407776431e-11,1.88364606998443117e-08,2.86421065740540145e-07,0.00000000000000000e+00,1.39192015538032105e-05,1.30278903210016383e-09,1.30859826519997724e-01,5.86229483162016562e-03,0.00000000000000000e+00,1.29615780358895444e-02,7.28104979377872996e-01,1.00180283907421841e-01,6.76285372957022030e-06,1.35327163896822324e-03,2.05774062997370680e-02,0.00000000000000000e+00,1.00000000000000000e+00,1.41766019866335941e-08
dihiggs.point.v2,DihiggsPointV2Evaluator,c4fc29fc3593d4a537089e22e43504bfb9ed4a87,no,THDM::set_param_phys+THDM::get_param_gen+THDM::get_coupling_hhh+2HDMC::DecayTable,issue62-yukawa-order-recompute-v2,seed_low_mass_neighborhood,point_2ff39c01776a70d6,1,1.00000000000000000e+00,1.25129999999999995e+02,1.42500000000000000e+02,3.00000000000000000e+02,3.00000000000000000e+02,9.98999999999999999e-01,5.00000000000000000e+01,1.55079899282174605e+00,1.71250000000000000e+04,3.42363054778089406e+02,1.00000000000000006e-01,0.00000000000000000e+00,1.23904210029296095e+02,2.58307771738058967e-01,2.78042336458848549e+00,-1.20307040876299665e+00,-1.20307040876299687e+00,1.00000000000000006e-01,0.00000000000000000e+00,4.99999999999999005e+01,3.42363054778069682e+02,1.71249999999990105e+04,1,1.00000000000000000e+00,unitarity,check_unitarity_false,1.00000000000000000e+00,0.00000000000000000e+00,0.00000000000000000e+00,1.00000000000000000e+00,2HDMC-patched:check_stability==check_positivity,0.00000000000000000e+00,0.00000000000000000e+00,0.00000000000000000e+00,nan,0.00000000000000000e+00,-4.65751720712112558e+01,4.65751720712112558e+01,4.65751720712112558e+01,4.65751720712112558e+01,1.82146430062757088e-06,8.15984633291399427e-08,0.00000000000000000e+00,1.80414817136895310e-07,1.01346399602883449e-05,1.39442956342463279e-06,8.97671564317418629e-10,2.13542654962235639e-08,2.86421065740540145e-07,0.00000000000000000e+00,1.39225228966397650e-05,1.30278903210016383e-09,1.30828608733492252e-01,5.86089632855507289e-03,0.00000000000000000e+00,1.29584859350771013e-02,7.27931283397951212e-01,1.00156385001254455e-01,6.44762139004327909e-05,1.53379280858481973e-03,2.05724973747156530e-02,0.00000000000000000e+00,1.00000000000000000e+00,1.41732200309489423e-08
dihiggs.point.v2,DihiggsPointV2Evaluator,c4fc29fc3593d4a537089e22e43504bfb9ed4a87,no,THDM::set_param_phys+THDM::get_param_gen+THDM::get_coupling_hhh+2HDMC::DecayTable,issue62-yukawa-order-recompute-v2,seed_low_mass_neighborhood,point_49fce8714804d3c5,1,1.00000000000000000e+00,1.25129999999999995e+02,1.42500000000000000e+02,3.00000000000000000e+02,3.00000000000000000e+02,9.98999999999999999e-01,5.00000000000000000e+01,1.55079899282174605e+00,1.75000000000000000e+04,3.49860055977609647e+02,1.00000000000000006e-01,0.00000000000000000e+00,1.08440182472310681e+02,2.58305297493649888e-01,2.77423775356569191e+00,-1.19688479774020262e+00,-1.19688479774020262e+00,1.00000000000000006e-01,0.00000000000000000e+00,4.99999999999999005e+01,3.49860055977705315e+02,1.75000000000047839e+04,1,1.00000000000000000e+00,unitarity,check_unitarity_false,1.00000000000000000e+00,0.00000000000000000e+00,0.00000000000000000e+00,1.00000000000000000e+00,2HDMC-patched:check_stability==check_positivity,0.00000000000000000e+00,0.00000000000000000e+00,0.00000000000000000e+00,nan,0.00000000000000000e+00,-5.37401275122635980e+01,5.37401275122635980e+01,5.37401275122635980e+01,5.37401275122635980e+01,1.82146430062757088e-06,8.15984633291399427e-08,0.00000000000000000e+00,1.80414817136895310e-07,1.01346399602883449e-05,1.39442956342463279e-06,2.52292655196810114e-09,2.40299568575397193e-08,2.86421065740540145e-07,0.00000000000000000e+00,1.39268238429887306e-05,1.30278903209846977e-09,1.30788205635598842e-01,5.85908633936082796e-03,0.00000000000000000e+00,1.29544840353332021e-02,7.27706480281969714e-01,1.00125454241789619e-01,1.81155917559640419e-04,1.72544415930393725e-03,2.05661440806357947e-02,0.00000000000000000e+00,1.00000000000000000e+00,1.41688429913861205e-08
dihiggs.point.v2,DihiggsPointV2Evaluator,c4fc29fc3593d4a537089e22e43504bfb9ed4a87,no,THDM::set_param_phys+THDM::get_param_gen+THDM::get_coupling_hhh+2HDMC::DecayTable,issue62-yukawa-order-recompute-v2,seed_low_mass_neighborhood,point_e09995a42aed229b,1,1.00000000000000000e+00,1.25129999999999995e+02,1.51250000000000000e+02,3.00000000000000000e+02,3.00000000000000000e+02,9.98999999999999999e-01,5.00000000000000000e+01,1.55079899282174605e+00,1.60000000000000000e+04,3.19872051179528796e+02,1.00000000000000006e-01,0.00000000000000000e+00,2.76266888730497328e+02,2.58341123828143782e-01,2.85139917705236412e+00,-1.22162724183137916e+00,-1.22162724183137938e+00,1.00000000000000006e-01,0.00000000000000000e+00,4.99999999999999005e+01,3.19872051179526636e+02,1.59999999999998909e+04,1,1.00000000000000000e+00,unitarity,check_unitarity_false,1.00000000000000000e+00,0.00000000000000000e+00,0.00000000000000000e+00,1.00000000000000000e+00,2HDMC-patched:check_stability==check_positivity,0.00000000000000000e+00,0.00000000000000000e+00,0.00000000000000000e+00,nan,0.00000000000000000e+00,7.07142864090997136e-01,-7.07142864090997136e-01,7.07142864090997136e-01,7.07142864090997136e-01,1.91285654414041419e-06,8.56332418409000555e-08,0.00000000000000000e+00,1.91513003647757369e-07,2.68108494872603293e-05,3.10732355456246416e-06,2.82045391088692824e-08,9.84392684879221805e-09,3.42042847776891170e-07,0.00000000000000000e+00,3.24896418889337294e-05,1.37474374731352345e-09,5.88758888349566814e-02,2.63570900946333677e-03,0.00000000000000000e+00,5.89458647474315391e-03,8.25212219294800930e-01,9.56404371948724741e-02,8.68108648451308630e-04,3.02986622088473984e-04,1.05277506272974369e-02,0.00000000000000000e+00,1.00000000000000000e+00,6.07353510003480216e-09
dihiggs.point.v2,DihiggsPointV2Evaluator,c4fc29fc3593d4a537089e22e43504bfb9ed4a87,no,THDM::set_param_phys+THDM::get_param_gen+THDM::get_coupling_hhh+2HDMC::DecayTable,issue62-yukawa-order-recompute-v2,seed_low_mass_neighborhood,point_782e71538d3b7cd0,1,1.00000000000000000e+00,1.25129999999999995e+02,1.51250000000000000e+02,3.00000000000000000e+02,3.00000000000000000e+02,9.98999999999999999e-01,5.00000000000000000e+01,1.55079899282174605e+00,1.63750000000000000e+04,3.27369052379049037e+02,1.00000000000000006e-01,0.00000000000000000e+00,2.60802861173511985e+02,2.58338649583734703e-01,2.84521356602956921e+00,-1.21544163080858492e+00,-1.21544163080858514e+00,1.00000000000000006e-01,0.00000000000000000e+00,4.99999999999999005e+01,3.27369052379071320e+02,1.63750000000011150e+04,1,1.00000000000000000e+00,unitarity,check_unitarity_false,1.00000000000000000e+00,0.00000000000000000e+00,0.00000000000000000e+00,1.00000000000000000e+00,2HDMC-patched:check_stability==check_positivity,0.00000000000000000e+00,0.00000000000000000e+00,0.00000000000000000e+00,nan,0.00000000000000000e+00,-6.45781257696094713e+00,6.45781257696094713e+00,6.45781257696094713e+00,6.45781257696094713e+00,1.91285654414041419e-06,8.56332418409000555e-08,0.00000000000000000e+00,1.91513003647757369e-07,2.68108494872603293e-05,3.10732355456246416e-06,2.12251855217379833e-08,1.21290126065556310e-08,3.42042847776891170e-07,0.00000000000000000e+00,3.24849476211043573e-05,1.37474374731352345e-09,5.88843967505028945e-02,2.63608988506624760e-03,0.00000000000000000e+00,5.89543827749126285e-03,8.25331467360662763e-01,9.56542578059674242e-02,6.53385246893509143e-04,3.73373315789982303e-04,1.05292719497776764e-02,0.00000000000000000e+00,1.00000000000000000e+00,6.07441276192187661e-09
dihiggs.point.v2,DihiggsPointV2Evaluator,c4fc29fc3593d4a537089e22e43504bfb9ed4a87,no,THDM::set_param_phys+THDM::get_param_gen+THDM::get_coupling_hhh+2HDMC::DecayTable,issue62-yukawa-order-recompute-v2,seed_low_mass_neighborhood,point_fb859c380f5a168b,1,1.00000000000000000e+00,1.25129999999999995e+02,1.51250000000000000e+02,3.00000000000000000e+02,3.00000000000000000e+02,9.98999999999999999e-01,5.00000000000000000e+01,1.55079899282174605e+00,1.67500000000000000e+04,3.34866053578569222e+02,1.00000000000000006e-01,0.00000000000000000e+00,2.45338833616526756e+02,2.58336175339325513e-01,2.83902795500677518e+00,-1.20925601978579089e+00,-1.20925601978579089e+00,1.00000000000000006e-01,0.00000000000000000e+00,4.99999999999999005e+01,3.34866053578479523e+02,1.67499999999955107e+04,1,1.00000000000000000e+00,unitarity,check_unitarity_false,1.00000000000000000e+00,0.00000000000000000e+00,0.00000000000000000e+00,1.00000000000000000e+00,2HDMC-patched:check_stability==check_positivity,0.00000000000000000e+00,0.00000000000000000e+00,0.00000000000000000e+00,nan,0.00000000000000000e+00,-1.36227680180131188e+01,1.36227680180131188e+01,1.36227680180131188e+01,1.36227680180131188e+01,1.91285654414041419e-06,8.56332418409000555e-08,0.00000000000000000e+00,1.91513003647757369e-07,2.68108494872603293e-05,3.10732355456246416e-06,1.52362724841194896e-08,1.46523831459730763e-08,3.42042847776891170e-07,0.00000000000000000e+00,3.24814820786061565e-05,1.37474374730674719e-09,5.88906792957059125e-02,2.63637113705787957e-03,0.00000000000000000e+00,5.89606727871253445e-03,8.25419524342432154e-01,9.56644634331231675e-02,4.69075655083941523e-04,4.51099586851174805e-04,1.05303953480058964e-02,0.00000000000000000e+00,1.00000000000000000e+00,6.07506085844429166e-09
dihiggs.point.v2,DihiggsPointV2Evaluator,c4fc29fc3593d4a537089e22e43504bfb9ed4a87,no,THDM::set_param_phys+THDM::get_param_gen+THDM::get_coupling_hhh+2HDMC::DecayTable,issue62-yukawa-order-recompute-v2,seed_low_mass_neighborhood,point_da3b136874af8606,1,1.00000000000000000e+00,1.25129999999999995e+02,1.51250000000000000e+02,3.00000000000000000e+02,3.00000000000000000e+02,9.98999999999999999e-01,5.00000000000000000e+01,1.55079899282174605e+00,1.71250000000000000e+04,3.42363054778089406e+02,1.00000000000000006e-01,0.00000000000000000e+00,2.29874806059541470e+02,2.58333701094916435e-01,2.83284234398398116e+00,-1.20307040876299665e+00,-1.20307040876299687e+00,1.00000000000000006e-01,0.00000000000000000e+00,4.99999999999999005e+01,3.42363054778069682e+02,1.71249999999990105e+04,1,1.00000000000000000e+00,unitarity,check_unitarity_false,1.00000000000000000e+00,0.00000000000000000e+00,0.00000000000000000e+00,1.00000000000000000e+00,2HDMC-patched:check_stability==check_positivity,0.00000000000000000e+00,0.00000000000000000e+00,0.00000000000000000e+00,nan,0.00000000000000000e+00,-2.07877234590652336e+01,2.07877234590652336e+01,2.07877234590652336e+01,2.07877234590652336e+01,1.91285654414041419e-06,8.56332418409000555e-08,0.00000000000000000e+00,1.91513003647757369e-07,2.68108494872603293e-05,3.10732355456246416e-06,1.02377999960137318e-08,1.74140384670446383e-08,3.42042847776891170e-07,0.00000000000000000e+00,3.24792452614391201e-05,1.37474374731352345e-09,5.88947350451966001e-02,2.63655270162844102e-03,0.00000000000000000e+00,5.89647333570064713e-03,8.25476370261947645e-01,9.56710517609109662e-02,3.15210526402487801e-04,5.36158963266286192e-04,1.05311205671081414e-02,0.00000000000000000e+00,1.00000000000000000e+00,6.07547924256342995e-09
dihiggs.point.v2,DihiggsPointV2Evaluator,c4fc29fc3593d4a537089e22e43504bfb9ed4a87,no,THDM::set_param_phys+THDM::get_param_gen+THDM::get_coupling_hhh+2HDMC::DecayTable,issue62-yukawa-order-recompute-v2,seed_low_mass_neighborhood,point_39d679e571a919f5,1,1.00000000000000000e+00,1.25129999999999995e+02,1.51250000000000000e+02,3.00000000000000000e+02,3.00000000000000000e+02,9.98999999999999999e-01,5.00000000000000000e+01,1.55079899282174605e+00,1.75000000000000000e+04,3.49860055977609647e+02,1.00000000000000006e-01,0.00000000000000000e+00,2.14410778502556070e+02,2.58331226850507356e-01,2.82665673296118714e+00,-1.19688479774020262e+00,-1.19688479774020262e+00,1.00000000000000006e-01,0.00000000000000000e+00,4.99999999999999005e+01,3.49860055977705315e+02,1.75000000000047839e+04,1,1.00000000000000000e+00,unitarity,check_unitarity_false,1.00000000000000000e+00,0.00000000000000000e+00,0.00000000000000000e+00,1.00000000000000000e+00,2HDMC-patched:check_stability==check_positivity,0.00000000000000000e+00,0.00000000000000000e+00,0.00000000000000000e+00,nan,0.00000000000000000e+00,-2.79526789001174620e+01,2.79526789001174620e+01,2.79526789001174620e+01,2.79526789001174620e+01,1.91285654414041419e-06,8.56332418409000555e-08,0.00000000000000000e+00,1.91513003647757369e-07,2.68108494872603293e-05,3.10732355456246416e-06,6.22976805742066528e-09,2.04139785697702906e-08,3.42042847776891170e-07,0.00000000000000000e+00,3.24782371696032550e-05,1.37474374731352345e-09,5.88965630785736743e-02,2.63663453757413810e-03,0.00000000000000000e+00,5.89665635630607851e-03,8.25501992218743430e-01,9.56740212941927515e-02,1.91813614294656824e-04,6.28543306188919667e-04,1.05314474425050666e-02,0.00000000000000000e+00,1.00000000000000000e+00,6.07566781933227973e-09
dihiggs.point.v2,DihiggsPointV2Evaluator,c4fc29fc3593d4a537089e22e43504bfb9ed4a87,no,THDM::set_param_phys+THDM::get_param_gen+THDM::get_coupling_hhh+2HDMC::DecayTable,issue62-yukawa-order-recompute-v2,seed_low_mass_neighborhood,point_aff418787cb65d58,1,1.00000000000000000e+00,1.25129999999999995e+02,1.60000000000000000e+02,3.00000000000000000e+02,3.00000000000000000e+02,9.98999999999999999e-01,5.00000000000000000e+01,1.55079899282174605e+00,1.60000000000000000e+04,3.19872051179528796e+02,1.00000000000000006e-01,0.00000000000000000e+00,3.88550626651905986e+02,2.58368597912643827e-01,2.90694098926291078e+00,-1.22162724183137916e+00,-1.22162724183137938e+00,1.00000000000000006e-01,0.00000000000000000e+00,4.99999999999999005e+01,3.19872051179526636e+02,1.59999999999998909e+04,1,1.00000000000000000e+00,unitarity,check_unitarity_false,1.00000000000000000e+00,0.00000000000000000e+00,0.00000000000000000e+00,1.00000000000000000e+00,2HDMC-patched:check_stability==check_positivity,0.00000000000000000e+00,0.00000000000000000e+00,0.00000000000000000e+00,nan,0.00000000000000000e+00,2.80308650105775143e+01,-2.80308650105775143e+01,2.80308650105775143e+01,2.80308650105775143e+01,2.00338152427502149e-06,8.96334107850519972e-08,0.00000000000000000e+00,2.02610125121604169e-07,1.40366920359767704e-04,6.73749403175704451e-06,9.55319127446078934e-08,1.17731573766486230e-08,4.04987294696988796e-07,0.00000000000000000e+00,1.49913778235257676e-04,1.44641873302329797e-09,1.33635583590665154e-02,5.97899751711890586e-04,0.00000000000000000e+00,1.35151103191896629e-03,9.36317675480713874e-01,4.49424603333256414e-02,6.37245714631319224e-04,7.85328574547241800e-05,2.70146813364577918e-03,0.00000000000000000e+00,1.00000000000000000e+00,1.31626981003932419e-09
dihiggs.point.v2,DihiggsPointV2Evaluator,c4fc29fc3593d4a537089e22e43504bfb9ed4a87,no,THDM::set_param_phys+THDM::get_param_gen+THDM::get_coupling_hhh+2HDMC::DecayTable,issue62-yukawa-order-recompute-v2,seed_low_mass_neighborhood,point_3b02822bb2d0234f,1,1.00000000000000000e+00,1.25129999999999995e+02,1.60000000000000000e+02,3.00000000000000000e+02,3.00000000000000000e+02,9.98999999999999999e-01,5.00000000000000000e+01,1.55079899282174605e+00,1.63750000000000000e+04,3.27369052379049037e+02,1.00000000000000006e-01,0.00000000000000000e+00,3.73086599094920757e+02,2.58366123668234637e-01,2.90075537824011631e+00,-1.21544163080858492e+00,-1.21544163080858514e+00,1.00000000000000006e-01,0.00000000000000000e+00,4.99999999999999005e+01,3.27369052378980371e+02,1.63749999999965657e+04,1,1.00000000000000000e+00,unitarity,check_unitarity_false,1.00000000000000000e+00,0.00000000000000000e+00,0.00000000000000000e+00,1.00000000000000000e+00,2HDMC-patched:check_stability==check_positivity,0.00000000000000000e+00,0.00000000000000000e+00,0.00000000000000000e+00,nan,0.00000000000000000e+00,2.08659095695253711e+01,-2.08659095695253711e+01,2.08659095695253711e+01,2.08659095695253711e+01,2.00338152427502149e-06,8.96334107850519972e-08,0.00000000000000000e+00,2.02610125121604169e-07,1.40366920359767704e-04,6.73749403175704451e-06,8.10922184316575778e-08,1.47702261436719850e-08,4.04987294696988796e-07,0.00000000000000000e+00,1.49902335609711749e-04,1.44641873302329797e-09,1.33645784512061196e-02,5.97945391714396388e-04,0.00000000000000000e+00,1.35161419798770382e-03,9.36389148233349622e-01,4.49458909652942148e-02,5.40967010966331087e-04,9.85323282895871224e-05,2.70167434716574780e-03,0.00000000000000000e+00,1.00000000000000000e+00,1.31637028600917772e-09
dihiggs.point.v2,DihiggsPointV2Evaluator,c4fc29fc3593d4a537089e22e43504bfb9ed4a87,no,THDM::set_param_phys+THDM::get_param_gen+THDM::get_coupling_hhh+2HDMC::DecayTable,issue62-yukawa-order-recompute-v2,seed_low_mass_neighborhood,point_38a2cd0cffe5d6e8,1,1.00000000000000000e+00,1.25129999999999995e+02,1.60000000000000000e+02,3.00000000000000000e+02,3.00000000000000000e+02,9.98999999999999999e-01,5.00000000000000000e+01,1.55079899282174605e+00,1.67500000000000000e+04,3.34866053578569222e+02,1.00000000000000006e-01,0.00000000000000000e+00,3.57622571537935471e+02,2.58363649423825559e-01,2.89456976721732229e+00,-1.20925601978579089e+00,-1.20925601978579089e+00,1.00000000000000006e-01,0.00000000000000000e+00,4.99999999999999005e+01,3.34866053578570472e+02,1.67500000000000618e+04,1,1.00000000000000000e+00,unitarity,check_unitarity_false,1.00000000000000000e+00,0.00000000000000000e+00,0.00000000000000000e+00,1.00000000000000000e+00,2HDMC-patched:check_stability==check_positivity,0.00000000000000000e+00,0.00000000000000000e+00,0.00000000000000000e+00,nan,0.00000000000000000e+00,1.37009541284733132e+01,-1.37009541284733132e+01,1.37009541284733132e+01,1.37009541284733132e+01,2.00338152427502149e-06,8.96334107850519972e-08,0.00000000000000000e+00,2.02610125121604169e-07,1.40366920359767704e-04,6.73749403175704451e-06,6.78350069835211962e-08,1.81067860689925401e-08,4.04987294696988796e-07,0.00000000000000000e+00,1.49892414958188925e-04,1.44641873299619292e-09,1.33654629877959195e-02,5.97984966818063406e-04,0.00000000000000000e+00,1.35170365477212681e-03,9.36451123286803577e-01,4.49488657156961874e-02,4.52557969677405832e-04,1.20798547905464438e-04,2.70185315787964441e-03,0.00000000000000000e+00,1.00000000000000000e+00,1.31645741017010438e-09
dihiggs.point.v2,DihiggsPointV2Evaluator,c4fc29fc3593d4a537089e22e43504bfb9ed4a87,no,THDM::set_param_phys+THDM::get_param_gen+THDM::get_coupling_hhh+2HDMC::DecayTable,issue62-yukawa-order-recompute-v2,seed_low_mass_neighborhood,point_6bce607cc3c0db31,1,1.00000000000000000e+00,1.25129999999999995e+02,1.60000000000000000e+02,3.00000000000000000e+02,3.00000000000000000e+02,9.98999999999999999e-01,5.00000000000000000e+01,1.55079899282174605e+00,1.71250000000000000e+04,3.42363054778089406e+02,1.00000000000000006e-01,0.00000000000000000e+00,3.42158543980950185e+02,2.58361175179416480e-01,2.88838415619452782e+00,-1.20307040876299665e+00,-1.20307040876299687e+00,1.00000000000000006e-01,0.00000000000000000e+00,4.99999999999999005e+01,3.42363054778160631e+02,1.71250000000035616e+04,1,1.00000000000000000e+00,unitarity,check_unitarity_false,1.00000000000000000e+00,0.00000000000000000e+00,0.00000000000000000e+00,1.00000000000000000e+00,2HDMC-patched:check_stability==check_positivity,0.00000000000000000e+00,0.00000000000000000e+00,0.00000000000000000e+00,nan,0.00000000000000000e+00,6.53599868742131207e+00,-6.53599868742131207e+00,6.53599868742131207e+00,6.53599868742131207e+00,2.00338152427502149e-06,8.96334107850519972e-08,0.00000000000000000e+00,2.02610125121604169e-07,1.40366920359767704e-04,6.73749403175704451e-06,5.57602784001988613e-08,2.17828371526102420e-08,4.04987294696988796e-07,0.00000000000000000e+00,1.49884016280689230e-04,1.44641873299619292e-09,1.33662119149734401e-02,5.98018474613027772e-04,0.00000000000000000e+00,1.35177939682490388e-03,9.36503596867201860e-01,4.49513844033887847e-02,3.72022846624126067e-04,1.45331288106246876e-04,2.70200455489907074e-03,0.00000000000000000e+00,1.00000000000000000e+00,1.31653117721681464e-09
dihiggs.point.v2,DihiggsPointV2Evaluator,c4fc29fc3593d4a537089e22e43504bfb9ed4a87,no,THDM::set_param_phys+THDM::get_param_gen+THDM::get_coupling_hhh+2HDMC::DecayTable,issue62-yukawa-order-recompute-v2,seed_low_mass_neighborhood,point_06cf4c8614637dee,1,1.00000000000000000e+00,1.25129999999999995e+02,1.60000000000000000e+02,3.00000000000000000e+02,3.00000000000000000e+02,9.98999999999999999e-01,5.00000000000000000e+01,1.55079899282174605e+00,1.75000000000000000e+04,3.49860055977609647e+02,1.00000000000000006e-01,0.00000000000000000e+00,3.26694516423964785e+02,2.58358700935007346e-01,2.88219854517173379e+00,-1.19688479774020262e+00,-1.19688479774020262e+00,1.00000000000000006e-01,0.00000000000000000e+00,4.99999999999999005e+01,3.49860055977614365e+02,1.75000000000002365e+04,1,1.00000000000000000e+00,unitarity,check_unitarity_false,1.00000000000000000e+00,0.00000000000000000e+00,0.00000000000000000e+00,1.00000000000000000e+00,2HDMC-patched:check_stability==check_positivity,0.00000000000000000e+00,0.00000000000000000e+00,0.00000000000000000e+00,nan,0.00000000000000000e+00,-6.28956753630859566e-01,6.28956753630859566e-01,6.28956753630859566e-01,6.28956753630859566e-01,2.00338152427502149e-06,8.96334107850519972e-08,0.00000000000000000e+00,2.02610125121604169e-07,1.40366920359767704e-04,6.73749403175704451e-06,4.48680326816905596e-08,2.57983793945252148e-08,4.04987294696988796e-07,0.00000000000000000e+00,1.49877139577212664e-04,1.44641873302329797e-09,1.33668251871255743e-02,5.98045913058510700e-04,0.00000000000000000e+00,1.35184141953299613e-03,9.36546565778662021e-01,4.49534468749723456e-02,2.99365418957543955e-04,1.72130182543513149e-04,2.70212852900325248e-03,0.00000000000000000e+00,1.00000000000000000e+00,1.31659158265655620e-09
dihiggs.point.v2,DihiggsPointV2Evaluator,c4fc29fc3593d4a537089e22e43504bfb9ed4a87,no,THDM::set_param_phys+THDM::get_param_gen+THDM::get_coupling_hhh+2HDMC::DecayTable,issue62-yukawa-order-recompute-v2,seed_llp_neighborhood,point_d5caf16ad33c6ebe,1,1.00000000000000000e+00,1.25129999999999995e+02,1.80000000000000000e+02,5.00000000000000000e+02,5.00000000000000000e+02,1.00000000000000000e+00,1.00000000000000000e+04,1.57069632679522986e+00,3.80000000000000000e+04,3.79999996200359513e+00,1.00000000000000004e-10,0.00000000000000000e+00,-9.23717886908646300e+06,2.58270156746217283e-01,7.34450614538307800e+00,-3.49693209821963080e+00,-3.49693209821963080e+00,1.00000000000000004e-10,0.00000000000000000e+00,9.99999999999053944e+03,3.79999994947506581e+00,3.79999998747147038e+04,1,1.00000000000000000e+00,positivity,check_positivity_false,0.00000000000000000e+00,0.00000000000000000e+00,0.00000000000000000e+00,0.00000000000000000e+00,2HDMC-patched:check_stability==check_positivity,0.00000000000000000e+00,0.00000000000000000e+00,0.00000000000000000e+00,nan,0.00000000000000000e+00,-1.81037551687242058e+01,1.81037551687242058e+01,1.81037551687242058e+01,1.81037551687242058e+01,3.60223568664567363e-11,1.61002761091231405e-12,0.00000000000000000e+00,3.72757735730989144e-12,0.00000000000000000e+00,0.00000000000000000e+00,9.31543379055237999e-04,3.53884055676337349e-04,9.27293741477912936e-12,0.00000000000000000e+00,1.28542748539076297e-03,2.62884332358215289e-14,2.80236398208850608e-08,1.25252309384288162e-09,0.00000000000000000e+00,2.89987369935280952e-09,0.00000000000000000e+00,0.00000000000000000e+00,7.24695394833613560e-01,2.75304565756004926e-01,7.21389383700645439e-09,0.00000000000000000e+00,1.00000000000000000e+00,1.53510783488509025e-10
dihiggs.point.v2,DihiggsPointV2Evaluator,c4fc29fc3593d4a537089e22e43504bfb9ed4a87,no,THDM::set_param_phys+THDM::get_param_gen+THDM::get_coupling_hhh+2HDMC::DecayTable,issue62-yukawa-order-recompute-v2,seed_llp_neighborhood,point_caad02ab5d6263a1,1,1.00000000000000000e+00,1.25129999999999995e+02,1.80000000000000000e+02,5.00000000000000000e+02,5.00000000000000000e+02,1.00000000000000000e+00,1.00000000000000000e+04,1.57069632679522986e+00,3.90000000000000000e+04,3.89999996100368973e+00,1.00000000000000004e-10,0.00000000000000000e+00,-1.08866751418284439e+07,2.58270156581267674e-01,7.32801118265562756e+00,-3.48043713549217992e+00,-3.48043713549217992e+00,1.00000000000000004e-10,0.00000000000000000e+00,9.99999999999053944e+03,3.89999997423359979e+00,3.90000001322991011e+04,1,1.00000000000000000e+00,positivity,check_positivity_false,0.00000000000000000e+00,0.00000000000000000e+00,0.00000000000000000e+00,0.00000000000000000e+00,2HDMC-patched:check_stability==check_positivity,0.00000000000000000e+00,0.00000000000000000e+00,0.00000000000000000e+00,nan,0.00000000000000000e+00,-9.98095694952644408e+00,9.98095694952644408e+00,9.98095694952644408e+00,9.98095694952644408e+00,3.60223568664567363e-11,1.61002761091231405e-12,0.00000000000000000e+00,3.72757735730989144e-12,0.00000000000000000e+00,0.00000000000000000e+00,1.29394041659029757e-03,4.91555374131948911e-04,9.27293741477912936e-12,0.00000000000000000e+00,1.78549584138143393e-03,2.62879995549525347e-14,2.01749878277993200e-08,9.01725769165969839e-10,0.00000000000000000e+00,2.08769870582609334e-09,0.00000000000000000e+00,0.00000000000000000e+00,7.24695284414204499e-01,2.75304687213179744e-01,5.19348026462199953e-09,0.00000000000000000e+00,1.00000000000000000e+00,1.10516628393448732e-10
dihiggs.point.v2,DihiggsPointV2Evaluator,c4fc29fc3593d4a537089e22e43504bfb9ed4a87,no,THDM::set_param_phys+THDM::get_param_gen+THDM::get_coupling_hhh+2HDMC::DecayTable,issue62-yukawa-order-recompute-v2,seed_llp_neighborhood,point_fc04c6ceae93ae03,1,1.00000000000000000e+00,1.25129999999999995e+02,1.80000000000000000e+02,5.00000000000000000e+02,5.00000000000000000e+02,1.00000000000000000e+00,1.00000000000000000e+04,1.57069632679522986e+00,4.00000000000000000e+04,3.99999996000378388e+00,1.00000000000000004e-10,0.00000000000000000e+00,-1.25361714145704228e+07,2.58270156416318009e-01,7.31151621992817624e+00,-3.46394217276472904e+00,-3.46394217276472904e+00,1.00000000000000004e-10,0.00000000000000000e+00,9.99999999999053944e+03,3.99999995351739868e+00,3.99999999351361475e+04,1,1.00000000000000000e+00,positivity,check_positivity_false,0.00000000000000000e+00,0.00000000000000000e+00,0.00000000000000000e+00,0.00000000000000000e+00,2HDMC-patched:check_stability==check_positivity,0.00000000000000000e+00,0.00000000000000000e+00,0.00000000000000000e+00,nan,0.00000000000000000e+00,-1.85815873032834133e+00,1.85815873032834133e+00,1.85815873032834133e+00,1.85815873032834133e+00,3.60223568664567363e-11,1.61002761091231405e-12,0.00000000000000000e+00,3.72757735730989144e-12,0.00000000000000000e+00,0.00000000000000000e+00,1.71574654672069777e-03,6.51795703825536741e-04,9.27293741477912936e-12,0.00000000000000000e+00,2.36754230120542197e-03,2.62879995549525347e-14,1.52150847940989843e-08,6.80041750507510151e-10,0.00000000000000000e+00,1.57445016100114224e-09,0.00000000000000000e+00,0.00000000000000000e+00,7.24695202213339273e-01,2.75304776389287020e-01,3.91669344621967739e-09,0.00000000000000000e+00,1.00000000000000000e+00,8.33467601822919879e-11
dihiggs.point.v2,DihiggsPointV2Evaluator,c4fc29fc3593d4a537089e22e43504bfb9ed4a87,no,THDM::set_param_phys+THDM::get_param_gen+THDM::get_coupling_hhh+2HDMC::DecayTable,issue62-yukawa-order-recompute-v2,seed_llp_neighborhood,point_0cce67b9bbcf6e40,1,1.00000000000000000e+00,1.25129999999999995e+02,1.80000000000000000e+02,5.00000000000000000e+02,5.00000000000000000e+02,1.00000000000000000e+00,1.00000000000000000e+04,1.57069632679522986e+00,4.10000000000000000e+04,4.09999995900387937e+00,1.00000000000000004e-10,0.00000000000000000e+00,-1.41856676873124279e+07,2.58270156251368399e-01,7.29502125720072403e+00,-3.44744721003727816e+00,-3.44744721003727816e+00,1.00000000000000004e-10,0.00000000000000000e+00,9.99999999999053944e+03,4.09999995099109160e+00,4.09999999198721271e+04,1,1.00000000000000000e+00,positivity,check_positivity_false,0.00000000000000000e+00,0.00000000000000000e+00,0.00000000000000000e+00,0.00000000000000000e+00,2HDMC-patched:check_stability==check_positivity,0.00000000000000000e+00,0.00000000000000000e+00,0.00000000000000000e+00,nan,0.00000000000000000e+00,6.26463948887010247e+00,-6.26463948887010247e+00,6.26463948887010247e+00,6.26463948887010247e+00,3.60223568664567363e-11,1.61002761091231405e-12,0.00000000000000000e+00,3.72757735730989144e-12,0.00000000000000000e+00,0.00000000000000000e+00,2.19696176944644871e-03,8.34605044757104038e-04,9.27293741477912936e-12,0.00000000000000000e+00,3.03156686486273988e-03,2.62879995549525347e-14,1.18824220187825939e-08,5.31087613330676523e-10,0.00000000000000000e+00,1.22958770941661704e-09,0.00000000000000000e+00,0.00000000000000000e+00,7.24695138646041515e-01,2.75304844643396107e-01,3.05879362987396268e-09,0.00000000000000000e+00,1.00000000000000000e+00,6.50907564293273029e-11
dihiggs.point.v2,DihiggsPointV2Evaluator,c4fc29fc3593d4a537089e22e43504bfb9ed4a87,no,THDM::set_param_phys+THDM::get_param_gen+THDM::get_coupling_hhh+2HDMC::DecayTable,issue62-yukawa-order-recompute-v2,seed_llp_neighborhood,point_9cdffa5caca8b3c9,1,1.00000000000000000e+00,1.25129999999999995e+02,1.80000000000000000e+02,5.00000000000000000e+02,5.00000000000000000e+02,1.00000000000000000e+00,1.00000000000000000e+04,1.57069632679522986e+00,4.20000000000000000e+04,4.19999995800397397e+00,1.00000000000000004e-10,0.00000000000000000e+00,-1.58351639600544088e+07,2.58270156086418734e-01,7.27852629447327448e+00,-3.43095224730982684e+00,-3.43095224730982684e+00,1.00000000000000004e-10,0.00000000000000000e+00,9.99999999999053944e+03,4.19999994846478408e+00,4.19999999046081066e+04,1,1.00000000000000000e+00,positivity,check_positivity_false,0.00000000000000000e+00,0.00000000000000000e+00,0.00000000000000000e+00,0.00000000000000000e+00,2HDMC-patched:check_stability==check_positivity,0.00000000000000000e+00,0.00000000000000000e+00,0.00000000000000000e+00,nan,0.00000000000000000e+00,1.43874377080671820e+01,-1.43874377080671820e+01,1.43874377080671820e+01,1.43874377080671820e+01,3.60223568664567363e-11,1.61002761091231405e-12,0.00000000000000000e+00,3.72757735730989144e-12,0.00000000000000000e+00,0.00000000000000000e+00,2.73758608476753476e-03,1.03998339692664430e-03,9.27293741477912936e-12,0.00000000000000000e+00,3.77756953235336640e-03,2.62879995549525347e-14,9.53585541124781707e-09,4.26207273518878705e-10,0.00000000000000000e+00,9.86766047688781969e-10,0.00000000000000000e+00,0.00000000000000000e+00,7.24695088024511325e-01,2.75304898564964595e-01,2.45473639475333093e-09,0.00000000000000000e+00,1.00000000000000000e+00,5.22364919321732218e-11
dihiggs.point.v2,DihiggsPointV2Evaluator,c4fc29fc3593d4a537089e22e43504bfb9ed4a87,no,THDM::set_param_phys+THDM::get_param_gen+THDM::get_coupling_hhh+2HDMC::DecayTable,issue62-yukawa-order-recompute-v2,seed_llp_neighborhood,point_cd0de499775b6a89,1,1.00000000000000000e+00,1.25129999999999995e+02,1.90000000000000000e+02,5.00000000000000000e+02,5.00000000000000000e+02,1.00000000000000000e+00,1.00000000000000000e+04,1.57069632679522986e+00,3.80000000000000000e+04,3.79999996200359513e+00,1.00000000000000004e-10,0.00000000000000000e+00,-3.13404265994111868e+06,2.58270157356530916e-01,7.28347478329154541e+00,-3.49693209821963080e+00,-3.49693209821963080e+00,1.00000000000000004e-10,0.00000000000000000e+00,9.99999999999053944e+03,3.79999996766495984e+00,3.80000000566136514e+04,1,1.00000000000000000e+00,positivity,check_positivity_false,0.00000000000000000e+00,0.00000000000000000e+00,0.00000000000000000e+00,0.00000000000000000e+00,2HDMC-patched:check_stability==check_positivity,0.00000000000000000e+00,0.00000000000000000e+00,0.00000000000000000e+00,nan,0.00000000000000000e+00,-4.81581085797653259e+01,4.81581085797653259e+01,4.81581085797653259e+01,4.81581085797653259e+01,3.76336454776948530e-11,1.68137154597607431e-12,0.00000000000000000e+00,3.93490086158958860e-12,0.00000000000000000e+00,0.00000000000000000e+00,1.26632476176883707e-04,5.33904063957869453e-05,1.09692646364039529e-11,0.00000000000000000e+00,1.80022936819453208e-04,2.76000197089315558e-14,2.09049169747952789e-07,9.33976289733756876e-09,0.00000000000000000e+00,2.18577750763834036e-08,0.00000000000000000e+00,0.00000000000000000e+00,7.03424121471169395e-01,2.96575577196214246e-01,6.09325946471206416e-08,0.00000000000000000e+00,1.00000000000000000e+00,1.09612132701679676e-09
dihiggs.point.v2,DihiggsPointV2Evaluator,c4fc29fc3593d4a537089e22e43504bfb9ed4a87,no,THDM::set_param_phys+THDM::get_param_gen+THDM::get_coupling_hhh+2HDMC::DecayTable,issue62-yukawa-order-recompute-v2,seed_llp_neighborhood,point_5e57b12eb9d56d46,1,1.00000000000000000e+00,1.25129999999999995e+02,1.90000000000000000e+02,5.00000000000000000e+02,5.00000000000000000e+02,1.00000000000000000e+00,1.00000000000000000e+04,1.57069632679522986e+00,3.90000000000000000e+04,3.89999996100368973e+00,1.00000000000000004e-10,0.00000000000000000e+00,-4.78353893268309906e+06,2.58270157191581251e-01,7.26697982056409675e+00,-3.48043713549217992e+00,-3.48043713549217992e+00,1.00000000000000004e-10,0.00000000000000000e+00,9.99999999999053944e+03,3.89999995604370575e+00,3.89999999504001607e+04,1,1.00000000000000000e+00,positivity,check_positivity_false,0.00000000000000000e+00,0.00000000000000000e+00,0.00000000000000000e+00,0.00000000000000000e+00,2HDMC-patched:check_stability==check_positivity,0.00000000000000000e+00,0.00000000000000000e+00,0.00000000000000000e+00,nan,0.00000000000000000e+00,-4.00353103605680190e+01,4.00353103605680190e+01,4.00353103605680190e+01,4.00353103605680190e+01,3.76336454776948530e-11,1.68137154597607431e-12,0.00000000000000000e+00,3.93490086158958860e-12,0.00000000000000000e+00,0.00000000000000000e+00,2.95005210000051676e-04,1.24379714697718714e-04,1.09692646364039529e-11,0.00000000000000000e+00,4.19384978944552938e-04,2.76001010240944922e-14,8.97353204504503994e-08,4.00913630766534722e-09,0.00000000000000000e+00,9.38255078065116794e-09,0.00000000000000000e+00,0.00000000000000000e+00,7.03423405250416578e-01,2.96576465401167833e-01,2.61555973320975907e-08,0.00000000000000000e+00,1.00000000000000000e+00,4.70515135989380995e-10
dihiggs.point.v2,DihiggsPointV2Evaluator,c4fc29fc3593d4a537089e22e43504bfb9ed4a87,no,THDM::set_param_phys+THDM::get_param_gen+THDM::get_coupling_hhh+2HDMC::DecayTable,issue62-yukawa-order-recompute-v2,seed_llp_neighborhood,point_f541b71464fc77d8,1,1.00000000000000000e+00,1.25129999999999995e+02,1.90000000000000000e+02,5.00000000000000000e+02,5.00000000000000000e+02,1.00000000000000000e+00,1.00000000000000000e+04,1.57069632679522986e+00,4.00000000000000000e+04,3.99999996000378388e+00,1.00000000000000004e-10,0.00000000000000000e+00,-6.43303520542507898e+06,2.58270157026631642e-01,7.25048485783664454e+00,-3.46394217276472904e+00,-3.46394217276472904e+00,1.00000000000000004e-10,0.00000000000000000e+00,9.99999999999053944e+03,3.99999995351739868e+00,3.99999999351361475e+04,1,1.00000000000000000e+00,positivity,check_positivity_false,0.00000000000000000e+00,0.00000000000000000e+00,0.00000000000000000e+00,0.00000000000000000e+00,2HDMC-patched:check_stability==check_positivity,0.00000000000000000e+00,0.00000000000000000e+00,0.00000000000000000e+00,nan,0.00000000000000000e+00,-3.19125121413698025e+01,3.19125121413698025e+01,3.19125121413698025e+01,3.19125121413698025e+01,3.76336454776948530e-11,1.68137154597607431e-12,0.00000000000000000e+00,3.93490086158958860e-12,0.00000000000000000e+00,0.00000000000000000e+00,5.33532469453753947e-04,2.24947708800556903e-04,1.09692646364039529e-11,0.00000000000000000e+00,7.58480232501093318e-04,2.75998841836599951e-14,4.96171737443936694e-08,2.21676383105165593e-09,0.00000000000000000e+00,5.18787529717713018e-09,0.00000000000000000e+00,0.00000000000000000e+00,7.03423038059182271e-01,2.96576890420453598e-01,1.44621628440239432e-08,0.00000000000000000e+00,1.00000000000000000e+00,2.60161006107322066e-10
dihiggs.point.v2,DihiggsPointV2Evaluator,c4fc29fc3593d4a537089e22e43504bfb9ed4a87,no,THDM::set_param_phys+THDM::get_param_gen+THDM::get_coupling_hhh+2HDMC::DecayTable,issue62-yukawa-order-recompute-v2,seed_llp_neighborhood,point_6dab0aa90d30eebb,1,1.00000000000000000e+00,1.25129999999999995e+02,1.90000000000000000e+02,5.00000000000000000e+02,5.00000000000000000e+02,1.00000000000000000e+00,1.00000000000000000e+04,1.57069632679522986e+00,4.10000000000000000e+04,4.09999995900387937e+00,1.00000000000000004e-10,0.00000000000000000e+00,-8.08253147816708405e+06,2.58270156861682032e-01,7.23398989510919410e+00,-3.44744721003727816e+00,-3.44744721003727816e+00,1.00000000000000004e-10,0.00000000000000000e+00,9.99999999999053944e+03,4.09999996918098564e+00,4.10000001017710674e+04,1,1.00000000000000000e+00,positivity,check_positivity_false,0.00000000000000000e+00,0.00000000000000000e+00,0.00000000000000000e+00,0.00000000000000000e+00,2HDMC-patched:check_stability==check_positivity,0.00000000000000000e+00,0.00000000000000000e+00,0.00000000000000000e+00,nan,0.00000000000000000e+00,-2.37897139221718135e+01,2.37897139221718135e+01,2.37897139221718135e+01,2.37897139221718135e+01,3.76336454776948530e-11,1.68137154597607431e-12,0.00000000000000000e+00,3.93490086158958860e-12,0.00000000000000000e+00,0.00000000000000000e+00,8.42214254537996675e-04,3.55094388704303959e-04,1.09692646364039529e-11,0.00000000000000000e+00,1.19730869748908299e-03,2.75998841836599951e-14,3.14318651126628066e-08,1.40429243477654182e-09,0.00000000000000000e+00,3.28645475460222057e-09,0.00000000000000000e+00,0.00000000000000000e+00,7.03422815105438581e-01,2.96577139587296534e-01,9.16160106362542390e-09,0.00000000000000000e+00,1.00000000000000000e+00,1.64808775559570541e-10
dihiggs.point.v2,DihiggsPointV2Evaluator,c4fc29fc3593d4a537089e22e43504bfb9ed4a87,no,THDM::set_param_phys+THDM::get_param_gen+THDM::get_coupling_hhh+2HDMC::DecayTable,issue62-yukawa-order-recompute-v2,seed_llp_neighborhood,point_b923c82e5aab31fe,1,1.00000000000000000e+00,1.25129999999999995e+02,1.90000000000000000e+02,5.00000000000000000e+02,5.00000000000000000e+02,1.00000000000000000e+00,1.00000000000000000e+04,1.57069632679522986e+00,4.20000000000000000e+04,4.19999995800397397e+00,1.00000000000000004e-10,0.00000000000000000e+00,-9.73202775090906210e+06,2.58270156696732367e-01,7.21749493238174278e+00,-3.43095224730982684e+00,-3.43095224730982684e+00,1.00000000000000004e-10,0.00000000000000000e+00,9.99999999999053944e+03,4.19999994846478408e+00,4.19999999046081066e+04,1,1.00000000000000000e+00,positivity,check_positivity_false,0.00000000000000000e+00,0.00000000000000000e+00,0.00000000000000000e+00,0.00000000000000000e+00,2HDMC-patched:check_stability==check_positivity,0.00000000000000000e+00,0.00000000000000000e+00,0.00000000000000000e+00,nan,0.00000000000000000e+00,-1.56669157029741655e+01,1.56669157029741655e+01,1.56669157029741655e+01,1.56669157029741655e+01,3.76336454776948530e-11,1.68137154597607431e-12,0.00000000000000000e+00,3.93490086158958860e-12,0.00000000000000000e+00,0.00000000000000000e+00,1.22105056525276907e-03,5.14819754408955789e-04,1.09692646364039529e-11,0.00000000000000000e+00,1.73587037390850727e-03,2.75998841836599951e-14,2.16799860423670181e-08,9.68604321640836157e-10,0.00000000000000000e+00,2.26681722364424992e-09,0.00000000000000000e+00,0.00000000000000000e+00,7.03422665428315663e-01,2.96577303321204355e-01,6.31917267630152592e-09,0.00000000000000000e+00,1.00000000000000000e+00,1.13676103565092902e-10
dihiggs.point.v2,DihiggsPointV2Evaluator,c4fc29fc3593d4a537089e22e43504bfb9ed4a87,no,THDM::set_param_phys+THDM::get_param_gen+THDM::get_coupling_hhh+2HDMC::DecayTable,issue62-yukawa-order-recompute-v2,seed_llp_neighborhood,point_cc3dded93a8e7ed3,1,1.00000000000000000e+00,1.25129999999999995e+02,2.00000000000000000e+02,5.00000000000000000e+02,5.00000000000000000e+02,1.00000000000000000e+00,1.00000000000000000e+04,1.57069632679522986e+00,3.80000000000000000e+04,3.79999996200359513e+00,1.00000000000000004e-10,0.00000000000000000e+00,3.29899280375262862e+06,2.58270157999834438e-01,7.21914442865452610e+00,-3.49693209821963080e+00,-3.49693209821963080e+00,1.00000000000000004e-10,0.00000000000000000e+00,9.99999999999053944e+03,3.79999994947506581e+00,3.79999998747147038e+04,1,1.00000000000000000e+00,unitarity,check_unitarity_false,1.00000000000000000e+00,0.00000000000000000e+00,0.00000000000000000e+00,1.00000000000000000e+00,2HDMC-patched:check_stability==check_positivity,0.00000000000000000e+00,0.00000000000000000e+00,0.00000000000000000e+00,nan,0.00000000000000000e+00,-7.98370216346470443e+01,7.98370216346470443e+01,7.98370216346470443e+01,7.98370216346470443e+01,3.92309077037458490e-11,1.75213231424297158e-12,0.00000000000000000e+00,4.14221289487724465e-12,0.00000000000000000e+00,0.00000000000000000e+00,1.64347562461126791e-04,7.55319214082407817e-05,1.28927420729215300e-11,0.00000000000000000e+00,2.39879541916269615e-04,2.89070525329171435e-14,1.63544199686021863e-07,7.30421735945517424e-09,0.00000000000000000e+00,1.72678872978800800e-08,0.00000000000000000e+00,0.00000000000000000e+00,6.85125380631636416e-01,3.14874377384818160e-01,5.37467345899041510e-08,0.00000000000000000e+00,1.00000000000000000e+00,8.22608626078156094e-10
dihiggs.point.v2,DihiggsPointV2Evaluator,c4fc29fc3593d4a537089e22e43504bfb9ed4a87,no,THDM::set_param_phys+THDM::get_param_gen+THDM::get_coupling_hhh+2HDMC::DecayTable,issue62-yukawa-order-recompute-v2,seed_llp_neighborhood,point_2d52a5156020cfd0,1,1.00000000000000000e+00,1.25129999999999995e+02,2.00000000000000000e+02,5.00000000000000000e+02,5.00000000000000000e+02,1.00000000000000000e+00,1.00000000000000000e+04,1.57069632679522986e+00,3.90000000000000000e+04,3.89999996100368973e+00,1.00000000000000004e-10,0.00000000000000000e+00,1.64949653101064824e+06,2.58270157834884773e-01,7.20264946592707567e+00,-3.48043713549217992e+00,-3.48043713549217992e+00,1.00000000000000004e-10,0.00000000000000000e+00,9.99999999999053944e+03,3.89999995604370575e+00,3.89999999504001607e+04,1,1.00000000000000000e+00,unitarity,check_unitarity_false,1.00000000000000000e+00,0.00000000000000000e+00,0.00000000000000000e+00,1.00000000000000000e+00,2HDMC-patched:check_stability==check_positivity,0.00000000000000000e+00,0.00000000000000000e+00,0.00000000000000000e+00,nan,0.00000000000000000e+00,-7.17142234154492826e+01,7.17142234154492826e+01,7.17142234154492826e+01,7.17142234154492826e+01,3.92309077037458490e-11,1.75213231424297158e-12,0.00000000000000000e+00,4.14221289487724465e-12,0.00000000000000000e+00,0.00000000000000000e+00,4.10857846320009435e-05,1.88826825711523567e-05,1.28927420729215300e-11,0.00000000000000000e+00,5.99685252500553224e-05,2.89070389803899874e-14,6.54191637032288968e-07,2.92175321460211351e-08,0.00000000000000000e+00,6.90731158988009865e-08,0.00000000000000000e+00,0.00000000000000000e+00,6.85122478178051275e-01,3.14876553865812092e-01,2.14991814775529030e-07,0.00000000000000000e+00,1.00000000000000000e+00,3.29050913920578619e-09
dihiggs.point.v2,DihiggsPointV2Evaluator,c4fc29fc3593d4a537089e22e43504bfb9ed4a87,no,THDM::set_param_phys+THDM::get_param_gen+THDM::get_coupling_hhh+2HDMC::DecayTable,issue62-yukawa-order-recompute-v2,seed_llp_neighborhood,point_01558b1792e70bce,1,1.00000000000000000e+00,1.25129999999999995e+02,2.00000000000000000e+02,5.00000000000000000e+02,5.00000000000000000e+02,1.00000000000000000e+00,1.00000000000000000e+04,1.57069632679522986e+00,4.00000000000000000e+04,3.99999996000378388e+00,1.00000000000000004e-10,0.00000000000000000e+00,2.58268667848463584e-01,2.58270157669935163e-01,7.18615450319962434e+00,-3.46394217276472904e+00,-3.46394217276472904e+00,1.00000000000000004e-10,0.00000000000000000e+00,9.99999999999053944e+03,3.99999995351739868e+00,3.99999999351361475e+04,1,1.00000000000000000e+00,accepted,none,1.00000000000000000e+00,1.00000000000000000e+00,1.00000000000000000e+00,1.00000000000000000e+00,2HDMC-patched:check_stability==check_positivity,1.00000000000000000e+00,1.00000000000000000e+00,0.00000000000000000e+00,nan,0.00000000000000000e+00,-6.35914251962509525e+01,6.35914251962509525e+01,6.35914251962509525e+01,6.35914251962509525e+01,3.92309077037458490e-11,1.75213231424297158e-12,0.00000000000000000e+00,4.14221289487724465e-12,0.00000000000000000e+00,0.00000000000000000e+00,2.97753838059918387e-14,4.69639202005380604e-15,1.28927420729215300e-11,0.00000000000000000e+00,5.80813738027275694e-11,2.89070411139278941e-14,6.75447310130662171e-01,3.01668538384450083e-02,0.00000000000000000e+00,7.13174056272532775e-02,0.00000000000000000e+00,0.00000000000000000e+00,5.12649440888286170e-04,8.08588315421915533e-05,2.21977223140615021e-01,0.00000000000000000e+00,1.00000000000000000e+00,3.39742274468606475e-03
dihiggs.point.v2,DihiggsPointV2Evaluator,c4fc29fc3593d4a537089e22e43504bfb9ed4a87,no,THDM::set_param_phys+THDM::get_param_gen+THDM::get_coupling_hhh+2HDMC::DecayTable,issue62-yukawa-order-recompute-v2,seed_llp_neighborhood,point_2b3702f20d36e471,1,1.00000000000000000e+00,1.25129999999999995e+02,2.00000000000000000e+02,5.00000000000000000e+02,5.00000000000000000e+02,1.00000000000000000e+00,1.00000000000000000e+04,1.57069632679522986e+00,4.10000000000000000e+04,4.09999995900387937e+00,1.00000000000000004e-10,0.00000000000000000e+00,-1.64949601447333628e+06,2.58270157504985554e-01,7.16965954047217213e+00,-3.44744721003727816e+00,-3.44744721003727816e+00,1.00000000000000004e-10,0.00000000000000000e+00,9.99999999999053944e+03,4.09999995099109160e+00,4.09999999198721271e+04,1,1.00000000000000000e+00,positivity,check_positivity_false,0.00000000000000000e+00,0.00000000000000000e+00,0.00000000000000000e+00,0.00000000000000000e+00,2HDMC-patched:check_stability==check_positivity,0.00000000000000000e+00,0.00000000000000000e+00,0.00000000000000000e+00,nan,0.00000000000000000e+00,-5.54686269770527360e+01,5.54686269770527360e+01,5.54686269770527360e+01,5.54686269770527360e+01,3.92309077037458490e-11,1.75213231424297158e-12,0.00000000000000000e+00,4.14221289487724465e-12,0.00000000000000000e+00,0.00000000000000000e+00,4.10902086544513164e-05,1.88838737088734473e-05,1.28927420729215300e-11,0.00000000000000000e+00,5.99741404102267859e-05,2.89070389803899874e-14,6.54130387453726561e-07,2.92147966149790483e-08,0.00000000000000000e+00,6.90666488347186889e-08,0.00000000000000000e+00,0.00000000000000000e+00,6.85132098157502201e-01,3.14866933976987340e-01,2.14971685875518794e-07,0.00000000000000000e+00,1.00000000000000000e+00,3.29020106082840715e-09
dihiggs.point.v2,DihiggsPointV2Evaluator,c4fc29fc3593d4a537089e22e43504bfb9ed4a87,no,THDM::set_param_phys+THDM::get_param_gen+THDM::get_coupling_hhh+2HDMC::DecayTable,issue62-yukawa-order-recompute-v2,seed_llp_neighborhood,point_0fa2534e35fac5a8,1,1.00000000000000000e+00,1.25129999999999995e+02,2.00000000000000000e+02,5.00000000000000000e+02,5.00000000000000000e+02,1.00000000000000000e+00,1.00000000000000000e+04,1.57069632679522986e+00,4.20000000000000000e+04,4.19999995800397397e+00,1.00000000000000004e-10,0.00000000000000000e+00,-3.29899228721531667e+06,2.58270157340035889e-01,7.15316457774472259e+00,-3.43095224730982684e+00,-3.43095224730982684e+00,1.00000000000000004e-10,0.00000000000000000e+00,9.99999999999053944e+03,4.19999994846478408e+00,4.19999999046081066e+04,1,1.00000000000000000e+00,positivity,check_positivity_false,0.00000000000000000e+00,0.00000000000000000e+00,0.00000000000000000e+00,0.00000000000000000e+00,2HDMC-patched:check_stability==check_positivity,0.00000000000000000e+00,0.00000000000000000e+00,0.00000000000000000e+00,nan,0.00000000000000000e+00,-4.73458287578554291e+01,4.73458287578554291e+01,4.73458287578554291e+01,4.73458287578554291e+01,3.92309077037458490e-11,1.75213231424297158e-12,0.00000000000000000e+00,4.14221289487724465e-12,0.00000000000000000e+00,0.00000000000000000e+00,1.64356410506027577e-04,7.55343036836829494e-05,1.28927420729215300e-11,0.00000000000000000e+00,2.39890772236612556e-04,2.89070525329171435e-14,1.63536543477591746e-07,7.30387541757872580e-09,0.00000000000000000e+00,1.72670789136967597e-08,0.00000000000000000e+00,0.00000000000000000e+00,6.85130190601567546e-01,3.14869567426215358e-01,5.37442184737517657e-08,0.00000000000000000e+00,1.00000000000000000e+00,8.22570116225102546e-10
dihiggs.point.v2,DihiggsPointV2Evaluator,c4fc29fc3593d4a537089e22e43504bfb9ed4a87,no,THDM::set_param_phys+THDM::get_param_gen+THDM::get_coupling_hhh+2HDMC::DecayTable,issue62-yukawa-order-recompute-v2,seed_llp_neighborhood,point_14752431a4ab1d18,1,1.00000000000000000e+00,1.25129999999999995e+02,2.10000000000000000e+02,5.00000000000000000e+02,5.00000000000000000e+02,1.00000000000000000e+00,1.00000000000000000e+04,1.57069632679522986e+00,3.80000000000000000e+04,3.79999996200359513e+00,1.00000000000000004e-10,0.00000000000000000e+00,1.00619275219947714e+07,2.58270158676127903e-01,7.15151508147201831e+00,-3.49693209821963080e+00,-3.49693209821963080e+00,1.00000000000000004e-10,0.00000000000000000e+00,9.99999999999053944e+03,3.79999994947506581e+00,3.79999998747147038e+04,1,1.00000000000000000e+00,unitarity,check_unitarity_false,1.00000000000000000e+00,0.00000000000000000e+00,0.00000000000000000e+00,1.00000000000000000e+00,2HDMC-patched:check_stability==check_positivity,0.00000000000000000e+00,0.00000000000000000e+00,0.00000000000000000e+00,nan,0.00000000000000000e+00,-1.13140494333368451e+02,1.13140494333368451e+02,1.13140494333368451e+02,1.13140494333368451e+02,4.08151231705537371e-11,1.82234710407314775e-12,0.00000000000000000e+00,4.34951509537856477e-12,0.00000000000000000e+00,0.00000000000000000e+00,1.77787105365582294e-03,8.78303565768034401e-04,1.50696131660105532e-11,0.00000000000000000e+00,2.65617468151066547e-03,3.02097756532671013e-14,1.53661291385175989e-08,6.86079540159125035e-10,0.00000000000000000e+00,1.63751093843904640e-09,0.00000000000000000e+00,0.00000000000000000e+00,6.69335140505398329e-01,3.30664836120081684e-01,5.67342700422093578e-09,0.00000000000000000e+00,1.00000000000000000e+00,7.42899108908653602e-11
dihiggs.point.v2,DihiggsPointV2Evaluator,c4fc29fc3593d4a537089e22e43504bfb9ed4a87,no,THDM::set_param_phys+THDM::get_param_gen+THDM::get_coupling_hhh+2HDMC::DecayTable,issue62-yukawa-order-recompute-v2,seed_llp_neighborhood,point_a7f2073c1fa9fafb,1,1.00000000000000000e+00,1.25129999999999995e+02,2.10000000000000000e+02,5.00000000000000000e+02,5.00000000000000000e+02,1.00000000000000000e+00,1.00000000000000000e+04,1.57069632679522986e+00,3.90000000000000000e+04,3.89999996100368973e+00,1.00000000000000004e-10,0.00000000000000000e+00,8.41243124925279245e+06,2.58270158511178294e-01,7.13502011874456787e+00,-3.48043713549217992e+00,-3.48043713549217992e+00,1.00000000000000004e-10,0.00000000000000000e+00,9.99999999999053944e+03,3.89999997423359979e+00,3.90000001322991011e+04,1,1.00000000000000000e+00,unitarity,check_unitarity_false,1.00000000000000000e+00,0.00000000000000000e+00,0.00000000000000000e+00,1.00000000000000000e+00,2HDMC-patched:check_stability==check_positivity,0.00000000000000000e+00,0.00000000000000000e+00,0.00000000000000000e+00,nan,0.00000000000000000e+00,-1.05017696114170690e+02,1.05017696114170690e+02,1.05017696114170690e+02,1.05017696114170690e+02,4.08151231705537371e-11,1.82234710407314775e-12,0.00000000000000000e+00,4.34951509537856477e-12,0.00000000000000000e+00,0.00000000000000000e+00,1.24273972994990182e-03,6.13938521050052784e-04,1.50696131660105532e-11,0.00000000000000000e+00,1.85667831308676274e-03,3.02097756532671013e-14,2.19828727910856150e-08,9.81509339139886444e-10,0.00000000000000000e+00,2.34263257383957582e-09,0.00000000000000000e+00,0.00000000000000000e+00,6.69334973748803908e-01,3.30664992811473324e-01,8.11643732777652656e-09,0.00000000000000000e+00,1.00000000000000000e+00,1.06279574123931127e-10
dihiggs.point.v2,DihiggsPointV2Evaluator,c4fc29fc3593d4a537089e22e43504bfb9ed4a87,no,THDM::set_param_phys+THDM::get_param_gen+THDM::get_coupling_hhh+2HDMC::DecayTable,issue62-yukawa-order-recompute-v2,seed_llp_neighborhood,point_15c8f0ec57ece209,1,1.00000000000000000e+00,1.25129999999999995e+02,2.10000000000000000e+02,5.00000000000000000e+02,5.00000000000000000e+02,1.00000000000000000e+00,1.00000000000000000e+04,1.57069632679522986e+00,4.00000000000000000e+04,3.99999996000378388e+00,1.00000000000000004e-10,0.00000000000000000e+00,6.76293497651080973e+06,2.58270158346228684e-01,7.11852515601711655e+00,-3.46394217276472904e+00,-3.46394217276472904e+00,1.00000000000000004e-10,0.00000000000000000e+00,9.99999999999053944e+03,3.99999997170729271e+00,4.00000001170350879e+04,1,1.00000000000000000e+00,unitarity,check_unitarity_false,1.00000000000000000e+00,0.00000000000000000e+00,0.00000000000000000e+00,1.00000000000000000e+00,2HDMC-patched:check_stability==check_positivity,0.00000000000000000e+00,0.00000000000000000e+00,0.00000000000000000e+00,nan,0.00000000000000000e+00,-9.68948978949727007e+01,9.68948978949727007e+01,9.68948978949727007e+01,9.68948978949727007e+01,4.08151231705537371e-11,1.82234710407314775e-12,0.00000000000000000e+00,4.34951509537856477e-12,0.00000000000000000e+00,0.00000000000000000e+00,8.03168034722638439e-04,3.96781654218128586e-04,1.50696131660105532e-11,0.00000000000000000e+00,1.19994975102757527e-03,3.02097756532671013e-14,3.40140269503800172e-08,1.51868618041095759e-09,0.00000000000000000e+00,3.62474769602132413e-09,0.00000000000000000e+00,0.00000000000000000e+00,6.69334723420582089e-01,3.30665224838244398e-01,1.25585368496520057e-08,0.00000000000000000e+00,1.00000000000000000e+00,1.64446036370289105e-10
dihiggs.point.v2,DihiggsPointV2Evaluator,c4fc29fc3593d4a537089e22e43504bfb9ed4a87,no,THDM::set_param_phys+THDM::get_param_gen+THDM::get_coupling_hhh+2HDMC::DecayTable,issue62-yukawa-order-recompute-v2,seed_llp_neighborhood,point_a712bd819a66e4c6,1,1.00000000000000000e+00,1.25129999999999995e+02,2.10000000000000000e+02,5.00000000000000000e+02,5.00000000000000000e+02,1.00000000000000000e+00,1.00000000000000000e+04,1.57069632679522986e+00,4.10000000000000000e+04,4.09999995900387937e+00,1.00000000000000004e-10,0.00000000000000000e+00,5.11343870376880560e+06,2.58270158181279019e-01,7.10203019328966523e+00,-3.44744721003727816e+00,-3.44744721003727816e+00,1.00000000000000004e-10,0.00000000000000000e+00,9.99999999999053944e+03,4.09999995099109160e+00,4.09999999198721271e+04,1,1.00000000000000000e+00,unitarity,check_unitarity_false,1.00000000000000000e+00,0.00000000000000000e+00,0.00000000000000000e+00,1.00000000000000000e+00,2HDMC-patched:check_stability==check_positivity,0.00000000000000000e+00,0.00000000000000000e+00,0.00000000000000000e+00,nan,0.00000000000000000e+00,-8.87720996757744842e+01,8.87720996757744842e+01,8.87720996757744842e+01,8.87720996757744842e+01,4.08151231705537371e-11,1.82234710407314775e-12,0.00000000000000000e+00,4.34951509537856477e-12,0.00000000000000000e+00,0.00000000000000000e+00,4.59155967974032137e-04,2.26832965272260912e-04,1.50696131660105532e-11,0.00000000000000000e+00,6.85988995333101210e-04,3.02095588128326042e-14,5.94982185548542371e-08,2.65652527441530725e-09,0.00000000000000000e+00,6.34050272667498968e-09,0.00000000000000000e+00,0.00000000000000000e+00,6.69334305794622941e-01,3.30665603698373889e-01,2.19677185327048585e-08,0.00000000000000000e+00,1.00000000000000000e+00,2.87653273948195539e-10
dihiggs.point.v2,DihiggsPointV2Evaluator,c4fc29fc3593d4a537089e22e43504bfb9ed4a87,no,THDM::set_param_phys+THDM::get_param_gen+THDM::get_coupling_hhh+2HDMC::DecayTable,issue62-yukawa-order-recompute-v2,seed_llp_neighborhood,point_74edbd5e59d7dc43,1,1.00000000000000000e+00,1.25129999999999995e+02,2.10000000000000000e+02,5.00000000000000000e+02,5.00000000000000000e+02,1.00000000000000000e+00,1.00000000000000000e+04,1.57069632679522986e+00,4.20000000000000000e+04,4.19999995800397397e+00,1.00000000000000004e-10,0.00000000000000000e+00,3.46394243102682661e+06,2.58270158016329410e-01,7.08553523056221390e+00,-3.43095224730982684e+00,-3.43095224730982684e+00,1.00000000000000004e-10,0.00000000000000000e+00,9.99999999999053944e+03,4.19999996665467812e+00,4.20000000865070469e+04,1,1.00000000000000000e+00,unitarity,check_unitarity_false,1.00000000000000000e+00,0.00000000000000000e+00,0.00000000000000000e+00,1.00000000000000000e+00,2HDMC-patched:check_stability==check_positivity,0.00000000000000000e+00,0.00000000000000000e+00,0.00000000000000000e+00,nan,0.00000000000000000e+00,-8.06493014565767226e+01,8.06493014565767226e+01,8.06493014565767226e+01,8.06493014565767226e+01,4.08151231705537371e-11,1.82234710407314775e-12,0.00000000000000000e+00,4.34951509537856477e-12,0.00000000000000000e+00,0.00000000000000000e+00,2.10703529704092619e-04,1.04092454212454722e-04,1.50696131660105532e-11,0.00000000000000000e+00,3.14796046003355476e-04,3.02096130229412285e-14,1.29655768198939437e-07,5.78897710822493301e-09,0.00000000000000000e+00,1.38169305192994785e-08,0.00000000000000000e+00,0.00000000000000000e+00,6.69333469651796964e-01,3.30666333119524591e-01,4.78710370010489982e-08,0.00000000000000000e+00,1.00000000000000000e+00,6.26840720858027088e-10
dihiggs.point.v2,DihiggsPointV2Evaluator,c4fc29fc3593d4a537089e22e43504bfb9ed4a87,no,THDM::set_param_phys+THDM::get_param_gen+THDM::get_coupling_hhh+2HDMC::DecayTable,issue62-yukawa-order-recompute-v2,seed_llp_neighborhood,point_ed0a5ccaa06d6f9d,1,1.00000000000000000e+00,1.25129999999999995e+02,2.20000000000000000e+02,5.00000000000000000e+02,5.00000000000000000e+02,1.00000000000000000e+00,1.00000000000000000e+04,1.57069632679522986e+00,3.80000000000000000e+04,3.79999996200359513e+00,1.00000000000000004e-10,0.00000000000000000e+00,1.71547614947853088e+07,2.58270159385411258e-01,7.08058674174402292e+00,-3.49693209821963080e+00,-3.49693209821963080e+00,1.00000000000000004e-10,0.00000000000000000e+00,9.99999999999053944e+03,3.79999994947506581e+00,3.79999998747147038e+04,1,1.00000000000000000e+00,unitarity,check_unitarity_false,1.00000000000000000e+00,0.00000000000000000e+00,0.00000000000000000e+00,1.00000000000000000e+00,2HDMC-patched:check_stability==check_positivity,0.00000000000000000e+00,0.00000000000000000e+00,0.00000000000000000e+00,nan,0.00000000000000000e+00,-1.48068526675930229e+02,1.48068526675930229e+02,1.48068526675930229e+02,1.48068526675930229e+02,4.23871520679289887e-11,1.89204902604166560e-12,0.00000000000000000e+00,4.55680880355119659e-12,0.00000000000000000e+00,0.00000000000000000e+00,5.97012013718838368e-03,3.13565535051577244e-03,1.75304064082471088e-11,0.00000000000000000e+00,9.10577555410208017e-03,3.15077824941667473e-14,4.65497439686330823e-09,2.07785598799358980e-10,0.00000000000000000e+00,5.00430608735835820e-10,0.00000000000000000e+00,0.00000000000000000e+00,6.55641038121007935e-01,3.44358954587144883e-01,1.92519641013442291e-09,0.00000000000000000e+00,1.00000000000000000e+00,2.16705297893166005e-11
dihiggs.point.v2,DihiggsPointV2Evaluator,c4fc29fc3593d4a537089e22e43504bfb9ed4a87,no,THDM::set_param_phys+THDM::get_param_gen+THDM::get_coupling_hhh+2HDMC::DecayTable,issue62-yukawa-order-recompute-v2,seed_llp_neighborhood,point_86e6799e529cfeca,1,1.00000000000000000e+00,1.25129999999999995e+02,2.20000000000000000e+02,5.00000000000000000e+02,5.00000000000000000e+02,1.00000000000000000e+00,1.00000000000000000e+04,1.57069632679522986e+00,3.90000000000000000e+04,3.89999996100368973e+00,1.00000000000000004e-10,0.00000000000000000e+00,1.55052652220433298e+07,2.58270159220461648e-01,7.06409177901657159e+00,-3.48043713549217992e+00,-3.48043713549217992e+00,1.00000000000000004e-10,0.00000000000000000e+00,9.99999999999053944e+03,3.89999995604370575e+00,3.89999999504001607e+04,1,1.00000000000000000e+00,unitarity,check_unitarity_false,1.00000000000000000e+00,0.00000000000000000e+00,0.00000000000000000e+00,1.00000000000000000e+00,2HDMC-patched:check_stability==check_positivity,0.00000000000000000e+00,0.00000000000000000e+00,0.00000000000000000e+00,nan,0.00000000000000000e+00,-1.39945728456732127e+02,1.39945728456732127e+02,1.39945728456732127e+02,1.39945728456732127e+02,4.23871520679289887e-11,1.89204902604166560e-12,0.00000000000000000e+00,4.55680880355119659e-12,0.00000000000000000e+00,0.00000000000000000e+00,4.87721449058957889e-03,2.56163475998249590e-03,1.75304064082471088e-11,0.00000000000000000e+00,7.43884931696999884e-03,3.15077824941667473e-14,5.69807913318429369e-09,2.54347002529732274e-10,0.00000000000000000e+00,6.12569042520581815e-10,0.00000000000000000e+00,0.00000000000000000e+00,6.55640984616176037e-01,3.44359006457991279e-01,2.35660189651315795e-09,0.00000000000000000e+00,1.00000000000000000e+00,2.65265462428234094e-11
dihiggs.point.v2,DihiggsPointV2Evaluator,c4fc29fc3593d4a537089e22e43504bfb9ed4a87,no,THDM::set_param_phys+THDM::get_param_gen+THDM::get_coupling_hhh+2HDMC::DecayTable,issue62-yukawa-order-recompute-v2,seed_llp_neighborhood,point_446b2155d26037f4,1,1.00000000000000000e+00,1.25129999999999995e+02,2.20000000000000000e+02,5.00000000000000000e+02,5.00000000000000000e+02,1.00000000000000000e+00,1.00000000000000000e+04,1.57069632679522986e+00,4.00000000000000000e+04,3.99999996000378388e+00,1.00000000000000004e-10,0.00000000000000000e+00,1.38557689493013509e+07,2.58270159055512039e-01,7.04759681628912027e+00,-3.46394217276472904e+00,-3.46394217276472904e+00,1.00000000000000004e-10,0.00000000000000000e+00,9.99999999999053944e+03,3.99999995351739868e+00,3.99999999351361475e+04,1,1.00000000000000000e+00,unitarity,check_unitarity_false,1.00000000000000000e+00,0.00000000000000000e+00,0.00000000000000000e+00,1.00000000000000000e+00,2HDMC-patched:check_stability==check_positivity,0.00000000000000000e+00,0.00000000000000000e+00,0.00000000000000000e+00,nan,0.00000000000000000e+00,-1.31822930237534365e+02,1.31822930237534365e+02,1.31822930237534365e+02,1.31822930237534365e+02,4.23871520679289887e-11,1.89204902604166560e-12,0.00000000000000000e+00,4.55680880355119659e-12,0.00000000000000000e+00,0.00000000000000000e+00,3.89470365961026160e-03,2.04559614144262649e-03,1.75304064082471088e-11,0.00000000000000000e+00,5.94029986745081302e-03,3.15077824941667473e-14,7.13552396574868073e-09,3.18510692769725248e-10,0.00000000000000000e+00,7.67100803870138633e-10,0.00000000000000000e+00,0.00000000000000000e+00,6.55640918222132218e-01,3.44359070600330164e-01,2.95109789058006059e-09,0.00000000000000000e+00,1.00000000000000000e+00,3.32183534170102088e-11
dihiggs.point.v2,DihiggsPointV2Evaluator,c4fc29fc3593d4a537089e22e43504bfb9ed4a87,no,THDM::set_param_phys+THDM::get_param_gen+THDM::get_coupling_hhh+2HDMC::DecayTable,issue62-yukawa-order-recompute-v2,seed_llp_neighborhood,point_d7d9394141aeea17,1,1.00000000000000000e+00,1.25129999999999995e+02,2.20000000000000000e+02,5.00000000000000000e+02,5.00000000000000000e+02,1.00000000000000000e+00,1.00000000000000000e+04,1.57069632679522986e+00,4.10000000000000000e+04,4.09999995900387937e+00,1.00000000000000004e-10,0.00000000000000000e+00,1.22062726765593477e+07,2.58270158890562429e-01,7.03110185356166895e+00,-3.44744721003727816e+00,-3.44744721003727816e+00,1.00000000000000004e-10,0.00000000000000000e+00,9.99999999999053944e+03,4.09999996918098564e+00,4.10000001017710674e+04,1,1.00000000000000000e+00,unitarity,check_unitarity_false,1.00000000000000000e+00,0.00000000000000000e+00,0.00000000000000000e+00,1.00000000000000000e+00,2HDMC-patched:check_stability==check_positivity,0.00000000000000000e+00,0.00000000000000000e+00,0.00000000000000000e+00,nan,0.00000000000000000e+00,-1.23700132018336149e+02,1.23700132018336149e+02,1.23700132018336149e+02,1.23700132018336149e+02,4.23871520679289887e-11,1.89204902604166560e-12,0.00000000000000000e+00,4.55680880355119659e-12,0.00000000000000000e+00,0.00000000000000000e+00,3.02258764425042490e-03,1.58753949489615813e-03,1.75304064082471088e-11,0.00000000000000000e+00,4.61012720554450795e-03,3.15077824941667473e-14,9.19435628955114440e-09,4.10411457576731509e-10,0.00000000000000000e+00,9.88434505249836438e-10,0.00000000000000000e+00,0.00000000000000000e+00,6.55640833644507537e-01,3.44359151952869369e-01,3.80258626858791204e-09,0.00000000000000000e+00,1.00000000000000000e+00,4.28029361451629325e-11
dihiggs.point.v2,DihiggsPointV2Evaluator,c4fc29fc3593d4a537089e22e43504bfb9ed4a87,no,THDM::set_param_phys+THDM::get_param_gen+THDM::get_coupling_hhh+2HDMC::DecayTable,issue62-yukawa-order-recompute-v2,seed_llp_neighborhood,point_d60b0c8186c4e97a,1,1.00000000000000000e+00,1.25129999999999995e+02,2.20000000000000000e+02,5.00000000000000000e+02,5.00000000000000000e+02,1.00000000000000000e+00,1.00000000000000000e+04,1.57069632679522986e+00,4.20000000000000000e+04,4.19999995800397397e+00,1.00000000000000004e-10,0.00000000000000000e+00,1.05567764038173649e+07,2.58270158725612764e-01,7.01460689083421851e+00,-3.43095224730982684e+00,-3.43095224730982684e+00,1.00000000000000004e-10,0.00000000000000000e+00,9.99999999999053944e+03,4.19999994846478408e+00,4.19999999046081066e+04,1,1.00000000000000000e+00,unitarity,check_unitarity_false,1.00000000000000000e+00,0.00000000000000000e+00,0.00000000000000000e+00,1.00000000000000000e+00,2HDMC-patched:check_stability==check_positivity,0.00000000000000000e+00,0.00000000000000000e+00,0.00000000000000000e+00,nan,0.00000000000000000e+00,-1.15577333799138614e+02,1.15577333799138614e+02,1.15577333799138614e+02,1.15577333799138614e+02,4.23871520679289887e-11,1.89204902604166560e-12,0.00000000000000000e+00,4.55680880355119659e-12,0.00000000000000000e+00,0.00000000000000000e+00,2.26086644451009480e-03,1.18746482034310665e-03,1.75304064082471088e-11,0.00000000000000000e+00,3.44833133125112571e-03,3.15077824941667473e-14,1.22920763685866744e-08,5.48685391364405607e-10,0.00000000000000000e+00,1.32145329604910461e-09,0.00000000000000000e+00,0.00000000000000000e+00,6.55640722230078077e-01,3.44359258514833566e-01,5.08373608109366757e-09,0.00000000000000000e+00,1.00000000000000000e+00,5.72239038086881578e-11
dihiggs.point.v2,DihiggsPointV2Evaluator,c4fc29fc3593d4a537089e22e43504bfb9ed4a87,no,THDM::set_param_phys+THDM::get_param_gen+THDM::get_coupling_hhh+2HDMC::DecayTable,issue62-yukawa-order-recompute-v2,off_seed_moderate_tanbeta,point_1e292ad139c5d2d6,1,1.00000000000000000e+00,1.25129999999999995e+02,1.50000000000000000e+02,4.50000000000000000e+02,5.50000000000000000e+02,9.94999999999999996e-01,1.00000000000000000e+02,1.56079666010823148e+00,1.20000000000000000e+04,1.19988001199878809e+02,5.00000000000000028e-02,1.00000000000000002e-02,6.71571528275213313e+03,2.59038909759607527e-01,1.02921529749173075e+01,-6.94153294506964880e+00,-3.64254039957943299e+00,5.00000000000000028e-02,1.00000000000000002e-02,1.00000000000001009e+02,1.19988001199818726e+02,1.19999999999939901e+04,1,1.00000000000000000e+00,unitarity,check_unitarity_false,1.00000000000000000e+00,0.00000000000000000e+00,0.00000000000000000e+00,1.00000000000000000e+00,2HDMC-patched:check_stability==check_positivity,0.00000000000000000e+00,0.00000000000000000e+00,0.00000000000000000e+00,nan,0.00000000000000000e+00,4.49439657550710581e+03,-4.49439657550710581e+03,4.49439657550710581e+03,4.49439657550710581e+03,2.51203796788256583e-05,1.12467244947443217e-06,0.00000000000000000e+00,2.51127215332238719e-06,1.14687407525005693e-04,1.38691595445720478e-05,8.19905630816166714e-07,1.58699496018271974e-09,4.41178004024164015e-06,0.00000000000000000e+00,1.62564205553050002e-04,1.80415358318067667e-08,1.54525896973230437e-01,6.91832771948936148e-03,0.00000000000000000e+00,1.54478788536439350e-02,7.05489914799106610e-01,8.53149652310519757e-02,5.04358033816124877e-03,9.76226565241529520e-06,2.71386928335951086e-02,0.00000000000000000e+00,1.00000000000000000e+00,1.21384027762252847e-09
dihiggs.point.v2,DihiggsPointV2Evaluator,c4fc29fc3593d4a537089e22e43504bfb9ed4a87,no,THDM::set_param_phys+THDM::get_param_gen+THDM::get_coupling_hhh+2HDMC::DecayTable,issue62-yukawa-order-recompute-v2,off_seed_moderate_tanbeta,point_24fddb2dd22f8d7b,1,1.00000000000000000e+00,1.25129999999999995e+02,1.50000000000000000e+02,4.50000000000000000e+02,5.50000000000000000e+02,9.94999999999999996e-01,1.00000000000000000e+02,1.56079666010823148e+00,1.50000000000000000e+04,1.49985001499848494e+02,5.00000000000000028e-02,1.00000000000000002e-02,6.22086640092859125e+03,2.59033961270789370e-01,1.02426680867349553e+01,-6.89204805688729483e+00,-3.59305551139707990e+00,5.00000000000000028e-02,1.00000000000000002e-02,1.00000000000001009e+02,1.49985001499955303e+02,1.50000000000106793e+04,1,1.00000000000000000e+00,unitarity,check_unitarity_false,1.00000000000000000e+00,0.00000000000000000e+00,0.00000000000000000e+00,1.00000000000000000e+00,2HDMC-patched:check_stability==check_positivity,0.00000000000000000e+00,0.00000000000000000e+00,0.00000000000000000e+00,nan,0.00000000000000000e+00,4.15652652682673033e+03,-4.15652652682673033e+03,4.15652652682673033e+03,4.15652652682673033e+03,2.51203796788256583e-05,1.12467244947443217e-06,0.00000000000000000e+00,2.51127215332238719e-06,1.14687407525005693e-04,1.38691595445720478e-05,6.46056090119843628e-07,8.33238924153747940e-11,4.41178004024164015e-06,0.00000000000000000e+00,1.62388852341285893e-04,1.80415358318067667e-08,1.54692759488386566e-01,6.92579837383636935e-03,0.00000000000000000e+00,1.54645600182243478e-02,7.06251727698474885e-01,8.54070913403822407e-02,3.97845098850784645e-03,5.13113377020834193e-07,2.71679981515577547e-02,0.00000000000000000e+00,1.00000000000000000e+00,1.21515102517804670e-09
dihiggs.point.v2,DihiggsPointV2Evaluator,c4fc29fc3593d4a537089e22e43504bfb9ed4a87,no,THDM::set_param_phys+THDM::get_param_gen+THDM::get_coupling_hhh+2HDMC::DecayTable,issue62-yukawa-order-recompute-v2,off_seed_moderate_tanbeta,point_540a8c2d2303fda4,1,1.00000000000000000e+00,1.25129999999999995e+02,1.50000000000000000e+02,4.50000000000000000e+02,5.50000000000000000e+02,9.94999999999999996e-01,1.00000000000000000e+02,1.56079666010823148e+00,1.80000000000000000e+04,1.79982001799818192e+02,5.00000000000000028e-02,1.00000000000000002e-02,5.72601751910504936e+03,2.59029012781971102e-01,1.01931831985526014e+01,-6.84256316870494175e+00,-3.54357062321472682e+00,5.00000000000000028e-02,1.00000000000000002e-02,1.00000000000001009e+02,1.79982001799909995e+02,1.80000000000091786e+04,1,1.00000000000000000e+00,unitarity,check_unitarity_false,1.00000000000000000e+00,0.00000000000000000e+00,0.00000000000000000e+00,1.00000000000000000e+00,2HDMC-patched:check_stability==check_positivity,0.00000000000000000e+00,0.00000000000000000e+00,0.00000000000000000e+00,nan,0.00000000000000000e+00,3.81865647814635395e+03,-3.81865647814635395e+03,3.81865647814635395e+03,3.81865647814635395e+03,2.51203796788256583e-05,1.12467244947443217e-06,0.00000000000000000e+00,2.51127215332238719e-06,1.14687407525005693e-04,1.38691595445720478e-05,4.92896615418776348e-07,3.37299690881980716e-09,4.41178004024164015e-06,0.00000000000000000e+00,1.62238982539601235e-04,1.80415358317796617e-08,1.54835658394824910e-01,6.93219614589180889e-03,0.00000000000000000e+00,1.54788455524824675e-02,7.06904134442604803e-01,8.54859869525297217e-02,3.03808990726667227e-03,2.07902987063943489e-05,2.71930948479953624e-02,0.00000000000000000e+00,1.00000000000000000e+00,1.21627353248368691e-09
dihiggs.point.v2,DihiggsPointV2Evaluator,c4fc29fc3593d4a537089e22e43504bfb9ed4a87,no,THDM::set_param_phys+THDM::get_param_gen+THDM::get_coupling_hhh+2HDMC::DecayTable,issue62-yukawa-order-recompute-v2,off_seed_moderate_tanbeta,point_f1aaad0671d6cab2,1,1.00000000000000000e+00,1.25129999999999995e+02,1.50000000000000000e+02,4.50000000000000000e+02,5.50000000000000000e+02,9.94999999999999996e-01,1.00000000000000000e+02,1.56079666010823148e+00,2.10000000000000000e+04,2.09979002099787891e+02,5.00000000000000028e-02,1.00000000000000002e-02,5.23116863728150656e+03,2.59024064293152889e-01,1.01436983103702474e+01,-6.79307828052258955e+00,-3.49408573503237374e+00,5.00000000000000028e-02,1.00000000000000002e-02,1.00000000000001009e+02,2.09979002100046586e+02,2.10000000000258697e+04,1,1.00000000000000000e+00,unitarity,check_unitarity_false,1.00000000000000000e+00,0.00000000000000000e+00,0.00000000000000000e+00,1.00000000000000000e+00,2HDMC-patched:check_stability==check_positivity,0.00000000000000000e+00,0.00000000000000000e+00,0.00000000000000000e+00,nan,0.00000000000000000e+00,3.48078642946597620e+03,-3.48078642946597620e+03,3.48078642946597620e+03,3.48078642946597620e+03,2.51203796788256583e-05,1.12467244947443217e-06,0.00000000000000000e+00,2.51127215332238719e-06,1.14687407525005693e-04,1.38691595445720478e-05,3.60427206712966830e-07,1.14560140093960551e-08,4.41178004024164015e-06,0.00000000000000000e+00,1.62114596147995999e-04,1.80415358318067667e-08,1.54954459843288983e-01,6.93751504304836088e-03,0.00000000000000000e+00,1.54907220755731469e-02,7.07446523941042571e-01,8.55515781682653492e-02,2.22328658416376824e-03,7.06661477843595830e-05,2.72139594155610953e-02,0.00000000000000000e+00,1.00000000000000000e+00,1.21720674811944931e-09
dihiggs.point.v2,DihiggsPointV2Evaluator,c4fc29fc3593d4a537089e22e43504bfb9ed4a87,no,THDM::set_param_phys+THDM::get_param_gen+THDM::get_coupling_hhh+2HDMC::DecayTable,issue62-yukawa-order-recompute-v2,off_seed_moderate_tanbeta,point_bdf1861004b3d691,1,1.00000000000000000e+00,1.25129999999999995e+02,1.50000000000000000e+02,4.50000000000000000e+02,5.50000000000000000e+02,9.94999999999999996e-01,1.00000000000000000e+02,1.56079666010823148e+00,2.40000000000000000e+04,2.39976002399757618e+02,5.00000000000000028e-02,1.00000000000000002e-02,4.73631975545796467e+03,2.59019115804334621e-01,1.00942134221878934e+01,-6.74359339234023558e+00,-3.44460084685002066e+00,5.00000000000000028e-02,1.00000000000000002e-02,1.00000000000001009e+02,2.39976002399637451e+02,2.39999999999879801e+04,1,1.00000000000000000e+00,unitarity,check_unitarity_false,1.00000000000000000e+00,0.00000000000000000e+00,0.00000000000000000e+00,1.00000000000000000e+00,2HDMC-patched:check_stability==check_positivity,0.00000000000000000e+00,0.00000000000000000e+00,0.00000000000000000e+00,nan,0.00000000000000000e+00,3.14291638078559845e+03,-3.14291638078559845e+03,3.14291638078559845e+03,3.14291638078559845e+03,2.51203796788256583e-05,1.12467244947443217e-06,0.00000000000000000e+00,2.51127215332238719e-06,1.14687407525005693e-04,1.38691595445720478e-05,2.48647864002413700e-07,2.43323751941441465e-08,4.41178004024164015e-06,0.00000000000000000e+00,1.62015693166470213e-04,1.80415358318067667e-08,1.55049052273069671e-01,6.94175007058629549e-03,0.00000000000000000e+00,1.55001784348264907e-02,7.07878386861975351e-01,8.56038033940426102e-02,1.53471468808227991e-03,1.50185298217640984e-04,2.72305722613460713e-02,0.00000000000000000e+00,1.00000000000000000e+00,1.21794979574754931e-09
dihiggs.point.v2,DihiggsPointV2Evaluator,c4fc29fc3593d4a537089e22e43504bfb9ed4a87,no,THDM::set_param_phys+THDM::get_param_gen+THDM::get_coupling_hhh+2HDMC::DecayTable,issue62-yukawa-order-recompute-v2,off_seed_moderate_tanbeta,point_c95ec4da45fca219,1,1.00000000000000000e+00,1.25129999999999995e+02,1.75000000000000000e+02,4.50000000000000000e+02,5.50000000000000000e+02,9.94999999999999996e-01,1.00000000000000000e+02,1.56079666010823148e+00,1.20000000000000000e+04,1.19988001199878809e+02,5.00000000000000028e-02,1.00000000000000002e-02,8.04522738281288912e+03,2.60122674071290583e-01,1.14925186550317378e+01,-6.94153294506964880e+00,-3.64254039957943299e+00,5.00000000000000028e-02,1.00000000000000002e-02,1.00000000000001009e+02,1.19988001200000625e+02,1.20000000000121818e+04,1,1.00000000000000000e+00,unitarity,check_unitarity_false,1.00000000000000000e+00,0.00000000000000000e+00,0.00000000000000000e+00,1.00000000000000000e+00,2HDMC-patched:check_stability==check_positivity,0.00000000000000000e+00,0.00000000000000000e+00,0.00000000000000000e+00,nan,0.00000000000000000e+00,5.08255047000667764e+03,-5.08255047000667764e+03,5.08255047000667764e+03,5.08255047000667764e+03,2.84734324595905210e-05,1.27291407109045023e-06,0.00000000000000000e+00,2.93047231907177821e-06,4.51681112015187968e-03,1.56174219879668427e-04,1.98877717341023586e-06,3.17241424391425708e-07,6.87571885336915620e-06,0.00000000000000000e+00,4.71486462242210348e-03,2.07260896318769983e-08,6.03907741575053936e-03,2.69978922626315716e-04,0.00000000000000000e+00,6.21539016228709077e-04,9.57993809339009128e-01,3.31237972638627268e-02,4.21810026941678816e-04,6.72853729209415944e-05,1.45830673921597915e-03,0.00000000000000000e+00,1.00000000000000000e+00,4.18520988835157472e-11
dihiggs.point.v2,DihiggsPointV2Evaluator,c4fc29fc3593d4a537089e22e43504bfb9ed4a87,no,THDM::set_param_phys+THDM::get_param_gen+THDM::get_coupling_hhh+2HDMC::DecayTable,issue62-yukawa-order-recompute-v2,off_seed_moderate_tanbeta,point_aa402ff8188f6850,1,1.00000000000000000e+00,1.25129999999999995e+02,1.75000000000000000e+02,4.50000000000000000e+02,5.50000000000000000e+02,9.94999999999999996e-01,1.00000000000000000e+02,1.56079666010823148e+00,1.50000000000000000e+04,1.49985001499848494e+02,5.00000000000000028e-02,1.00000000000000002e-02,7.55037850098934723e+03,2.60117725582472370e-01,1.14430337668493838e+01,-6.89204805688729483e+00,-3.59305551139707990e+00,5.00000000000000028e-02,1.00000000000000002e-02,1.00000000000001009e+02,1.49985001499955303e+02,1.50000000000106793e+04,1,1.00000000000000000e+00,unitarity,check_unitarity_false,1.00000000000000000e+00,0.00000000000000000e+00,0.00000000000000000e+00,1.00000000000000000e+00,2HDMC-patched:check_stability==check_positivity,0.00000000000000000e+00,0.00000000000000000e+00,0.00000000000000000e+00,nan,0.00000000000000000e+00,4.74468042132630035e+03,-4.74468042132630035e+03,4.74468042132630035e+03,4.74468042132630035e+03,2.84734324595905210e-05,1.27291407109045023e-06,0.00000000000000000e+00,2.93047231907177821e-06,4.51681112015187968e-03,1.56174219879668427e-04,1.65046951322620689e-06,3.09679677281844175e-07,6.87571885336915620e-06,0.00000000000000000e+00,4.71451875301480937e-03,2.07260896318769983e-08,6.03952045824030642e-03,2.69998728985107006e-04,0.00000000000000000e+00,6.21584613954037028e-04,9.58064090266583235e-01,3.31262273121300382e-02,3.50082288286747325e-04,6.56863814750577134e-05,1.45841372440661454e-03,0.00000000000000000e+00,1.00000000000000000e+00,4.18551692627831066e-11
dihiggs.point.v2,DihiggsPointV2Evaluator,c4fc29fc3593d4a537089e22e43504bfb9ed4a87,no,THDM::set_param_phys+THDM::get_param_gen+THDM::get_coupling_hhh+2HDMC::DecayTable,issue62-yukawa-order-recompute-v2,off_seed_moderate_tanbeta,point_e72064f301b8866f,1,1.00000000000000000e+00,1.25129999999999995e+02,1.75000000000000000e+02,4.50000000000000000e+02,5.50000000000000000e+02,9.94999999999999996e-01,1.00000000000000000e+02,1.56079666010823148e+00,1.80000000000000000e+04,1.79982001799818192e+02,5.00000000000000028e-02,1.00000000000000002e-02,7.05552961916580534e+03,2.60112777093654102e-01,1.13935488786670298e+01,-6.84256316870494175e+00,-3.54357062321472682e+00,5.00000000000000028e-02,1.00000000000000002e-02,1.00000000000001009e+02,1.79982001799909995e+02,1.80000000000091786e+04,1,1.00000000000000000e+00,unitarity,check_unitarity_false,1.00000000000000000e+00,0.00000000000000000e+00,0.00000000000000000e+00,1.00000000000000000e+00,2HDMC-patched:check_stability==check_positivity,0.00000000000000000e+00,0.00000000000000000e+00,0.00000000000000000e+00,nan,0.00000000000000000e+00,4.40681037264592214e+03,-4.40681037264592214e+03,4.40681037264592214e+03,4.40681037264592214e+03,2.84734324595905210e-05,1.27291407109045023e-06,0.00000000000000000e+00,2.93047231907177821e-06,4.51681112015187968e-03,1.56174219879668427e-04,1.34525707042141644e-06,3.13942176244312489e-07,6.87571885336915620e-06,0.00000000000000000e+00,4.71421780307096708e-03,2.07260896318769983e-08,6.03990601389739999e-03,2.70015965376321819e-04,0.00000000000000000e+00,6.21624295161498524e-04,9.58125251915494580e-01,3.31283420502829495e-02,2.85361671144061314e-04,6.65947542856000778e-05,1.45850682776899488e-03,0.00000000000000000e+00,1.00000000000000000e+00,4.18578412459975743e-11
dihiggs.point.v2,DihiggsPointV2Evaluator,c4fc29fc3593d4a537089e22e43504bfb9ed4a87,no,THDM::set_param_phys+THDM::get_param_gen+THDM::get_coupling_hhh+2HDMC::DecayTable,issue62-yukawa-order-recompute-v2,off_seed_moderate_tanbeta,point_9806aecd8f30303d,1,1.00000000000000000e+00,1.25129999999999995e+02,1.75000000000000000e+02,4.50000000000000000e+02,5.50000000000000000e+02,9.94999999999999996e-01,1.00000000000000000e+02,1.56079666010823148e+00,2.10000000000000000e+04,2.09979002099787891e+02,5.00000000000000028e-02,1.00000000000000002e-02,6.56068073734226346e+03,2.60107828604835889e-01,1.13440639904846776e+01,-6.79307828052258955e+00,-3.49408573503237374e+00,5.00000000000000028e-02,1.00000000000000002e-02,1.00000000000001009e+02,2.09979002100046586e+02,2.10000000000258697e+04,1,1.00000000000000000e+00,unitarity,check_unitarity_false,1.00000000000000000e+00,0.00000000000000000e+00,0.00000000000000000e+00,1.00000000000000000e+00,2HDMC-patched:check_stability==check_positivity,0.00000000000000000e+00,0.00000000000000000e+00,0.00000000000000000e+00,nan,0.00000000000000000e+00,4.06894032396554576e+03,-4.06894032396554576e+03,4.06894032396554576e+03,4.06894032396554576e+03,2.84734324595905210e-05,1.27291407109045023e-06,0.00000000000000000e+00,2.93047231907177821e-06,4.51681112015187968e-03,1.56174219879668427e-04,1.07313984499586135e-06,3.30028921278830436e-07,6.87571885336915620e-06,0.00000000000000000e+00,4.71396177259057660e-03,2.07260896318769983e-08,6.04023406068964191e-03,2.70030630815004495e-04,0.00000000000000000e+00,6.21658057583552594e-04,9.58177290790724445e-01,3.31301413574769527e-02,2.27651367738205710e-04,7.00109456122003613e-05,1.45858604398282541e-03,0.00000000000000000e+00,1.00000000000000000e+00,4.18601146804714448e-11
dihiggs.point.v2,DihiggsPointV2Evaluator,c4fc29fc3593d4a537089e22e43504bfb9ed4a87,no,THDM::set_param_phys+THDM::get_param_gen+THDM::get_coupling_hhh+2HDMC::DecayTable,issue62-yukawa-order-recompute-v2,off_seed_moderate_tanbeta,point_9a828a5fee1df9e6,1,1.00000000000000000e+00,1.25129999999999995e+02,1.75000000000000000e+02,4.50000000000000000e+02,5.50000000000000000e+02,9.94999999999999996e-01,1.00000000000000000e+02,1.56079666010823148e+00,2.40000000000000000e+04,2.39976002399757618e+02,5.00000000000000028e-02,1.00000000000000002e-02,6.06583185551872066e+03,2.60102880116017621e-01,1.12945791023023219e+01,-6.74359339234023558e+00,-3.44460084685002066e+00,5.00000000000000028e-02,1.00000000000000002e-02,1.00000000000001009e+02,2.39976002399637451e+02,2.39999999999879801e+04,1,1.00000000000000000e+00,unitarity,check_unitarity_false,1.00000000000000000e+00,0.00000000000000000e+00,0.00000000000000000e+00,1.00000000000000000e+00,2HDMC-patched:check_stability==check_positivity,0.00000000000000000e+00,0.00000000000000000e+00,0.00000000000000000e+00,nan,0.00000000000000000e+00,3.73107027528516937e+03,-3.73107027528516937e+03,3.73107027528516937e+03,3.73107027528516937e+03,2.84734324595905210e-05,1.27291407109045023e-06,0.00000000000000000e+00,2.93047231907177821e-06,4.51681112015187968e-03,1.56174219879668427e-04,8.34117836949546479e-07,3.57939912385397913e-07,6.87571885336915620e-06,0.00000000000000000e+00,4.71375066157363621e-03,2.07260896318769983e-08,6.04050457986782079e-03,2.70042724462965381e-04,0.00000000000000000e+00,6.21685899290538814e-04,9.58220203918038749e-01,3.31316251308742954e-02,1.76954170221444199e-04,7.59352664330156617e-05,1.45865136852057630e-03,0.00000000000000000e+00,1.00000000000000000e+00,4.18619894362686672e-11
dihiggs.point.v2,DihiggsPointV2Evaluator,c4fc29fc3593d4a537089e22e43504bfb9ed4a87,no,THDM::set_param_phys+THDM::get_param_gen+THDM::get_coupling_hhh+2HDMC::DecayTable,issue62-yukawa-order-recompute-v2,off_seed_moderate_tanbeta,point_68e9fefbf6cedbbc,1,1.00000000000000000e+00,1.25129999999999995e+02,2.00000000000000000e+02,4.50000000000000000e+02,5.50000000000000000e+02,9.94999999999999996e-01,1.00000000000000000e+02,1.56079666010823148e+00,1.20000000000000000e+04,1.19988001199878809e+02,5.00000000000000028e-02,1.00000000000000002e-02,9.57927980595991539e+03,2.61373171354001732e-01,1.28775559782406948e+01,-6.94153294506964880e+00,-3.64254039957943299e+00,5.00000000000000028e-02,1.00000000000000002e-02,1.00000000000001009e+02,1.19988001199909675e+02,1.20000000000030868e+04,1,1.00000000000000000e+00,unitarity,check_unitarity_false,1.00000000000000000e+00,0.00000000000000000e+00,0.00000000000000000e+00,1.00000000000000000e+00,2HDMC-patched:check_stability==check_positivity,0.00000000000000000e+00,0.00000000000000000e+00,0.00000000000000000e+00,nan,0.00000000000000000e+00,5.76118957904464696e+03,-5.76118957904464696e+03,5.76118957904464696e+03,5.76118957904464696e+03,3.17240403904823506e-05,1.41686031652043566e-06,0.00000000000000000e+00,3.34959696001414425e-06,1.00509272730907977e-02,3.48914085413874883e-03,5.97538162545035571e-06,1.96000728301405707e-06,1.04257049914341044e-05,0.00000000000000000e+00,1.35949430944508516e-02,2.33756543895763391e-08,2.33351770361079226e-03,1.04219657756328963e-04,0.00000000000000000e+00,2.46385507960042416e-04,7.39313670036129800e-01,2.56649905034390113e-01,4.39529726894507665e-04,1.44171790157333402e-04,7.66881105643586075e-04,0.00000000000000000e+00,1.00000000000000000e+00,1.45147338263257913e-11
dihiggs.point.v2,DihiggsPointV2Evaluator,c4fc29fc3593d4a537089e22e43504bfb9ed4a87,no,THDM::set_param_phys+THDM::get_param_gen+THDM::get_coupling_hhh+2HDMC::DecayTable,issue62-yukawa-order-recompute-v2,off_seed_moderate_tanbeta,point_96a1da16d0f6b23d,1,1.00000000000000000e+00,1.25129999999999995e+02,2.00000000000000000e+02,4.50000000000000000e+02,5.50000000000000000e+02,9.94999999999999996e-01,1.00000000000000000e+02,1.56079666010823148e+00,1.50000000000000000e+04,1.49985001499848494e+02,5.00000000000000028e-02,1.00000000000000002e-02,9.08443092413637351e+03,2.61368222865183519e-01,1.28280710900583408e+01,-6.89204805688729483e+00,-3.59305551139707990e+00,5.00000000000000028e-02,1.00000000000000002e-02,1.00000000000001009e+02,1.49985001499864353e+02,1.50000000000015843e+04,1,1.00000000000000000e+00,unitarity,check_unitarity_false,1.00000000000000000e+00,0.00000000000000000e+00,0.00000000000000000e+00,1.00000000000000000e+00,2HDMC-patched:check_stability==check_positivity,0.00000000000000000e+00,0.00000000000000000e+00,0.00000000000000000e+00,nan,0.00000000000000000e+00,5.42331953036426876e+03,-5.42331953036426876e+03,5.42331953036426876e+03,5.42331953036426876e+03,3.17240403904823506e-05,1.41686031652043566e-06,0.00000000000000000e+00,3.34959696001414425e-06,1.00509272730907977e-02,3.48914085413874883e-03,5.24696916161192302e-06,1.77594596033524344e-06,1.04257049914341044e-05,0.00000000000000000e+00,1.35940306206643342e-02,2.33756543878416156e-08,2.33367433660613662e-03,1.04226653305213341e-04,0.00000000000000000e+00,2.46402046124746116e-04,7.39363295078381499e-01,2.56667132177478940e-01,3.85975970484867589e-04,1.30641603648856106e-04,7.66932581098202985e-04,0.00000000000000000e+00,1.00000000000000000e+00,1.45157081005866321e-11
dihiggs.point.v2,DihiggsPointV2Evaluator,c4fc29fc3593d4a537089e22e43504bfb9ed4a87,no,THDM::set_param_phys+THDM::get_param_gen+THDM::get_coupling_hhh+2HDMC::DecayTable,issue62-yukawa-order-recompute-v2,off_seed_moderate_tanbeta,point_fac4f09a03631f1e,1,1.00000000000000000e+00,1.25129999999999995e+02,2.00000000000000000e+02,4.50000000000000000e+02,5.50000000000000000e+02,9.94999999999999996e-01,1.00000000000000000e+02,1.56079666010823148e+00,1.80000000000000000e+04,1.79982001799818192e+02,5.00000000000000028e-02,1.00000000000000002e-02,8.58958204231283162e+03,2.61363274376365307e-01,1.27785862018759868e+01,-6.84256316870494175e+00,-3.54357062321472682e+00,5.00000000000000028e-02,1.00000000000000002e-02,1.00000000000001009e+02,1.79982001800000944e+02,1.80000000000182736e+04,1,1.00000000000000000e+00,unitarity,check_unitarity_false,1.00000000000000000e+00,0.00000000000000000e+00,0.00000000000000000e+00,1.00000000000000000e+00,2HDMC-patched:check_stability==check_positivity,0.00000000000000000e+00,0.00000000000000000e+00,0.00000000000000000e+00,nan,0.00000000000000000e+00,5.08544948168389055e+03,-5.08544948168389055e+03,5.08544948168389055e+03,5.08544948168389055e+03,3.17240403904823506e-05,1.41686031652043566e-06,0.00000000000000000e+00,3.34959696001414425e-06,1.00509272730907977e-02,3.48914085413874883e-03,4.56837754163964955e-06,1.61476325670837354e-06,1.04257049914341044e-05,0.00000000000000000e+00,1.35931908463407351e-02,2.33756543878416156e-08,2.33381850877363442e-03,1.04233092328123394e-04,0.00000000000000000e+00,2.46417268607381477e-04,7.39408972235278461e-01,2.56682988827308334e-01,3.36078378747212917e-04,1.18792068393791821e-04,7.66979961459210088e-04,0.00000000000000000e+00,1.00000000000000000e+00,1.45166048671434718e-11
dihiggs.point.v2,DihiggsPointV2Evaluator,c4fc29fc3593d4a537089e22e43504bfb9ed4a87,no,THDM::set_param_phys+THDM::get_param_gen+THDM::get_coupling_hhh+2HDMC::DecayTable,issue62-yukawa-order-recompute-v2,off_seed_moderate_tanbeta,point_a7ecb087cc42b278,1,1.00000000000000000e+00,1.25129999999999995e+02,2.00000000000000000e+02,4.50000000000000000e+02,5.50000000000000000e+02,9.94999999999999996e-01,1.00000000000000000e+02,1.56079666010823148e+00,2.10000000000000000e+04,2.09979002099787891e+02,5.00000000000000028e-02,1.00000000000000002e-02,8.09473316048928973e+03,2.61358325887547038e-01,1.27291013136936328e+01,-6.79307828052258955e+00,-3.49408573503237374e+00,5.00000000000000028e-02,1.00000000000000002e-02,1.00000000000001009e+02,2.09979002099773737e+02,2.09999999999985812e+04,1,1.00000000000000000e+00,unitarity,check_unitarity_false,1.00000000000000000e+00,0.00000000000000000e+00,0.00000000000000000e+00,1.00000000000000000e+00,2HDMC-patched:check_stability==check_positivity,0.00000000000000000e+00,0.00000000000000000e+00,0.00000000000000000e+00,nan,0.00000000000000000e+00,4.74757943300351417e+03,-4.74757943300351417e+03,4.74757943300351417e+03,4.74757943300351417e+03,3.17240403904823506e-05,1.41686031652043566e-06,0.00000000000000000e+00,3.34959696001414425e-06,1.00509272730907977e-02,3.48914085413874883e-03,3.93960676553352342e-06,1.47645917213344484e-06,1.04257049914341044e-05,0.00000000000000000e+00,1.35924237714800545e-02,2.33756543895763391e-08,2.33395021549037381e-03,1.04238974618590504e-04,0.00000000000000000e+00,2.46431174919836454e-04,7.39450700042172837e-01,2.56697474475431453e-01,2.89838429978890111e-04,1.08623686029520836e-04,7.67023245207345996e-04,0.00000000000000000e+00,1.00000000000000000e+00,1.45174240972412990e-11
dihiggs.point.v2,DihiggsPointV2Evaluator,c4fc29fc3593d4a537089e22e43504bfb9ed4a87,no,THDM::set_param_phys+THDM::get_param_gen+THDM::get_coupling_hhh+2HDMC::DecayTable,issue62-yukawa-order-recompute-v2,off_seed_moderate_tanbeta,point_e3fa42cfffc1745f,1,1.00000000000000000e+00,1.25129999999999995e+02,2.00000000000000000e+02,4.50000000000000000e+02,5.50000000000000000e+02,9.94999999999999996e-01,1.00000000000000000e+02,1.56079666010823148e+00,2.40000000000000000e+04,2.39976002399757618e+02,5.00000000000000028e-02,1.00000000000000002e-02,7.59988427866574784e+03,2.61353377398728826e-01,1.26796164255112789e+01,-6.74359339234023558e+00,-3.44460084685002066e+00,5.00000000000000028e-02,1.00000000000000002e-02,1.00000000000001009e+02,2.39976002399910300e+02,2.40000000000152686e+04,1,1.00000000000000000e+00,unitarity,check_unitarity_false,1.00000000000000000e+00,0.00000000000000000e+00,0.00000000000000000e+00,1.00000000000000000e+00,2HDMC-patched:check_stability==check_positivity,0.00000000000000000e+00,0.00000000000000000e+00,0.00000000000000000e+00,nan,0.00000000000000000e+00,4.40970938432313687e+03,-4.40970938432313687e+03,4.40970938432313687e+03,4.40970938432313687e+03,3.17240403904823506e-05,1.41686031652043566e-06,0.00000000000000000e+00,3.34959696001414425e-06,1.00509272730907977e-02,3.48914085413874883e-03,3.36065683329354887e-06,1.36103370661045988e-06,1.04257049914341044e-05,0.00000000000000000e+00,1.35917293960822905e-02,2.33756543878416156e-08,2.33406945253240242e-03,1.04244299987964333e-04,0.00000000000000000e+00,2.46443764616123019e-04,7.39488477160816560e-01,2.56710588657280525e-01,2.47257485442745214e-04,1.00136904359114686e-04,7.67062430954462107e-04,0.00000000000000000e+00,1.00000000000000000e+00,1.45181657646066700e-11
dihiggs.point.v2,DihiggsPointV2Evaluator,c4fc29fc3593d4a537089e22e43504bfb9ed4a87,no,THDM::set_param_phys+THDM::get_param_gen+THDM::get_coupling_hhh+2HDMC::DecayTable,issue62-yukawa-order-recompute-v2,off_seed_moderate_tanbeta,point_2beb07b4323d06c3,1,1.00000000000000000e+00,1.25129999999999995e+02,2.25000000000000000e+02,4.50000000000000000e+02,5.50000000000000000e+02,9.94999999999999996e-01,1.00000000000000000e+02,1.56079666010823148e+00,1.20000000000000000e+04,1.19988001199878809e+02,5.00000000000000028e-02,1.00000000000000002e-02,1.13178725521932138e+04,2.62790401607741086e-01,1.44472649445441768e+01,-6.94153294506964880e+00,-3.64254039957943299e+00,5.00000000000000028e-02,1.00000000000000002e-02,1.00000000000001009e+02,1.19988001199909675e+02,1.20000000000030868e+04,1,1.00000000000000000e+00,unitarity,check_unitarity_false,1.00000000000000000e+00,0.00000000000000000e+00,0.00000000000000000e+00,1.00000000000000000e+00,2HDMC-patched:check_stability==check_positivity,0.00000000000000000e+00,0.00000000000000000e+00,0.00000000000000000e+00,nan,0.00000000000000000e+00,6.53031390262100831e+03,-6.53031390262100831e+03,6.53031390262100831e+03,6.53031390262100831e+03,3.49084442097419187e-05,1.55803811395296080e-06,0.00000000000000000e+00,3.76867124336795746e-06,1.73812745684662553e-02,7.02732537745816808e-03,1.44336942506918816e-05,6.52378601274905049e-06,1.52658735939328163e-05,0.00000000000000000e+00,2.44850844560974834e-02,2.60027486209679637e-08,1.42570242191052436e-03,6.36321315022037829e-05,0.00000000000000000e+00,1.53917020385422893e-04,7.09871946720519564e-01,2.87004334825080143e-01,5.89489257289348687e-04,2.66439187679601503e-04,6.23476452421677465e-04,0.00000000000000000e+00,1.00000000000000000e+00,8.05906880794360407e-12
dihiggs.point.v2,DihiggsPointV2Evaluator,c4fc29fc3593d4a537089e22e43504bfb9ed4a87,no,THDM::set_param_phys+THDM::get_param_gen+THDM::get_coupling_hhh+2HDMC::DecayTable,issue62-yukawa-order-recompute-v2,off_seed_moderate_tanbeta,point_491e659920f18a7e,1,1.00000000000000000e+00,1.25129999999999995e+02,2.25000000000000000e+02,4.50000000000000000e+02,5.50000000000000000e+02,9.94999999999999996e-01,1.00000000000000000e+02,1.56079666010823148e+00,1.50000000000000000e+04,1.49985001499848494e+02,5.00000000000000028e-02,1.00000000000000002e-02,1.08230236703696719e+04,2.62785453118922818e-01,1.43977800563618263e+01,-6.89204805688729483e+00,-3.59305551139707990e+00,5.00000000000000028e-02,1.00000000000000002e-02,1.00000000000001009e+02,1.49985001499864353e+02,1.50000000000015843e+04,1,1.00000000000000000e+00,unitarity,check_unitarity_false,1.00000000000000000e+00,0.00000000000000000e+00,0.00000000000000000e+00,1.00000000000000000e+00,2HDMC-patched:check_stability==check_positivity,0.00000000000000000e+00,0.00000000000000000e+00,0.00000000000000000e+00,nan,0.00000000000000000e+00,6.19244385394063193e+03,-6.19244385394063193e+03,6.19244385394063193e+03,6.19244385394063193e+03,3.49084442097419187e-05,1.55803811395296080e-06,0.00000000000000000e+00,3.76867124336795746e-06,1.73812745684662553e-02,7.02732537745816808e-03,1.30558419488713256e-05,5.95447220167462508e-06,1.52658735939328163e-05,0.00000000000000000e+00,2.44831372899845870e-02,2.60027486209679637e-08,1.42581580931713564e-03,6.36371922233313421e-05,0.00000000000000000e+00,1.53929261545644432e-04,7.09928403480238668e-01,2.87027160540118509e-01,5.33258536037868386e-04,2.43207074777563106e-04,6.23526038069381204e-04,0.00000000000000000e+00,1.00000000000000000e+00,8.05970975299482321e-12
dihiggs.point.v2,DihiggsPointV2Evaluator,c4fc29fc3593d4a537089e22e43504bfb9ed4a87,no,THDM::set_param_phys+THDM::get_param_gen+THDM::get_coupling_hhh+2HDMC::DecayTable,issue62-yukawa-order-recompute-v2,off_seed_moderate_tanbeta,point_60b66eeb4215559d,1,1.00000000000000000e+00,1.25129999999999995e+02,2.25000000000000000e+02,4.50000000000000000e+02,5.50000000000000000e+02,9.94999999999999996e-01,1.00000000000000000e+02,1.56079666010823148e+00,1.80000000000000000e+04,1.79982001799818192e+02,5.00000000000000028e-02,1.00000000000000002e-02,1.03281747885461300e+04,2.62780504630104605e-01,1.43482951681794724e+01,-6.84256316870494175e+00,-3.54357062321472682e+00,5.00000000000000028e-02,1.00000000000000002e-02,1.00000000000001009e+02,1.79982001799819045e+02,1.80000000000000837e+04,1,1.00000000000000000e+00,unitarity,check_unitarity_false,1.00000000000000000e+00,0.00000000000000000e+00,0.00000000000000000e+00,1.00000000000000000e+00,2HDMC-patched:check_stability==check_positivity,0.00000000000000000e+00,0.00000000000000000e+00,0.00000000000000000e+00,nan,0.00000000000000000e+00,5.85457380526025281e+03,-5.85457380526025281e+03,5.85457380526025281e+03,5.85457380526025281e+03,3.49084442097419187e-05,1.55803811395296080e-06,0.00000000000000000e+00,3.76867124336795746e-06,1.73812745684662553e-02,7.02732537745816808e-03,1.17496130164598888e-05,5.42378340296305295e-06,1.52658735939328163e-05,0.00000000000000000e+00,2.44813003722534617e-02,2.60027486209679637e-08,1.42592279327230270e-03,6.36419671448010629e-05,0.00000000000000000e+00,1.53940811397391367e-04,7.09981671895410837e-01,2.87048697193502678e-01,4.79942357546359240e-04,2.21548010950849779e-04,6.23572823412387183e-04,0.00000000000000000e+00,1.00000000000000000e+00,8.06031450125279390e-12
dihiggs.point.v2,DihiggsPointV2Evaluator,c4fc29fc3593d4a537089e22e43504bfb9ed4a87,no,THDM::set_param_phys+THDM::get_param_gen+THDM::get_coupling_hhh+2HDMC::DecayTable,issue62-yukawa-order-recompute-v2,off_seed_moderate_tanbeta,point_af71a0a35365b9c7,1,1.00000000000000000e+00,1.25129999999999995e+02,2.25000000000000000e+02,4.50000000000000000e+02,5.50000000000000000e+02,9.94999999999999996e-01,1.00000000000000000e+02,1.56079666010823148e+00,2.10000000000000000e+04,2.09979002099787891e+02,5.00000000000000028e-02,1.00000000000000002e-02,9.83332590672258812e+03,2.62775556141286337e-01,1.42988102799971202e+01,-6.79307828052258955e+00,-3.49408573503237374e+00,5.00000000000000028e-02,1.00000000000000002e-02,1.00000000000001009e+02,2.09979002099773737e+02,2.09999999999985812e+04,1,1.00000000000000000e+00,unitarity,check_unitarity_false,1.00000000000000000e+00,0.00000000000000000e+00,0.00000000000000000e+00,1.00000000000000000e+00,2HDMC-patched:check_stability==check_positivity,0.00000000000000000e+00,0.00000000000000000e+00,0.00000000000000000e+00,nan,0.00000000000000000e+00,5.51670375657987825e+03,-5.51670375657987825e+03,5.51670375657987825e+03,5.51670375657987825e+03,3.49084442097419187e-05,1.55803811395296080e-06,0.00000000000000000e+00,3.76867124336795746e-06,1.73812745684662553e-02,7.02732537745816808e-03,1.05150074534575731e-05,4.93171961661433070e-06,1.52658735939328163e-05,0.00000000000000000e+00,2.44795737029041144e-02,2.60027486209679637e-08,1.42602337088903563e-03,6.36464561377604501e-05,0.00000000000000000e+00,1.53951669628988046e-04,7.10031750528574035e-01,2.87068944204060483e-01,4.29542098284584669e-04,2.01462642955635310e-04,6.23616807188180785e-04,0.00000000000000000e+00,1.00000000000000000e+00,8.06088303639823139e-12
dihiggs.point.v2,DihiggsPointV2Evaluator,c4fc29fc3593d4a537089e22e43504bfb9ed4a87,no,THDM::set_param_phys+THDM::get_param_gen+THDM::get_coupling_hhh+2HDMC::DecayTable,issue62-yukawa-order-recompute-v2,off_seed_moderate_tanbeta,point_5abc4d36ef9f4120,1,1.00000000000000000e+00,1.25129999999999995e+02,2.25000000000000000e+02,4.50000000000000000e+02,5.50000000000000000e+02,9.94999999999999996e-01,1.00000000000000000e+02,1.56079666010823148e+00,2.40000000000000000e+04,2.39976002399757618e+02,5.00000000000000028e-02,1.00000000000000002e-02,9.33847702489904623e+03,2.62770607652468124e-01,1.42493253918147698e+01,-6.74359339234023558e+00,-3.44460084685002066e+00,5.00000000000000028e-02,1.00000000000000002e-02,1.00000000000001009e+02,2.39976002399910300e+02,2.40000000000152686e+04,1,1.00000000000000000e+00,unitarity,check_unitarity_false,1.00000000000000000e+00,0.00000000000000000e+00,0.00000000000000000e+00,1.00000000000000000e+00,2HDMC-patched:check_stability==check_positivity,0.00000000000000000e+00,0.00000000000000000e+00,0.00000000000000000e+00,nan,0.00000000000000000e+00,5.17883370789950004e+03,-5.17883370789950004e+03,5.17883370789950004e+03,5.17883370789950004e+03,3.49084442097419187e-05,1.55803811395296080e-06,0.00000000000000000e+00,3.76867124336795746e-06,1.73812745684662553e-02,7.02732537745816808e-03,9.35202525986437153e-06,4.47828084262846428e-06,1.52658735939328163e-05,0.00000000000000000e+00,2.44779572819365347e-02,2.60027486209679637e-08,1.42611753945263010e-03,6.36506590810464551e-05,0.00000000000000000e+00,1.53961835947358304e-04,7.10078638028048825e-01,2.87087901025302072e-01,3.82059056323530823e-04,1.82951575208982161e-04,6.23657988209589688e-04,0.00000000000000000e+00,1.00000000000000000e+00,8.06141534308572038e-12
dihiggs.point.v2,DihiggsPointV2Evaluator,c4fc29fc3593d4a537089e22e43504bfb9ed4a87,no,THDM::set_param_phys+THDM::get_param_gen+THDM::get_coupling_hhh+2HDMC::DecayTable,issue62-yukawa-order-recompute-v2,off_seed_moderate_tanbeta,point_a4aadce78f570e4f,1,1.00000000000000000e+00,1.25129999999999995e+02,2.50000000000000000e+02,4.50000000000000000e+02,5.50000000000000000e+02,9.94999999999999996e-01,1.00000000000000000e+02,1.56079666010823148e+00,1.20000000000000000e+04,1.19988001199878809e+02,5.00000000000000028e-02,1.00000000000000002e-02,1.32610056215127806e+04,2.64374364832508590e-01,1.62016455539421891e+01,-6.94153294506964880e+00,-3.64254039957943299e+00,5.00000000000000028e-02,1.00000000000000002e-02,1.00000000000001009e+02,1.19988001200182524e+02,1.20000000000303735e+04,1,1.00000000000000000e+00,unitarity,check_unitarity_false,1.00000000000000000e+00,0.00000000000000000e+00,0.00000000000000000e+00,1.00000000000000000e+00,2HDMC-patched:check_stability==check_positivity,0.00000000000000000e+00,0.00000000000000000e+00,0.00000000000000000e+00,nan,0.00000000000000000e+00,7.38992344073576714e+03,-7.38992344073576714e+03,7.38992344073576714e+03,7.38992344073576714e+03,3.80366930449228620e-05,1.69683678456256882e-06,0.00000000000000000e+00,4.18771027275193035e-06,2.72877251292936614e-02,1.15531870466681688e-02,3.05930419947396458e-05,1.66387606842206495e-05,2.18423424085733259e-05,0.00000000000000000e+00,3.89539361716597990e-02,2.86105081986898213e-08,9.76453133704001386e-04,4.35600853553041062e-05,0.00000000000000000e+00,1.07504162205785512e-04,7.00512651893349103e-01,2.96585869929967993e-01,7.85364587032337871e-04,4.27139393844513850e-04,5.60722344266310923e-04,0.00000000000000000e+00,1.00000000000000000e+00,5.06564932309874065e-12
dihiggs.point.v2,DihiggsPointV2Evaluator,c4fc29fc3593d4a537089e22e43504bfb9ed4a87,no,THDM::set_param_phys+THDM::get_param_gen+THDM::get_coupling_hhh+2HDMC::DecayTable,issue62-yukawa-order-recompute-v2,off_seed_moderate_tanbeta,point_96ba541b07c989b2,1,1.00000000000000000e+00,1.25129999999999995e+02,2.50000000000000000e+02,4.50000000000000000e+02,5.50000000000000000e+02,9.94999999999999996e-01,1.00000000000000000e+02,1.56079666010823148e+00,1.50000000000000000e+04,1.49985001499848494e+02,5.00000000000000028e-02,1.00000000000000002e-02,1.27661567396892387e+04,2.64369416343690322e-01,1.61521606657598369e+01,-6.89204805688729483e+00,-3.59305551139707990e+00,5.00000000000000028e-02,1.00000000000000002e-02,1.00000000000001009e+02,1.49985001499955303e+02,1.50000000000106793e+04,1,1.00000000000000000e+00,unitarity,check_unitarity_false,1.00000000000000000e+00,0.00000000000000000e+00,0.00000000000000000e+00,1.00000000000000000e+00,2HDMC-patched:check_stability==check_positivity,0.00000000000000000e+00,0.00000000000000000e+00,0.00000000000000000e+00,nan,0.00000000000000000e+00,7.05205339205538803e+03,-7.05205339205538803e+03,7.05205339205538803e+03,7.05205339205538803e+03,3.80366930449228620e-05,1.69683678456256882e-06,0.00000000000000000e+00,4.18771027275193035e-06,2.72877251292936614e-02,1.15531870466681688e-02,2.82046819195178519e-05,1.53873436659712846e-05,2.18423424085733259e-05,0.00000000000000000e+00,3.89502963945663194e-02,2.86105081917509274e-08,9.76544380037865198e-04,4.35641559020147188e-05,0.00000000000000000e+00,1.07514208116170538e-04,7.00578112496735184e-01,2.96613584904064365e-01,7.24119827839165989e-04,3.95050746471799989e-04,5.60774741925208981e-04,0.00000000000000000e+00,1.00000000000000000e+00,5.06612269136744475e-12
dihiggs.point.v2,DihiggsPointV2Evaluator,c4fc29fc3593d4a537089e22e43504bfb9ed4a87,no,THDM::set_param_phys+THDM::get_param_gen+THDM::get_coupling_hhh+2HDMC::DecayTable,issue62-yukawa-order-recompute-v2,off_seed_moderate_tanbeta,point_bb80cd2760e1b979,1,1.00000000000000000e+00,1.25129999999999995e+02,2.50000000000000000e+02,4.50000000000000000e+02,5.50000000000000000e+02,9.94999999999999996e-01,1.00000000000000000e+02,1.56079666010823148e+00,1.80000000000000000e+04,1.79982001799818192e+02,5.00000000000000028e-02,1.00000000000000002e-02,1.22713078578656969e+04,2.64364467854872054e-01,1.61026757775774811e+01,-6.84256316870494175e+00,-3.54357062321472682e+00,5.00000000000000028e-02,1.00000000000000002e-02,1.00000000000001009e+02,1.79982001799909995e+02,1.80000000000091786e+04,1,1.00000000000000000e+00,unitarity,check_unitarity_false,1.00000000000000000e+00,0.00000000000000000e+00,0.00000000000000000e+00,1.00000000000000000e+00,2HDMC-patched:check_stability==check_positivity,0.00000000000000000e+00,0.00000000000000000e+00,0.00000000000000000e+00,nan,0.00000000000000000e+00,6.71418334337501165e+03,-6.71418334337501165e+03,6.71418334337501165e+03,6.71418334337501165e+03,3.80366930449228620e-05,1.69683678456256882e-06,0.00000000000000000e+00,4.18771027275193035e-06,2.72877251292936614e-02,1.15531870466681688e-02,2.59156425907187424e-05,1.41957101891028356e-05,2.18423424085733259e-05,0.00000000000000000e+00,3.89468157217606609e-02,2.86105081986898213e-08,9.76631653705920498e-04,4.35680492260243801e-05,0.00000000000000000e+00,1.07523816649589173e-04,7.00640723088621020e-01,2.96640093228804969e-01,6.65411076886549078e-04,3.64489623247204293e-04,5.60824858304639407e-04,0.00000000000000000e+00,1.00000000000000000e+00,5.06657545021704989e-12
dihiggs.point.v2,DihiggsPointV2Evaluator,c4fc29fc3593d4a537089e22e43504bfb9ed4a87,no,THDM::set_param_phys+THDM::get_param_gen+THDM::get_coupling_hhh+2HDMC::DecayTable,issue62-yukawa-order-recompute-v2,off_seed_moderate_tanbeta,point_35f1d2f7d6ec4383,1,1.00000000000000000e+00,1.25129999999999995e+02,2.50000000000000000e+02,4.50000000000000000e+02,5.50000000000000000e+02,9.94999999999999996e-01,1.00000000000000000e+02,1.56079666010823148e+00,2.10000000000000000e+04,2.09979002099787891e+02,5.00000000000000028e-02,1.00000000000000002e-02,1.17764589760421550e+04,2.64359519366053841e-01,1.60531908893951325e+01,-6.79307828052258955e+00,-3.49408573503237374e+00,5.00000000000000028e-02,1.00000000000000002e-02,1.00000000000001009e+02,2.09979002099864687e+02,2.10000000000076761e+04,1,1.00000000000000000e+00,unitarity,check_unitarity_false,1.00000000000000000e+00,0.00000000000000000e+00,0.00000000000000000e+00,1.00000000000000000e+00,2HDMC-patched:check_stability==check_positivity,0.00000000000000000e+00,0.00000000000000000e+00,0.00000000000000000e+00,nan,0.00000000000000000e+00,6.37631329469463526e+03,-6.37631329469463526e+03,6.37631329469463526e+03,6.37631329469463526e+03,3.80366930449228620e-05,1.69683678456256882e-06,0.00000000000000000e+00,4.18771027275193035e-06,2.72877251292936614e-02,1.15531870466681688e-02,2.37259240083423512e-05,1.30638602536153196e-05,2.18423424085733259e-05,0.00000000000000000e+00,3.89434941532427886e-02,2.86105081917509274e-08,9.76714952573293519e-04,4.35717652320952533e-05,0.00000000000000000e+00,1.07532987570999031e-04,7.00700482137436520e-01,2.96665394255747505e-01,6.09239733727558121e-04,3.35456808323592720e-04,5.60872692178663581e-04,0.00000000000000000e+00,1.00000000000000000e+00,5.06700758857224343e-12
dihiggs.point.v2,DihiggsPointV2Evaluator,c4fc29fc3593d4a537089e22e43504bfb9ed4a87,no,THDM::set_param_phys+THDM::get_param_gen+THDM::get_coupling_hhh+2HDMC::DecayTable,issue62-yukawa-order-recompute-v2,off_seed_moderate_tanbeta,point_d1d298b80b7445d4,1,1.00000000000000000e+00,1.25129999999999995e+02,2.50000000000000000e+02,4.50000000000000000e+02,5.50000000000000000e+02,9.94999999999999996e-01,1.00000000000000000e+02,1.56079666010823148e+00,2.40000000000000000e+04,2.39976002399757618e+02,5.00000000000000028e-02,1.00000000000000002e-02,1.12816100942186113e+04,2.64354570877235573e-01,1.60037060012127803e+01,-6.74359339234023558e+00,-3.44460084685002066e+00,5.00000000000000028e-02,1.00000000000000002e-02,1.00000000000001009e+02,2.39976002399637451e+02,2.39999999999879801e+04,1,1.00000000000000000e+00,unitarity,check_unitarity_false,1.00000000000000000e+00,0.00000000000000000e+00,0.00000000000000000e+00,1.00000000000000000e+00,2HDMC-patched:check_stability==check_positivity,0.00000000000000000e+00,0.00000000000000000e+00,0.00000000000000000e+00,nan,0.00000000000000000e+00,6.03844324601425706e+03,-6.03844324601425706e+03,6.03844324601425706e+03,6.03844324601425706e+03,3.80366930449228620e-05,1.69683678456256882e-06,0.00000000000000000e+00,4.18771027275193035e-06,2.72877251292936614e-02,1.15531870466681688e-02,2.16355261723886004e-05,1.19917938595087042e-05,2.18423424085733259e-05,0.00000000000000000e+00,3.89403316890127374e-02,2.86105081986898213e-08,9.76794274601804633e-04,4.35753038293030815e-05,0.00000000000000000e+00,1.07541720656003547e-04,7.00757388180981211e-01,2.96689487365819571e-01,5.55607136199438184e-04,3.07953048661171634e-04,5.60918242376869211e-04,0.00000000000000000e+00,1.00000000000000000e+00,5.06741909585934682e-12
dihiggs.point.v2,DihiggsPointV2Evaluator,c4fc29fc3593d4a537089e22e43504bfb9ed4a87,no,THDM::set_param_phys+THDM::get_param_gen+THDM::get_coupling_hhh+2HDMC::DecayTable,issue62-yukawa-order-recompute-v2,off_seed_high_tanbeta,point_23025d0735f20fcc,1,1.00000000000000000e+00,1.25129999999999995e+02,1.60000000000000000e+02,4.00000000000000000e+02,6.50000000000000000e+02,9.97999999999999998e-01,3.00000000000000000e+03,1.57046299347390894e+00,1.00000000000000000e+04,3.33333296296323089e+00,5.00000000000000010e-03,-2.00000000000000004e-03,-2.46899655236457437e+07,2.58919636134100406e-01,4.76498148749014803e+01,-8.13410067436300821e+00,5.25754757548801965e-01,5.00000000000000010e-03,-2.00000000000000004e-03,2.99999999999979582e+03,3.33333296657633626e+00,1.00000000108393178e+04,1,1.00000000000000000e+00,positivity,check_positivity_false,0.00000000000000000e+00,0.00000000000000000e+00,0.00000000000000000e+00,0.00000000000000000e+00,2HDMC-patched:check_stability==check_positivity,0.00000000000000000e+00,0.00000000000000000e+00,0.00000000000000000e+00,nan,0.00000000000000000e+00,-3.90478318610427203e+05,3.90478318610427203e+05,3.90478318610427203e+05,3.90478318610427203e+05,1.29524403170622818e-05,5.79505895178024744e-07,0.00000000000000000e+00,1.30993299153029332e-06,2.80593403580609892e-04,1.34682471990502738e-05,1.78741418527066931e-02,5.13695969224147071e-03,2.61835985815508248e-06,0.00000000000000000e+00,2.33226327863047152e-02,9.35151496517239167e-09,5.55359269930626631e-04,2.48473618089256383e-05,0.00000000000000000e+00,5.61657426729069459e-05,1.20309489135110494e-02,5.77475421512401626e-04,7.66386111571527584e-01,2.20256423848423533e-01,1.12266907520518422e-04,0.00000000000000000e+00,1.00000000000000000e+00,8.46075064543623882e-12
dihiggs.point.v2,DihiggsPointV2Evaluator,c4fc29fc3593d4a537089e22e43504bfb9ed4a87,no,THDM::set_param_phys+THDM::get_param_gen+THDM::get_coupling_hhh+2HDMC::DecayTable,issue62-yukawa-order-recompute-v2,off_seed_high_tanbeta,point_b99b95b1df4755b5,1,1.00000000000000000e+00,1.25129999999999995e+02,1.60000000000000000e+02,4.00000000000000000e+02,6.50000000000000000e+02,9.97999999999999998e-01,3.00000000000000000e+03,1.57046299347390894e+00,1.50000000000000000e+04,4.99999944444484612e+00,5.00000000000000010e-03,-2.00000000000000004e-03,-2.54322388463809416e+07,2.58919626970232186e-01,4.75673400612642254e+01,-8.05162586072575159e+00,6.08229571186057250e-01,5.00000000000000010e-03,-2.00000000000000004e-03,2.99999999999979582e+03,4.99999944167905230e+00,1.49999999917026162e+04,1,1.00000000000000000e+00,positivity,check_positivity_false,0.00000000000000000e+00,0.00000000000000000e+00,0.00000000000000000e+00,0.00000000000000000e+00,2HDMC-patched:check_stability==check_positivity,0.00000000000000000e+00,0.00000000000000000e+00,0.00000000000000000e+00,nan,0.00000000000000000e+00,-4.01945267621960724e+05,4.01945267621960724e+05,4.01945267621960724e+05,4.01945267621960724e+05,1.29524403170622818e-05,5.79505895178024744e-07,0.00000000000000000e+00,1.30993299153029332e-06,2.80593403580609892e-04,1.34682471990502738e-05,1.89619987927780002e-02,5.44785247817137618e-03,2.61835985815508248e-06,0.00000000000000000e+00,2.47213825123059304e-02,9.35151496517239167e-09,5.23936730100541567e-04,2.34414841034701621e-05,0.00000000000000000e+00,5.29878533645207164e-05,1.13502310577062084e-02,5.44801537387562540e-04,7.67028251083409440e-01,2.20370057194799573e-01,1.05914782753420148e-04,0.00000000000000000e+00,1.00000000000000000e+00,7.98203661554015557e-12
dihiggs.point.v2,DihiggsPointV2Evaluator,c4fc29fc3593d4a537089e22e43504bfb9ed4a87,no,THDM::set_param_phys+THDM::get_param_gen+THDM::get_coupling_hhh+2HDMC::DecayTable,issue62-yukawa-order-recompute-v2,off_seed_high_tanbeta,point_50e4f82f963c8597,1,1.00000000000000000e+00,1.25129999999999995e+02,1.60000000000000000e+02,4.00000000000000000e+02,6.50000000000000000e+02,9.97999999999999998e-01,3.00000000000000000e+03,1.57046299347390894e+00,2.00000000000000000e+04,6.66666592592646179e+00,5.00000000000000010e-03,-2.00000000000000004e-03,-2.61745121691161394e+07,2.58919617806363966e-01,4.74848652476269706e+01,-7.96915104708849853e+00,6.90704384823312534e-01,5.00000000000000010e-03,-2.00000000000000004e-03,2.99999999999979582e+03,6.66666591678176790e+00,1.99999999725659145e+04,1,1.00000000000000000e+00,positivity,check_positivity_false,0.00000000000000000e+00,0.00000000000000000e+00,0.00000000000000000e+00,0.00000000000000000e+00,2HDMC-patched:check_stability==check_positivity,0.00000000000000000e+00,0.00000000000000000e+00,0.00000000000000000e+00,nan,0.00000000000000000e+00,-4.13412216633494245e+05,4.13412216633494245e+05,4.13412216633494245e+05,4.13412216633494245e+05,1.29524403170622818e-05,5.79505895178024744e-07,0.00000000000000000e+00,1.30993299153029332e-06,2.80593403580609892e-04,1.34682471990502738e-05,2.00819896874166494e-02,5.76787865045476616e-03,2.61835985815508248e-06,0.00000000000000000e+00,2.61613995792279695e-02,9.35151496517239167e-09,4.95097377257540101e-04,2.21511809191641936e-05,0.00000000000000000e+00,5.00712122668839970e-05,1.07254737167578659e-02,5.14813710874398333e-04,7.67619088061391674e-01,2.20472862431810995e-01,1.00084854031817473e-04,0.00000000000000000e+00,1.00000000000000000e+00,7.54267675176968473e-12
dihiggs.point.v2,DihiggsPointV2Evaluator,c4fc29fc3593d4a537089e22e43504bfb9ed4a87,no,THDM::set_param_phys+THDM::get_param_gen+THDM::get_coupling_hhh+2HDMC::DecayTable,issue62-yukawa-order-recompute-v2,off_seed_high_tanbeta,point_8dd32e092bdd9d6e,1,1.00000000000000000e+00,1.25129999999999995e+02,1.60000000000000000e+02,4.00000000000000000e+02,6.50000000000000000e+02,9.97999999999999998e-01,3.00000000000000000e+03,1.57046299347390894e+00,2.50000000000000000e+04,8.33333240740807746e+00,5.00000000000000010e-03,-2.00000000000000004e-03,-2.69167854918513373e+07,2.58919608642495858e-01,4.74023904339897157e+01,-7.88667623345124369e+00,7.73179198460567818e-01,5.00000000000000010e-03,-2.00000000000000004e-03,2.99999999999979582e+03,8.33333241098387312e+00,2.50000000107273881e+04,1,1.00000000000000000e+00,positivity,check_positivity_false,0.00000000000000000e+00,0.00000000000000000e+00,0.00000000000000000e+00,0.00000000000000000e+00,2HDMC-patched:check_stability==check_positivity,0.00000000000000000e+00,0.00000000000000000e+00,0.00000000000000000e+00,nan,0.00000000000000000e+00,-4.24879165645027766e+05,4.24879165645027766e+05,4.24879165645027766e+05,4.24879165645027766e+05,1.29524403170622818e-05,5.79505895178024744e-07,0.00000000000000000e+00,1.30993299153029332e-06,2.80593403580609892e-04,1.34682471990502738e-05,2.12341145366226509e-02,6.09703820909163977e-03,2.61835985815508248e-06,0.00000000000000000e+00,2.76426839870708430e-02,9.35151496517239167e-09,4.68566667517541146e-04,2.09641688719182915e-05,0.00000000000000000e+00,4.73880536399063468e-05,1.01507293471158680e-02,4.87226464888492773e-04,7.68163994008482121e-01,2.20566071367866212e-01,9.47216217998134104e-05,0.00000000000000000e+00,1.00000000000000000e+00,7.13848845113211998e-12
dihiggs.point.v2,DihiggsPointV2Evaluator,c4fc29fc3593d4a537089e22e43504bfb9ed4a87,no,THDM::set_param_phys+THDM::get_param_gen+THDM::get_coupling_hhh+2HDMC::DecayTable,issue62-yukawa-order-recompute-v2,off_seed_high_tanbeta,point_c74cdb2014d4e166,1,1.00000000000000000e+00,1.25129999999999995e+02,1.60000000000000000e+02,4.00000000000000000e+02,6.50000000000000000e+02,9.97999999999999998e-01,3.00000000000000000e+03,1.57046299347390894e+00,3.00000000000000000e+04,9.99999888888969224e+00,5.00000000000000010e-03,-2.00000000000000004e-03,-2.76590588145865314e+07,2.58919599478627638e-01,4.73199156203524609e+01,-7.80420141981398885e+00,8.55654012097823102e-01,5.00000000000000010e-03,-2.00000000000000004e-03,2.99999999999979582e+03,9.99999888608658871e+00,2.99999999915906883e+04,1,1.00000000000000000e+00,positivity,check_positivity_false,0.00000000000000000e+00,0.00000000000000000e+00,0.00000000000000000e+00,0.00000000000000000e+00,2HDMC-patched:check_stability==check_positivity,0.00000000000000000e+00,0.00000000000000000e+00,0.00000000000000000e+00,nan,0.00000000000000000e+00,-4.36346114656561171e+05,4.36346114656561171e+05,4.36346114656561171e+05,4.36346114656561171e+05,1.29524403170622818e-05,5.79505895178024744e-07,0.00000000000000000e+00,1.30993299153029332e-06,2.80593403580609892e-04,1.34682471990502738e-05,2.24183733403959598e-02,6.43533115408199442e-03,2.61835985815508248e-06,0.00000000000000000e+00,2.91652357358345056e-02,9.35151496517239167e-09,4.44105456042927953e-04,1.98697483684660289e-05,0.00000000000000000e+00,4.49141917931016545e-05,9.62081726758864074e-03,4.61791131093180823e-04,7.68667654307732318e-01,2.20650750515795885e-01,8.97767424844770744e-05,0.00000000000000000e+00,1.00000000000000000e+00,6.76582840568471348e-12
dihiggs.point.v2,DihiggsPointV2Evaluator,c4fc29fc3593d4a537089e22e43504bfb9ed4a87,no,THDM::set_param_phys+THDM::get_param_gen+THDM::get_coupling_hhh+2HDMC::DecayTable,issue62-yukawa-order-recompute-v2,off_seed_high_tanbeta,point_619771335ef65e97,1,1.00000000000000000e+00,1.25129999999999995e+02,1.90000000000000000e+02,4.00000000000000000e+02,6.50000000000000000e+02,9.97999999999999998e-01,3.00000000000000000e+03,1.57046299347390894e+00,1.00000000000000000e+04,3.33333296296323089e+00,5.00000000000000010e-03,-2.00000000000000004e-03,-2.31373548465947881e+07,2.59604466566330128e-01,8.02577133206670794e+01,-8.13410067436300821e+00,5.25754757548801965e-01,5.00000000000000010e-03,-2.00000000000000004e-03,2.99999999999979582e+03,3.33333296111936805e+00,9.99999999446841139e+03,1,1.00000000000000000e+00,positivity,check_positivity_false,0.00000000000000000e+00,0.00000000000000000e+00,0.00000000000000000e+00,0.00000000000000000e+00,2HDMC-patched:check_stability==check_positivity,0.00000000000000000e+00,0.00000000000000000e+00,0.00000000000000000e+00,nan,0.00000000000000000e+00,-3.74452962928459921e+05,3.74452962928459921e+05,3.74452962928459921e+05,3.74452962928459921e+05,1.48805403863035841e-05,6.64823109127380145e-07,0.00000000000000000e+00,1.55588039488995997e-06,3.08359141393301775e-03,8.30486172174759872e-04,2.64285404426821031e-02,1.12201729991390480e-02,4.33730464742791976e-06,0.00000000000000000e+00,4.15842404896581835e-02,1.09131915101978727e-08,3.57840860169234291e-04,1.59873813083761546e-05,0.00000000000000000e+00,3.74151451744537844e-05,7.41528852667128341e-02,1.99711756760664674e-02,6.35542218193326458e-01,2.69817913397491393e-01,1.04301643996758538e-04,0.00000000000000000e+00,1.00000000000000000e+00,4.74523468690198542e-12
dihiggs.point.v2,DihiggsPointV2Evaluator,c4fc29fc3593d4a537089e22e43504bfb9ed4a87,no,THDM::set_param_phys+THDM::get_param_gen+THDM::get_coupling_hhh+2HDMC::DecayTable,issue62-yukawa-order-recompute-v2,off_seed_high_tanbeta,point_9e85a70cf497766e,1,1.00000000000000000e+00,1.25129999999999995e+02,1.90000000000000000e+02,4.00000000000000000e+02,6.50000000000000000e+02,9.97999999999999998e-01,3.00000000000000000e+03,1.57046299347390894e+00,1.50000000000000000e+04,4.99999944444484612e+00,5.00000000000000010e-03,-2.00000000000000004e-03,-2.38796281693299860e+07,2.59604457402461963e-01,8.01752385070298033e+01,-8.05162586072575159e+00,6.08229571186057250e-01,5.00000000000000010e-03,-2.00000000000000004e-03,2.99999999999979582e+03,4.99999944713602051e+00,1.50000000080735226e+04,1,1.00000000000000000e+00,positivity,check_positivity_false,0.00000000000000000e+00,0.00000000000000000e+00,0.00000000000000000e+00,0.00000000000000000e+00,2HDMC-patched:check_stability==check_positivity,0.00000000000000000e+00,0.00000000000000000e+00,0.00000000000000000e+00,nan,0.00000000000000000e+00,-3.85919911939993501e+05,3.85919911939993501e+05,3.85919911939993501e+05,3.85919911939993501e+05,1.48805403863035841e-05,6.64823109127380145e-07,0.00000000000000000e+00,1.55588039488995997e-06,3.08359141393301775e-03,8.30486172174759872e-04,2.81477915620759328e-02,1.19468258261158054e-02,4.33730464742791976e-06,0.00000000000000000e+00,4.40301444360287758e-02,1.09131915171367666e-08,3.37962561261261887e-04,1.50992715931990419e-05,0.00000000000000000e+00,3.53367088575076669e-05,7.00336429378094760e-02,1.88617635216111988e-02,6.39284561125429640e-01,2.71332878398191535e-01,9.85076179736265190e-05,0.00000000000000000e+00,1.00000000000000000e+00,4.48163372906249713e-12
dihiggs.point.v2,DihiggsPointV2Evaluator,c4fc29fc3593d4a537089e22e43504bfb9ed4a87,no,THDM::set_param_phys+THDM::get_param_gen+THDM::get_coupling_hhh+2HDMC::DecayTable,issue62-yukawa-order-recompute-v2,off_seed_high_tanbeta,point_33b4d60afeabe8cc,1,1.00000000000000000e+00,1.25129999999999995e+02,1.90000000000000000e+02,4.00000000000000000e+02,6.50000000000000000e+02,9.97999999999999998e-01,3.00000000000000000e+03,1.57046299347390894e+00,2.00000000000000000e+04,6.66666592592646179e+00,5.00000000000000010e-03,-2.00000000000000004e-03,-2.46219014920651838e+07,2.59604448238593744e-01,8.00927636933925555e+01,-7.96915104708849853e+00,6.90704384823312534e-01,5.00000000000000010e-03,-2.00000000000000004e-03,2.99999999999979582e+03,6.66666592223873611e+00,1.99999999889368228e+04,1,1.00000000000000000e+00,positivity,check_positivity_false,0.00000000000000000e+00,0.00000000000000000e+00,0.00000000000000000e+00,0.00000000000000000e+00,2HDMC-patched:check_stability==check_positivity,0.00000000000000000e+00,0.00000000000000000e+00,0.00000000000000000e+00,nan,0.00000000000000000e+00,-3.97386860951527022e+05,3.97386860951527022e+05,3.97386860951527022e+05,3.97386860951527022e+05,1.48805403863035841e-05,6.64823109127380145e-07,0.00000000000000000e+00,1.55588039488995997e-06,3.08359141393301775e-03,8.30486172174759872e-04,2.99212157382503716e-02,1.26962769624532693e-02,4.33730464742791976e-06,0.00000000000000000e+00,4.65530197485406749e-02,1.09131915101978727e-08,3.19647156439729224e-04,1.42809878439351026e-05,0.00000000000000000e+00,3.34216857100603652e-05,6.62382683355289964e-02,1.78395768236021615e-02,6.42734153442072409e-01,2.72727248007391954e-01,9.31691364138388450e-05,0.00000000000000000e+00,1.00000000000000000e+00,4.23875790369508123e-12
dihiggs.point.v2,DihiggsPointV2Evaluator,c4fc29fc3593d4a537089e22e43504bfb9ed4a87,no,THDM::set_param_phys+THDM::get_param_gen+THDM::get_coupling_hhh+2HDMC::DecayTable,issue62-yukawa-order-recompute-v2,off_seed_high_tanbeta,point_ca4e0eb5a8012eb5,1,1.00000000000000000e+00,1.25129999999999995e+02,1.90000000000000000e+02,4.00000000000000000e+02,6.50000000000000000e+02,9.97999999999999998e-01,3.00000000000000000e+03,1.57046299347390894e+00,2.50000000000000000e+04,8.33333240740807746e+00,5.00000000000000010e-03,-2.00000000000000004e-03,-2.53641748148003779e+07,2.59604439074725579e-01,8.00102888797552936e+01,-7.88667623345124369e+00,7.73179198460567818e-01,5.00000000000000010e-03,-2.00000000000000004e-03,2.99999999999979582e+03,8.33333240552690491e+00,2.49999999943564835e+04,1,1.00000000000000000e+00,positivity,check_positivity_false,0.00000000000000000e+00,0.00000000000000000e+00,0.00000000000000000e+00,0.00000000000000000e+00,2HDMC-patched:check_stability==check_positivity,0.00000000000000000e+00,0.00000000000000000e+00,0.00000000000000000e+00,nan,0.00000000000000000e+00,-4.08853809963060427e+05,4.08853809963060427e+05,4.08853809963060427e+05,4.08853809963060427e+05,1.48805403863035841e-05,6.64823109127380145e-07,0.00000000000000000e+00,1.55588039488995997e-06,3.08359141393301775e-03,8.30486172174759872e-04,3.17488129712054160e-02,1.34685264081514135e-02,4.33730464742791976e-06,0.00000000000000000e+00,4.91528664271938670e-02,1.09131915171367666e-08,3.02740032635633038e-04,1.35256223584056574e-05,0.00000000000000000e+00,3.16539096899782766e-05,6.27347220634729419e-02,1.68959865932720582e-02,6.45919867526593694e-01,2.74013041092959320e-01,8.82411334820608107e-05,0.00000000000000000e+00,1.00000000000000000e+00,4.01455692705702900e-12
dihiggs.point.v2,DihiggsPointV2Evaluator,c4fc29fc3593d4a537089e22e43504bfb9ed4a87,no,THDM::set_param_phys+THDM::get_param_gen+THDM::get_coupling_hhh+2HDMC::DecayTable,issue62-yukawa-order-recompute-v2,off_seed_high_tanbeta,point_597e2807400e86dd,1,1.00000000000000000e+00,1.25129999999999995e+02,1.90000000000000000e+02,4.00000000000000000e+02,6.50000000000000000e+02,9.97999999999999998e-01,3.00000000000000000e+03,1.57046299347390894e+00,3.00000000000000000e+04,9.99999888888969224e+00,5.00000000000000010e-03,-2.00000000000000004e-03,-2.61064481375355758e+07,2.59604429910857415e-01,7.99278140661180601e+01,-7.80420141981398885e+00,8.55654012097823102e-01,5.00000000000000010e-03,-2.00000000000000004e-03,2.99999999999979582e+03,9.99999889154355692e+00,3.00000000079615929e+04,1,1.00000000000000000e+00,positivity,check_positivity_false,0.00000000000000000e+00,0.00000000000000000e+00,0.00000000000000000e+00,0.00000000000000000e+00,2HDMC-patched:check_stability==check_positivity,0.00000000000000000e+00,0.00000000000000000e+00,0.00000000000000000e+00,nan,0.00000000000000000e+00,-4.20320758974594006e+05,4.20320758974594006e+05,4.20320758974594006e+05,4.20320758974594006e+05,1.48805403863035841e-05,6.64823109127380145e-07,0.00000000000000000e+00,1.55588039488995997e-06,3.08359141393301775e-03,8.30486172174759872e-04,3.36305832609410729e-02,1.42635741632102728e-02,4.33730464742791976e-06,0.00000000000000000e+00,5.18296844719883798e-02,1.09131915101978727e-08,2.87104591469119390e-04,1.28270722830019777e-05,0.00000000000000000e+00,3.00190983360287205e-05,5.94946977846172453e-02,1.60233692455450001e-02,6.48867219693704533e-01,2.75200868161161460e-01,8.36837941734343093e-05,0.00000000000000000e+00,1.00000000000000000e+00,3.80721940351858405e-12
dihiggs.point.v2,DihiggsPointV2Evaluator,c4fc29fc3593d4a537089e22e43504bfb9ed4a87,no,THDM::set_param_phys+THDM::get_param_gen+THDM::get_coupling_hhh+2HDMC::DecayTable,issue62-yukawa-order-recompute-v2,off_seed_high_tanbeta,point_21155e72df4e9deb,1,1.00000000000000000e+00,1.25129999999999995e+02,2.20000000000000000e+02,4.00000000000000000e+02,6.50000000000000000e+02,9.97999999999999998e-01,3.00000000000000000e+03,1.57046299347390894e+00,1.00000000000000000e+04,3.33333296296323089e+00,5.00000000000000010e-03,-2.00000000000000004e-03,-2.13185823391922414e+07,2.60406696501227886e-01,1.18455537214278166e+02,-8.13410067436300821e+00,5.25754757548801965e-01,5.00000000000000010e-03,-2.00000000000000004e-03,2.99999999999979582e+03,3.33333296384785216e+00,1.00000000026538637e+04,1,1.00000000000000000e+00,positivity,check_positivity_false,0.00000000000000000e+00,0.00000000000000000e+00,0.00000000000000000e+00,0.00000000000000000e+00,2HDMC-patched:check_stability==check_positivity,0.00000000000000000e+00,0.00000000000000000e+00,0.00000000000000000e+00,nan,0.00000000000000000e+00,-3.55680403415298439e+05,3.55680403415298439e+05,3.55680403415298439e+05,3.55680403415298439e+05,1.67601017706627746e-05,7.48126087374830988e-07,0.00000000000000000e+00,1.80178605004121605e-06,6.29967736287706265e-03,2.50843540889775707e-03,3.50376117196694453e-02,1.84803290286498431e-02,6.93161444327382016e-06,0.00000000000000000e+00,6.23523076068967438e-02,1.24584512845027362e-08,2.68796816251415708e-04,1.19983704868058689e-05,0.00000000000000000e+00,2.88968623487147709e-05,1.01033588084561282e-01,4.02300332605541114e-02,5.61929671321321877e-01,2.96385646946060233e-01,1.11168531034561407e-04,0.00000000000000000e+00,1.00000000000000000e+00,3.16471014423488337e-12
dihiggs.point.v2,DihiggsPointV2Evaluator,c4fc29fc3593d4a537089e22e43504bfb9ed4a87,no,THDM::set_param_phys+THDM::get_param_gen+THDM::get_coupling_hhh+2HDMC::DecayTable,issue62-yukawa-order-recompute-v2,off_seed_high_tanbeta,point_15c5e45d36b366da,1,1.00000000000000000e+00,1.25129999999999995e+02,2.20000000000000000e+02,4.00000000000000000e+02,6.50000000000000000e+02,9.97999999999999998e-01,3.00000000000000000e+03,1.57046299347390894e+00,1.50000000000000000e+04,4.99999944444484612e+00,5.00000000000000010e-03,-2.00000000000000004e-03,-2.20608556619274393e+07,2.60406687337359666e-01,1.18373062400640933e+02,-8.05162586072575159e+00,6.08229571186057250e-01,5.00000000000000010e-03,-2.00000000000000004e-03,2.99999999999979582e+03,4.99999944440753641e+00,1.49999999998880703e+04,1,1.00000000000000000e+00,positivity,check_positivity_false,0.00000000000000000e+00,0.00000000000000000e+00,0.00000000000000000e+00,0.00000000000000000e+00,2HDMC-patched:check_stability==check_positivity,0.00000000000000000e+00,0.00000000000000000e+00,0.00000000000000000e+00,nan,0.00000000000000000e+00,-3.67147352426831960e+05,3.67147352426831960e+05,3.67147352426831960e+05,3.67147352426831960e+05,1.67601017706627746e-05,7.48126087374830988e-07,0.00000000000000000e+00,1.80178605004121605e-06,6.29967736287706265e-03,2.50843540889775707e-03,3.75172145331388110e-02,1.97841178430126913e-02,6.93161444327382016e-06,0.00000000000000000e+00,6.61356992347289646e-02,1.24584512845027362e-08,2.53419892200395223e-04,1.13119857509872275e-05,0.00000000000000000e+00,2.72437741021881864e-05,9.52538105103906824e-02,3.79286140151752632e-02,5.67276296572939098e-01,2.99144305903455532e-01,1.04808968884900116e-04,0.00000000000000000e+00,1.00000000000000000e+00,2.98366816535267380e-12
dihiggs.point.v2,DihiggsPointV2Evaluator,c4fc29fc3593d4a537089e22e43504bfb9ed4a87,no,THDM::set_param_phys+THDM::get_param_gen+THDM::get_coupling_hhh+2HDMC::DecayTable,issue62-yukawa-order-recompute-v2,off_seed_high_tanbeta,point_2c729c426953a680,1,1.00000000000000000e+00,1.25129999999999995e+02,2.20000000000000000e+02,4.00000000000000000e+02,6.50000000000000000e+02,9.97999999999999998e-01,3.00000000000000000e+03,1.57046299347390894e+00,2.00000000000000000e+04,6.66666592592646179e+00,5.00000000000000010e-03,-2.00000000000000004e-03,-2.28031289846626334e+07,2.60406678173491446e-01,1.18290587587003671e+02,-7.96915104708849853e+00,6.90704384823312534e-01,5.00000000000000010e-03,-2.00000000000000004e-03,2.99999999999979582e+03,6.66666591951025200e+00,1.99999999807513668e+04,1,1.00000000000000000e+00,positivity,check_positivity_false,0.00000000000000000e+00,0.00000000000000000e+00,0.00000000000000000e+00,0.00000000000000000e+00,2HDMC-patched:check_stability==check_positivity,0.00000000000000000e+00,0.00000000000000000e+00,0.00000000000000000e+00,nan,0.00000000000000000e+00,-3.78614301438365306e+05,3.78614301438365306e+05,3.78614301438365306e+05,3.78614301438365306e+05,1.67601017706627746e-05,7.48126087374830988e-07,0.00000000000000000e+00,1.80178605004121605e-06,6.29967736287706265e-03,2.50843540889775707e-03,4.00815843683583611e-02,2.11323454303980023e-02,6.93161444327382016e-06,0.00000000000000000e+00,7.00482966573338223e-02,1.24584512845027362e-08,2.39264943909354126e-04,1.06801467426760712e-05,0.00000000000000000e+00,2.57220537260926381e-05,8.99333411873550204e-02,3.58100843075265865e-02,5.72199272231153633e-01,3.01682502485026760e-01,9.89547893959831661e-05,0.00000000000000000e+00,1.00000000000000000e+00,2.81701325822803602e-12
dihiggs.point.v2,DihiggsPointV2Evaluator,c4fc29fc3593d4a537089e22e43504bfb9ed4a87,no,THDM::set_param_phys+THDM::get_param_gen+THDM::get_coupling_hhh+2HDMC::DecayTable,issue62-yukawa-order-recompute-v2,off_seed_high_tanbeta,point_5bf7200f7175b361,1,1.00000000000000000e+00,1.25129999999999995e+02,2.20000000000000000e+02,4.00000000000000000e+02,6.50000000000000000e+02,9.97999999999999998e-01,3.00000000000000000e+03,1.57046299347390894e+00,2.50000000000000000e+04,8.33333240740807746e+00,5.00000000000000010e-03,-2.00000000000000004e-03,-2.35454023073978312e+07,2.60406669009623337e-01,1.18208112773366423e+02,-7.88667623345124369e+00,7.73179198460567818e-01,5.00000000000000010e-03,-2.00000000000000004e-03,2.99999999999979582e+03,8.33333240825538901e+00,2.50000000025419358e+04,1,1.00000000000000000e+00,positivity,check_positivity_false,0.00000000000000000e+00,0.00000000000000000e+00,0.00000000000000000e+00,0.00000000000000000e+00,2HDMC-patched:check_stability==check_positivity,0.00000000000000000e+00,0.00000000000000000e+00,0.00000000000000000e+00,nan,0.00000000000000000e+00,-3.90081250449898886e+05,3.90081250449898886e+05,3.90081250449898886e+05,3.90081250449898886e+05,1.67601017706627746e-05,7.48126087374830988e-07,0.00000000000000000e+00,1.80178605004121605e-06,6.29967736287706265e-03,2.50843540889775707e-03,4.27307212253281235e-02,2.25250117908058073e-02,6.93161444327382016e-06,0.00000000000000000e+00,7.40900998747113931e-02,1.24584512845027362e-08,2.26212433226633734e-04,1.00975175987066406e-05,0.00000000000000000e+00,2.43188503334195934e-05,8.50272488973561613e-02,3.38565532120971291e-02,5.76739959827116788e-01,3.04021884555376321e-01,9.35565541819405143e-05,0.00000000000000000e+00,1.00000000000000000e+00,2.66333802672267826e-12
dihiggs.point.v2,DihiggsPointV2Evaluator,c4fc29fc3593d4a537089e22e43504bfb9ed4a87,no,THDM::set_param_phys+THDM::get_param_gen+THDM::get_coupling_hhh+2HDMC::DecayTable,issue62-yukawa-order-recompute-v2,off_seed_high_tanbeta,point_84f8c22aec3c4501,1,1.00000000000000000e+00,1.25129999999999995e+02,2.20000000000000000e+02,4.00000000000000000e+02,6.50000000000000000e+02,9.97999999999999998e-01,3.00000000000000000e+03,1.57046299347390894e+00,3.00000000000000000e+04,9.99999888888969224e+00,5.00000000000000010e-03,-2.00000000000000004e-03,-2.42876756301330291e+07,2.60406659845755117e-01,1.18125637959729133e+02,-7.80420141981398885e+00,8.55654012097823102e-01,5.00000000000000010e-03,-2.00000000000000004e-03,2.99999999999979582e+03,9.99999888881507282e+00,2.99999999997761406e+04,1,1.00000000000000000e+00,positivity,check_positivity_false,0.00000000000000000e+00,0.00000000000000000e+00,0.00000000000000000e+00,0.00000000000000000e+00,2HDMC-patched:check_stability==check_positivity,0.00000000000000000e+00,0.00000000000000000e+00,0.00000000000000000e+00,nan,0.00000000000000000e+00,-4.01548199461432290e+05,4.01548199461432290e+05,4.01548199461432290e+05,4.01548199461432290e+05,1.67601017706627746e-05,7.48126087374830988e-07,0.00000000000000000e+00,1.80178605004121605e-06,6.29967736287706265e-03,2.50843540889775707e-03,4.54646251040480426e-02,2.39621169242360960e-02,6.93161444327382016e-06,0.00000000000000000e+00,7.82611088868615939e-02,1.24584512845027362e-08,2.14156201069065681e-04,9.55935966172370199e-06,0.00000000000000000e+00,2.30227513469809568e-05,8.04956312589974882e-02,3.20521322094232536e-02,5.80935099830672153e-01,3.06181668839844878e-01,8.85703581493399114e-05,0.00000000000000000e+00,1.00000000000000000e+00,2.52139259469561497e-12
dihiggs.point.v2,DihiggsPointV2Evaluator,c4fc29fc3593d4a537089e22e43504bfb9ed4a87,no,THDM::set_param_phys+THDM::get_param_gen+THDM::get_coupling_hhh+2HDMC::DecayTable,issue62-yukawa-order-recompute-v2,off_seed_high_tanbeta,point_0c40ae5bd77c4880,1,1.00000000000000000e+00,1.25129999999999995e+02,2.50000000000000000e+02,4.00000000000000000e+02,6.50000000000000000e+02,9.97999999999999998e-01,3.00000000000000000e+03,1.57046299347390894e+00,1.00000000000000000e+04,3.33333296296323089e+00,5.00000000000000010e-03,-2.00000000000000004e-03,-1.92336480014380999e+07,2.61326325938793569e-01,1.62243286555734784e+02,-8.13410067436300821e+00,5.25754757548801965e-01,5.00000000000000010e-03,-2.00000000000000004e-03,2.99999999999979582e+03,3.33333296384785216e+00,1.00000000026538637e+04,1,1.00000000000000000e+00,positivity,check_positivity_false,0.00000000000000000e+00,0.00000000000000000e+00,0.00000000000000000e+00,0.00000000000000000e+00,2HDMC-patched:check_stability==check_positivity,0.00000000000000000e+00,0.00000000000000000e+00,0.00000000000000000e+00,nan,0.00000000000000000e+00,-3.34160640070942463e+05,3.34160640070942463e+05,3.34160640070942463e+05,3.34160640070942463e+05,1.85988044364169377e-05,8.29702400240870967e-07,0.00000000000000000e+00,2.04766498252885532e-06,1.09315037209682143e-02,4.62822410410889101e-03,4.21465399683594935e-02,2.54530035989891587e-02,1.06802516825141438e-05,0.00000000000000000e+00,8.31914418056096394e-02,1.39896821627072399e-08,2.23566319236010775e-04,9.97341051234099101e-06,0.00000000000000000e+00,2.46138898195028059e-05,1.31401782247162563e-01,5.56334161742681535e-02,5.06621102526889189e-01,3.05956995654243502e-01,1.28381615352577869e-04,0.00000000000000000e+00,1.00000000000000000e+00,2.37196250139631738e-12
dihiggs.point.v2,DihiggsPointV2Evaluator,c4fc29fc3593d4a537089e22e43504bfb9ed4a87,no,THDM::set_param_phys+THDM::get_param_gen+THDM::get_coupling_hhh+2HDMC::DecayTable,issue62-yukawa-order-recompute-v2,off_seed_high_tanbeta,point_3bc53228df9e5561,1,1.00000000000000000e+00,1.25129999999999995e+02,2.50000000000000000e+02,4.00000000000000000e+02,6.50000000000000000e+02,9.97999999999999998e-01,3.00000000000000000e+03,1.57046299347390894e+00,1.50000000000000000e+04,4.99999944444484612e+00,5.00000000000000010e-03,-2.00000000000000004e-03,-1.99759213241732977e+07,2.61326316774925405e-01,1.62160811742097536e+02,-8.05162586072575159e+00,6.08229571186057250e-01,5.00000000000000010e-03,-2.00000000000000004e-03,2.99999999999979582e+03,4.99999944986450462e+00,1.50000000162589768e+04,1,1.00000000000000000e+00,positivity,check_positivity_false,0.00000000000000000e+00,0.00000000000000000e+00,0.00000000000000000e+00,0.00000000000000000e+00,2HDMC-patched:check_stability==check_positivity,0.00000000000000000e+00,0.00000000000000000e+00,0.00000000000000000e+00,nan,0.00000000000000000e+00,-3.45627589082475984e+05,3.45627589082475984e+05,3.45627589082475984e+05,3.45627589082475984e+05,1.85988044364169377e-05,8.29702400240870967e-07,0.00000000000000000e+00,2.04766498252885532e-06,1.09315037209682143e-02,4.62822410410889101e-03,4.54621656625915915e-02,2.74508637901246522e-02,1.06802516825141438e-05,0.00000000000000000e+00,8.85049276909772309e-02,1.39896821765850277e-08,2.10144281472736800e-04,9.37464638283023279e-06,0.00000000000000000e+00,2.31361692049335186e-05,1.23512938840383266e-01,5.22934058572280189e-02,5.13668186039615282e-01,3.10161982008185677e-01,1.20674090823566187e-04,0.00000000000000000e+00,1.00000000000000000e+00,2.22955925221457254e-12
dihiggs.point.v2,DihiggsPointV2Evaluator,c4fc29fc3593d4a537089e22e43504bfb9ed4a87,no,THDM::set_param_phys+THDM::get_param_gen+THDM::get_coupling_hhh+2HDMC::DecayTable,issue62-yukawa-order-recompute-v2,off_seed_high_tanbeta,point_00e3708c4d773feb,1,1.00000000000000000e+00,1.25129999999999995e+02,2.50000000000000000e+02,4.00000000000000000e+02,6.50000000000000000e+02,9.97999999999999998e-01,3.00000000000000000e+03,1.57046299347390894e+00,2.00000000000000000e+04,6.66666592592646179e+00,5.00000000000000010e-03,-2.00000000000000004e-03,-2.07181946469084956e+07,2.61326307611057185e-01,1.62078336928460288e+02,-7.96915104708849853e+00,6.90704384823312534e-01,5.00000000000000010e-03,-2.00000000000000004e-03,2.99999999999979582e+03,6.66666591951025200e+00,1.99999999807513668e+04,1,1.00000000000000000e+00,positivity,check_positivity_false,0.00000000000000000e+00,0.00000000000000000e+00,0.00000000000000000e+00,0.00000000000000000e+00,2HDMC-patched:check_stability==check_positivity,0.00000000000000000e+00,0.00000000000000000e+00,0.00000000000000000e+00,nan,0.00000000000000000e+00,-3.57094538094009331e+05,3.57094538094009331e+05,3.57094538094009331e+05,3.57094538094009331e+05,1.85988044364169377e-05,8.29702400240870967e-07,0.00000000000000000e+00,2.04766498252885532e-06,1.09315037209682143e-02,4.62822410410889101e-03,4.89033197546326764e-02,2.95242013629004527e-02,1.06802516825141438e-05,0.00000000000000000e+00,9.40194193557941094e-02,1.39896821627072399e-08,1.97818754506813007e-04,8.82479817388639438e-06,0.00000000000000000e+00,2.17791706921732282e-05,1.16268572980657764e-01,4.92262570415849809e-02,5.20140627220528784e-01,3.14022375007158294e-01,1.13596231030711585e-04,0.00000000000000000e+00,1.00000000000000000e+00,2.09878960912599366e-12
dihiggs.point.v2,DihiggsPointV2Evaluator,c4fc29fc3593d4a537089e22e43504bfb9ed4a87,no,THDM::set_param_phys+THDM::get_param_gen+THDM::get_coupling_hhh+2HDMC::DecayTable,issue62-yukawa-order-recompute-v2,off_seed_high_tanbeta,point_f593f676a4dc08da,1,1.00000000000000000e+00,1.25129999999999995e+02,2.50000000000000000e+02,4.00000000000000000e+02,6.50000000000000000e+02,9.97999999999999998e-01,3.00000000000000000e+03,1.57046299347390894e+00,2.50000000000000000e+04,8.33333240740807746e+00,5.00000000000000010e-03,-2.00000000000000004e-03,-2.14604679696436934e+07,2.61326298447189020e-01,1.61995862114823012e+02,-7.88667623345124369e+00,7.73179198460567818e-01,5.00000000000000010e-03,-2.00000000000000004e-03,2.99999999999979582e+03,8.33333240279842080e+00,2.49999999861710276e+04,1,1.00000000000000000e+00,positivity,check_positivity_false,0.00000000000000000e+00,0.00000000000000000e+00,0.00000000000000000e+00,0.00000000000000000e+00,2HDMC-patched:check_stability==check_positivity,0.00000000000000000e+00,0.00000000000000000e+00,0.00000000000000000e+00,nan,0.00000000000000000e+00,-3.68561487105542910e+05,3.68561487105542910e+05,3.68561487105542910e+05,3.68561487105542910e+05,1.85988044364169377e-05,8.29702400240870967e-07,0.00000000000000000e+00,2.04766498252885532e-06,1.09315037209682143e-02,4.62822410410889101e-03,5.24700022444827968e-02,3.16730163173165949e-02,1.06802516825141438e-05,0.00000000000000000e+00,9.97349168000603858e-02,1.39896821904628155e-08,1.86482377818614442e-04,8.31907647653813984e-06,0.00000000000000000e+00,2.05310742539027774e-05,1.09605583196933046e-01,4.64052535721981851e-02,5.26094610874042745e-01,3.17571993174785683e-01,1.07086384840777014e-04,0.00000000000000000e+00,1.00000000000000000e+00,1.97851451358387802e-12
dihiggs.point.v2,DihiggsPointV2Evaluator,c4fc29fc3593d4a537089e22e43504bfb9ed4a87,no,THDM::set_param_phys+THDM::get_param_gen+THDM::get_coupling_hhh+2HDMC::DecayTable,issue62-yukawa-order-recompute-v2,off_seed_high_tanbeta,point_4c104ed5b3c94b7a,1,1.00000000000000000e+00,1.25129999999999995e+02,2.50000000000000000e+02,4.00000000000000000e+02,6.50000000000000000e+02,9.97999999999999998e-01,3.00000000000000000e+03,1.57046299347390894e+00,3.00000000000000000e+04,9.99999888888969224e+00,5.00000000000000010e-03,-2.00000000000000004e-03,-2.22027412923788875e+07,2.61326289283320856e-01,1.61913387301185764e+02,-7.80420141981398885e+00,8.55654012097823102e-01,5.00000000000000010e-03,-2.00000000000000004e-03,2.99999999999979582e+03,9.99999888881507282e+00,2.99999999997761406e+04,1,1.00000000000000000e+00,positivity,check_positivity_false,0.00000000000000000e+00,0.00000000000000000e+00,0.00000000000000000e+00,0.00000000000000000e+00,2HDMC-patched:check_stability==check_positivity,0.00000000000000000e+00,0.00000000000000000e+00,0.00000000000000000e+00,nan,0.00000000000000000e+00,-3.80028436117076315e+05,3.80028436117076315e+05,3.80028436117076315e+05,3.80028436117076315e+05,1.85988044364169377e-05,8.29702400240870967e-07,0.00000000000000000e+00,2.04766498252885532e-06,1.09315037209682143e-02,4.62822410410889101e-03,5.61622131321419110e-02,3.38973086533730164e-02,1.06802516825141438e-05,0.00000000000000000e+00,1.05651420023775922e-01,1.39896821904628155e-08,1.76039322824354284e-04,7.85320632750751273e-06,0.00000000000000000e+00,1.93813294896372068e-05,1.03467645948423365e-01,4.38065489613613315e-02,5.31580296029178778e-01,3.20841013265555031e-01,1.01089523265382014e-04,0.00000000000000000e+00,1.00000000000000000e+00,1.86771725695303756e-12
dihiggs.point.v2,DihiggsPointV2Evaluator,c4fc29fc3593d4a537089e22e43504bfb9ed4a87,no,THDM::set_param_phys+THDM::get_param_gen+THDM::get_coupling_hhh+2HDMC::DecayTable,issue62-yukawa-order-recompute-v2,off_seed_high_tanbeta,point_71cdfa41cc878f9d,1,1.00000000000000000e+00,1.25129999999999995e+02,2.80000000000000000e+02,4.00000000000000000e+02,6.50000000000000000e+02,9.97999999999999998e-01,3.00000000000000000e+03,1.57046299347390894e+00,1.00000000000000000e+04,3.33333296296323089e+00,5.00000000000000010e-03,-2.00000000000000004e-03,-1.68825518333323672e+07,2.62363354879027233e-01,2.11620961345036932e+02,-8.13410067436300821e+00,5.25754757548801965e-01,5.00000000000000010e-03,-2.00000000000000004e-03,2.99999999999979582e+03,3.33333296930482037e+00,1.00000000190247702e+04,1,1.00000000000000000e+00,positivity,check_positivity_false,0.00000000000000000e+00,0.00000000000000000e+00,0.00000000000000000e+00,0.00000000000000000e+00,2HDMC-patched:check_stability==check_positivity,0.00000000000000000e+00,0.00000000000000000e+00,0.00000000000000000e+00,nan,0.00000000000000000e+00,-3.09893672895392054e+05,3.09893672895392054e+05,3.09893672895392054e+05,3.09893672895392054e+05,2.04032405723892946e-05,9.09813389615287728e-07,1.43297387494271720e-07,2.29352578009618235e-06,1.72929694483373794e-02,7.55603464518620274e-03,4.59897905675442364e-02,3.04144282631285401e-02,1.61622343775837562e-05,8.17866165182566328e+03,8.17876294497620802e+03,1.55087036546319723e-08,2.49466095418769330e-09,1.11240953642523549e-10,1.75206676679988529e-11,2.80424533089686488e-10,2.11437470002227628e-06,9.23860331448716814e-07,5.62307415888528587e-06,3.71870764169910981e-06,1.97612212095123530e-09,9.99987615101302407e-01,1.00000000000000000e+00,2.41267514081952690e-17
dihiggs.point.v2,DihiggsPointV2Evaluator,c4fc29fc3593d4a537089e22e43504bfb9ed4a87,no,THDM::set_param_phys+THDM::get_param_gen+THDM::get_coupling_hhh+2HDMC::DecayTable,issue62-yukawa-order-recompute-v2,off_seed_high_tanbeta,point_d44565a80c2b3c34,1,1.00000000000000000e+00,1.25129999999999995e+02,2.80000000000000000e+02,4.00000000000000000e+02,6.50000000000000000e+02,9.97999999999999998e-01,3.00000000000000000e+03,1.57046299347390894e+00,1.50000000000000000e+04,4.99999944444484612e+00,5.00000000000000010e-03,-2.00000000000000004e-03,-1.76248251560675651e+07,2.62363345715159013e-01,2.11538486531399656e+02,-8.05162586072575159e+00,6.08229571186057250e-01,5.00000000000000010e-03,-2.00000000000000004e-03,2.99999999999979582e+03,4.99999944440753641e+00,1.49999999998880703e+04,1,1.00000000000000000e+00,positivity,check_positivity_false,0.00000000000000000e+00,0.00000000000000000e+00,0.00000000000000000e+00,0.00000000000000000e+00,2HDMC-patched:check_stability==check_positivity,0.00000000000000000e+00,0.00000000000000000e+00,0.00000000000000000e+00,nan,0.00000000000000000e+00,-3.21360621906925575e+05,3.21360621906925575e+05,3.21360621906925575e+05,3.21360621906925575e+05,2.04032405723892946e-05,9.09813389615287728e-07,1.43297387494271720e-07,2.29352578009618235e-06,1.72929694483373794e-02,7.55603464518620274e-03,5.01273692475635788e-02,3.31460367263618355e-02,1.61622343775837562e-05,8.70953970778873372e+03,8.70964787012642228e+03,1.55087036546319723e-08,2.34260223566227129e-09,1.04460410246422699e-10,1.64527188275628579e-11,2.63331631117124769e-10,1.98549582097931235e-06,8.67547661840951722e-07,5.75538414354241508e-06,3.80566898003428870e-06,1.85567024276828286e-09,9.99987581319095598e-01,1.00000000000000000e+00,2.26561375778256089e-17
dihiggs.point.v2,DihiggsPointV2Evaluator,c4fc29fc3593d4a537089e22e43504bfb9ed4a87,no,THDM::set_param_phys+THDM::get_param_gen+THDM::get_coupling_hhh+2HDMC::DecayTable,issue62-yukawa-order-recompute-v2,off_seed_high_tanbeta,point_d3be0a43416d1726,1,1.00000000000000000e+00,1.25129999999999995e+02,2.80000000000000000e+02,4.00000000000000000e+02,6.50000000000000000e+02,9.97999999999999998e-01,3.00000000000000000e+03,1.57046299347390894e+00,2.00000000000000000e+04,6.66666592592646179e+00,5.00000000000000010e-03,-2.00000000000000004e-03,-1.83670984788027629e+07,2.62363336551290849e-01,2.11456011717762465e+02,-7.96915104708849853e+00,6.90704384823312534e-01,5.00000000000000010e-03,-2.00000000000000004e-03,2.99999999999979582e+03,6.66666592496722021e+00,1.99999999971222751e+04,1,1.00000000000000000e+00,positivity,check_positivity_false,0.00000000000000000e+00,0.00000000000000000e+00,0.00000000000000000e+00,0.00000000000000000e+00,2HDMC-patched:check_stability==check_positivity,0.00000000000000000e+00,0.00000000000000000e+00,0.00000000000000000e+00,nan,0.00000000000000000e+00,-3.32827570918459096e+05,3.32827570918459096e+05,3.32827570918459096e+05,3.32827570918459096e+05,2.04032405723892946e-05,9.09813389615287728e-07,1.43297387494271720e-07,2.29352578009618235e-06,1.72929694483373794e-02,7.55603464518620274e-03,5.44431431544523253e-02,3.59951001747452551e-02,1.61622343775837562e-05,9.25710995977981838e+03,9.25722528695486108e+03,1.55087036546319723e-08,2.20403413981306310e-09,9.82814354639702618e-11,1.54795182198065530e-11,2.47755208391458681e-10,1.86805105334385298e-06,8.16231042344194662e-07,5.88115136737276564e-06,3.88832496336337346e-06,1.74590483396351257e-09,9.99987541928443191e-01,1.00000000000000000e+00,2.13159963469907260e-17
dihiggs.point.v2,DihiggsPointV2Evaluator,c4fc29fc3593d4a537089e22e43504bfb9ed4a87,no,THDM::set_param_phys+THDM::get_param_gen+THDM::get_coupling_hhh+2HDMC::DecayTable,issue62-yukawa-order-recompute-v2,off_seed_high_tanbeta,point_500d1e9b889df56f,1,1.00000000000000000e+00,1.25129999999999995e+02,2.80000000000000000e+02,4.00000000000000000e+02,6.50000000000000000e+02,9.97999999999999998e-01,3.00000000000000000e+03,1.57046299347390894e+00,2.50000000000000000e+04,8.33333240740807746e+00,5.00000000000000010e-03,-2.00000000000000004e-03,-1.91093718015379570e+07,2.62363327387422685e-01,2.11373536904125160e+02,-7.88667623345124369e+00,7.73179198460567818e-01,5.00000000000000010e-03,-2.00000000000000004e-03,2.99999999999979582e+03,8.33333241371235722e+00,2.50000000189128405e+04,1,1.00000000000000000e+00,positivity,check_positivity_false,0.00000000000000000e+00,0.00000000000000000e+00,0.00000000000000000e+00,0.00000000000000000e+00,2HDMC-patched:check_stability==check_positivity,0.00000000000000000e+00,0.00000000000000000e+00,0.00000000000000000e+00,nan,0.00000000000000000e+00,-3.44294519929992501e+05,3.44294519929992501e+05,3.44294519929992501e+05,3.44294519929992501e+05,2.04032405723892946e-05,9.09813389615287728e-07,1.43297387494271720e-07,2.29352578009618235e-06,1.72929694483373794e-02,7.55603464518620274e-03,5.89371122882104762e-02,3.89616186082787780e-02,1.61622343775837562e-05,9.82137240779890453e+03,9.82149519546151532e+03,1.55087036546319723e-08,2.07740676611210600e-09,9.26349167319971739e-11,1.45901804809199537e-11,2.33521040783689851e-10,1.76072676351034723e-06,7.69336490504808772e-07,6.00082890794928522e-06,3.96697425726816342e-06,1.64559815546743618e-09,9.99987498068250602e-01,1.00000000000000000e+00,2.00913380776466948e-17
dihiggs.point.v2,DihiggsPointV2Evaluator,c4fc29fc3593d4a537089e22e43504bfb9ed4a87,no,THDM::set_param_phys+THDM::get_param_gen+THDM::get_coupling_hhh+2HDMC::DecayTable,issue62-yukawa-order-recompute-v2,off_seed_high_tanbeta,point_ad437e38bd826257,1,1.00000000000000000e+00,1.25129999999999995e+02,2.80000000000000000e+02,4.00000000000000000e+02,6.50000000000000000e+02,9.97999999999999998e-01,3.00000000000000000e+03,1.57046299347390894e+00,3.00000000000000000e+04,9.99999888888969224e+00,5.00000000000000010e-03,-2.00000000000000004e-03,-1.98516451242731549e+07,2.62363318223554465e-01,2.11291062090487941e+02,-7.80420141981398885e+00,8.55654012097823102e-01,5.00000000000000010e-03,-2.00000000000000004e-03,2.99999999999979582e+03,9.99999888881507282e+00,2.99999999997761406e+04,1,1.00000000000000000e+00,positivity,check_positivity_false,0.00000000000000000e+00,0.00000000000000000e+00,0.00000000000000000e+00,0.00000000000000000e+00,2HDMC-patched:check_stability==check_positivity,0.00000000000000000e+00,0.00000000000000000e+00,0.00000000000000000e+00,nan,0.00000000000000000e+00,-3.55761468941526022e+05,3.55761468941526022e+05,3.55761468941526022e+05,3.55761468941526022e+05,2.04032405723892946e-05,9.09813389615287728e-07,1.43297387494271720e-07,2.29352578009618235e-06,1.72929694483373794e-02,7.55603464518620274e-03,6.36092766488380590e-02,4.20455920269624805e-02,1.61622343775837562e-05,1.04023270518460085e+04,1.04024575956463977e+04,1.55087036546319723e-08,1.96138656512557086e-09,8.74613889314059651e-11,1.37753397383945183e-11,2.20479224164880143e-10,1.66239268839459401e-06,7.26370146257412213e-07,6.11483162166021276e-06,4.04189025914023110e-06,1.55369384868705656e-09,9.99987450676997347e-01,1.00000000000000000e+00,1.89692655399609266e-17
